"disciplina","tempo","atleta","categoria","anno","società","luogo","data"
"110Hs_h106-9.14","14.15","ABATE Emanuele","SM",1985,"G.S. FIAMME ORO PADOVA","Pescara","2018-09-08"
"3000st_h91","8:22.35","ABDELWAHED Ahmed","SM",1996,"G.A. FIAMME GIALLE","Monaco","2022-08-19"
"5000m","14:26.45","ABDIKADAR SHEIK ALI Mohad","SM",1993,"C.S. AERONAUTICA MILITARE","Camerino","2025-09-06"
"400m","53.07","ACCAME Ilaria elvira","SF",2001,"C.S. AERONAUTICA MILITARE","Roma","2026-06-03"
"400m","46.45","ACETI Vladimir","SM",1998,"G.A. FIAMME GIALLE","Meda","2026-06-11"
"Marcia_10000m","43:00.93","ADRAGNA Andrea","SM",1989,"G.S. FIAMME ORO PADOVA","Rieti","2013-09-28"
"5000m","14:47.64","AGNELLO Vincenzo","PM",1991,"C.S. ESERCITO","Palermo","2012-05-20"
"lungo",NULL,"AGRESTI Francesco","SM35",1977,"G.S. FIAMME ORO PADOVA","Firenze","2013-10-15"
"Marcia_5000m","19:35.77","AGRUSTI Andrea","SM",1995,"G.A. FIAMME GIALLE","Ceprano","2025-04-27"
"100m","12.29","AITA Giuseppe","SM",1988,"G.S. FIAMME ORO PADOVA","Bari","2012-07-12"
"peso_7kg",NULL,"ALBERTAZZI Eduardo","SM",1991,"G.A. FIAMME GIALLE","Milano","2014-05-23"
"triplo",NULL,"ALESIANI Vanessa","SF",1986,"C.S. ESERCITO","Borgo Valsugana","2010-09-25"
"1500m","3:48.24","ALESSANDRONI Stefano","SM",1981,"G.A. FIAMME GIALLE","Rovereto","2005-05-01"
"60m","6.70","ALI Chituru","SM",1999,"G.A. FIAMME GIALLE","Val-de-reuil","2023-02-04"
"100m","10.32","ALI Chituru armah","SM",1999,"G.A. FIAMME GIALLE","Addis Abeba","2026-04-18"
"triplo",NULL,"ALLEGRETTI Matteo","PM",1984,"G.A. FIAMME GIALLE","Pietrasanta","2005-10-09"
"100m","11.58","ALLOH Audrey","SF",1987,"G.S. FIAMME AZZURRE","Orvieto","2012-07-27"
"60m","7.60","ALLOH Batafoe' n'gnoron je","SF35",1987,"G.S. FIAMME AZZURRE","Ancona","2022-01-30"
"110Hs_h106-9.14","13.7","ALTERIO Andrea","SM35",1973,"G.A. FIAMME GIALLE","Orvieto","2010-09-25"
"lungo",NULL,"AMATO Serena","SF",1987,"C.S. ESERCITO","Reggio Emilia","2011-09-03"
"200m","24.70","AMIDEI Martina","SF",1991,"C.S. AERONAUTICA MILITARE","Orvieto","2016-09-25"
"100m","10.84","ANCESCHI Stefano","SM",1984,"G.A. FIAMME GIALLE","Mondovi","2011-06-12"
"Marcia_10km","42:25","ANDREI Aldo","SM",2001,"G.S. FIAMME ORO PADOVA","Madrid","2026-05-31"
"disco_2kg",NULL,"ANDREI Cristiano","SM35",1973,"G.A. FIAMME GIALLE","Ostia","2009-09-12"
"disco_1kg",NULL,"ANDREUTTI Giada","SF",1995,"C.S. AERONAUTICA MILITARE","Codroipo","2020-07-12"
"disco_2kg",NULL,"ANESA Giulio","PM",1996,"G.A. FIAMME GIALLE","Pescara","2018-09-09"
"100m","11.72","ANGELINI Ilenia","SF",2003,"C.S. ESERCITO","Foligno","2026-06-03"
"lungo",NULL,"ANGIOI Anastassia","SF",1995,"C.S. CARABINIERI SEZ. ATLETICA","Ancona","2018-02-17"
"800m","1:54.98","ANGIUS Maurizio","SM",1983,"G.A. FIAMME GIALLE","Marano","2010-09-10"
"disco_1kg",NULL,"ANIBALLI Valentina","SF35",1984,"C.S. ESERCITO","Caorle","2021-09-19"
"Marcia_5000m","19:31.9","ANTONELLI Michele","SM",1994,"C.S. AERONAUTICA MILITARE","Catania","2026-03-01"
"10000m","27:50.05","AOUANI Iliass","SM",1995,"G.S. FIAMME AZZURRE","La Spezia","2026-05-23"
"peso_7kg",NULL,"APOLITO Aldo","SM",1984,"C.S. CARABINIERI SEZ. ATLETICA","Molfetta","2008-09-28"
"disco_2kg",NULL,"APOLLONI Federico","SM",1987,"C.S. AERONAUTICA MILITARE","Firenze","2019-06-15"
"1500m","4:10.71","APRILE Giulia","SF",1995,"C.S. ESERCITO","Oordegem","2025-08-09"
"Marcia_5000m","20:58.69","ARAGONA Pasquale","SM",1980,"C.S. ESERCITO","Pisa","2008-05-31"
"triplo",NULL,"ARCIELLO Antonio","SM",1982,"C.S. ESERCITO","Cesenatico","2005-06-12"
"100m","14.85","ARCIONI Giulia","SF",1986,"C.S. CARABINIERI SEZ. ATLETICA","Roma","2017-06-18"
"1500m","3:41.96","ARESE Pietro","SM",1999,"G.A. FIAMME GIALLE","Marsiglia","2026-06-10"
"3000m","9:29.17","ARTUSO Cristiana","SF",1978,"C.S. ESERCITO","Velletri","2010-07-17"
"60m","6.84","ARTUSO Nicholas","SM",1998,"G.A. FIAMME GIALLE","Ancona","2024-02-18"
"200m","22.34","ATTENE Alessandro","SM",1977,"G.S. FIAMME AZZURRE","Rieti","2008-09-11"
"1500m","4:06.87","AUCIELLO Giovanni","SM",1980,"C.S. ESERCITO","Molfetta","2006-07-13"
"100m","10.41","AWUAH BAFFOUR Stephen","SM",2003,"G.A. FIAMME GIALLE","Trieste","2026-05-30"
"3000m","9:39.00","BADO Aurora","PF",2002,"C.S. CARABINIERI SEZ. ATLETICA","Ancona","2024-02-04"
"400m","49.16","BAGATTINI Fabio","SM",1978,"C.S. CARABINIERI SEZ. ATLETICA","Milano","2005-09-10"
"martello_4kg",NULL,"BALASSINI Ester","SF",1977,"G.A. FIAMME GIALLE","Bologna","2010-07-15"
"800m","2:08.02","BALDESSARI Irene","SF",1993,"C.S. ESERCITO","Mezzolombardo","2021-06-12"
"800m","1:54.52","BALDI Lorenzo","SM",1982,"C.S. ESERCITO","Bressanone","2005-06-25"
"Marcia_5000m","23:54.64","BALLONI Francesca","SF",1981,"C.S. ESERCITO","Firenze","2008-05-17"
"60m","6.65","BANDAOGO Yassin","PM",2004,"G.S. FIAMME ORO PADOVA","Ancona","2026-03-01"
"giavellotto_600g",NULL,"BANI Zahra","SF40",1979,"G.S. FIAMME AZZURRE","Rovereto","2021-06-27"
"disco_1kg",NULL,"BARATELLA Giorgia","SF35",1975,"G.S. FIAMME ORO PADOVA","Donnas","2012-07-14"
"400m","47.10","BARBERI Andrea","SM",1979,"G.A. FIAMME GIALLE","Torino","2013-06-08"
"100m","10.7","BARONE Gaetano","SM",1981,"C.S. ESERCITO","Molfetta","2005-09-10"
"400m","46.71","BARONTINI Simone","SM",1999,"G.S. FIAMME AZZURRE","Roma","2026-06-05"
"1500m","3:51.5","BARTOLETTI STELLA Marco","SM",1978,"C.S. AERONAUTICA MILITARE","Bologna","2005-07-21"
"800m","1:57.79","BARTOLI Luca","SM",1979,"G.S. FIAMME ORO PADOVA","Rieti","2010-05-30"
"100m","10.70","BASCIANI Francesco","SM",1991,"G.A. FIAMME GIALLE","Agropoli","2016-09-25"
"lungo",NULL,"BATTISTELLA Arianna","SF",2002,"C.S. CARABINIERI SEZ. ATLETICA","Lahti","2026-06-10"
"5000m","14:40.05","BATTOCLETTI Nadia","SF",2000,"G.S. FIAMME AZZURRE","Roma","2026-06-04"
"giavellotto_800g",NULL,"BAUDONE Alessandro","SM",1980,"C.S. AERONAUTICA MILITARE","Sasso Marconi","2010-06-17"
"400m","55.33","BAZZONI Chiara","SF35",1984,"C.S. ESERCITO","Ancona","2020-02-22"
"alto",NULL,"BEDIN Alberto","SM",1985,"C.S. AERONAUTICA MILITARE","Comacchio","2010-09-26"
"100m","12.03","BELLANOVA RIVOIR Daniela","SF",1976,"G.S. FIAMME AZZURRE","Milano","2009-08-01"
"400m","54.89","BELLINAZZI Giorgia","SF",2000,"C.S. ESERCITO","Roma","2026-06-10"
"800m","1:58.50","BELLINO Giovanni","SM",1988,"G.A. FIAMME GIALLE","Jesolo","2015-09-27"
"800m","2:02.00","BELLO' Elena","SF",1997,"G.S. FIAMME AZZURRE","Padova","2026-02-08"
"Marcia_10000m","44:48.55","BELLU Antonio","PM",1983,"C.S. ESERCITO","Grosseto","2005-06-03"
"400m","45.67","BENATI Lorenzo","SM",2002,"G.S. FIAMME AZZURRE","Roma","2026-06-05"
"400Hs_h91","52.58","BENCOSME DE LEON Jose reynaldo","SM",1992,"G.A. FIAMME GIALLE","Modena","2024-09-22"
"asta",NULL,"BENECCHI Giorgia","SF",1989,"C.S. ESERCITO","Novo Mesto","2015-09-18"
"disco_1kg",NULL,"BENEDETTI Benedetta","SF",2003,"C.S. ESERCITO","Rieti","2026-06-07"
"800m","1:52.87","BENEDETTI Giordano","SM",1989,"G.A. FIAMME GIALLE","Ancona","2021-01-24"
"100m","10.99","BERDINI Alessandro","SM",1988,"C.S. AERONAUTICA MILITARE","Bari","2014-09-17"
"100m","11.39","BERDINI Giorgio","SM",1979,"C.S. AERONAUTICA MILITARE","Macerata","2012-09-08"
"1500m","4:29.97","BERLANDA Eleonora","SF35",1976,"G.S. FIAMME ORO PADOVA","Cles","2015-08-28"
"alto",NULL,"BERNASCONI Ivan","SM",1974,"G.S. FIAMME ORO PADOVA","Busto Arsizio","2006-09-24"
"400Hs_h91","51.12","BERRINO Riccardo","SM",2002,"C.S. AERONAUTICA MILITARE","Roma","2026-06-10"
"asta",NULL,"BERTELLI Simone","PM",2004,"G.A. FIAMME GIALLE","Sion","2026-05-23"
"60m","7.35","BERTELLO Gaya","SF",2003,"G.A. FIAMME GIALLE","Ancona","2026-03-01"
"100m","12.09","BERTI Alessia","SF",1983,"C.S. ESERCITO","Alba","2007-10-20"
"400m","47.86","BERTOLDO Michele","SM",2001,"C.S. CARABINIERI SEZ. ATLETICA","Roma","2026-06-10"
"giavellotto_800g",NULL,"BERTOLINI Roberto","SM35",1985,"G.S. FIAMME ORO PADOVA","Padova","2023-09-03"
"1000m","3:05.45","BERTOLI Sara","SF",1979,"G.S. FIAMME AZZURRE","Ancona","2008-01-27"
"200m","24.32","BERTON Aurora","SF",2000,"G.A. FIAMME GIALLE","Mondovì","2026-06-02"
"3000m","9:57.88","BERTONI Francesca","SF",1993,"C.S. AERONAUTICA MILITARE","Trento","2021-07-20"
"100Hs_h84-8.50","13.24","BESANA Veronica","SF",2002,"G.A. FIAMME GIALLE","Trieste","2026-05-30"
"alto",NULL,"BETTINELLI Andrea","SM35",1978,"G.A. FIAMME GIALLE","Rovereto","2014-07-20"
"60Hs_h84-8.50","8.72","BETTINI Elisa","SF",1982,"G.S. FIAMME AZZURRE","Ancona","2013-02-16"
"giavellotto_800g",NULL,"BETTIN Juliano","SM",1985,"C.S. CARABINIERI SEZ. ATLETICA","Vedelago","2010-09-12"
"5000m","17:02.47","BEVILACQUA Federica","PF",1991,"G.A. FIAMME GIALLE","Campi Bisenzio","2012-09-23"
"peso_7kg",NULL,"BIANCHETTI Sebastiano","SM",1996,"G.S. FIAMME ORO PADOVA","Modena","2024-09-22"
"lungo",NULL,"BIASUTTI Simone","SM",1999,"G.A. FIAMME GIALLE","Pordenone","2026-05-17"
"800m","1:51.38","BOBBATO Maurizio","SM",1979,"C.S. CARABINIERI SEZ. ATLETICA","Trento","2013-07-30"
"triplo",NULL,"BOCCHI Tobia","SM",1997,"C.S. CARABINIERI SEZ. ATLETICA","La Spezia","2024-06-29"
"60m","8.01","BOGLIOLO Luminosa","SF",1995,"G.S. FIAMME ORO PADOVA","Bergamo","2025-01-19"
"10000m","30:06.92","BONA Francesco","SM35",1983,"C.S. AERONAUTICA MILITARE","Vittorio Veneto","2020-09-27"
"asta",NULL,"BONANNI Federico","PM",2004,"C.S. AERONAUTICA MILITARE","Modena","2026-05-01"
"200m","23.49","BONGIORNI Anna","SF",1993,"C.S. CARABINIERI SEZ. ATLETICA","Parigi","2024-08-04"
"asta",NULL,"BONI Marco","SM",1984,"C.S. AERONAUTICA MILITARE","Modena","2017-09-23"
"triplo",NULL,"BONI Michele","SM",1981,"C.S. AERONAUTICA MILITARE","Olgiate Olona","2015-07-11"
"400m","52.08","BONORA Alessandra","SF",2000,"G.A. FIAMME GIALLE","Roma","2026-06-03"
"200m","22.33","BONTUMASI Stefano","SM",1982,"C.S. ESERCITO","Cataniaa","2005-09-25"
"disco_1kg",NULL,"BORDIGNON Laura","SF35",1981,"G.S. FIAMME AZZURRE","Nembro","2017-07-07"
"400m","52.90","BORGA Rebecca","SF",1998,"G.A. FIAMME GIALLE","Roma","2026-06-10"
"100Hs_h84-8.50","13.68","BORSI Veronica","SF",1987,"G.A. FIAMME GIALLE","Padova","2017-07-16"
"400Hs_h91","53.27","BORTOLASO Luca","SM",1981,"G.A. FIAMME GIALLE","Cagliari","2008-07-19"
"martello_7kg",NULL,"BORTOLATO Marco","SM",1994,"G.S. FIAMME ORO PADOVA","Rieti","2018-02-24"
"1500m","4:22.10","BORTOLI Elisa","SF",1994,"C.S. ESERCITO","Lignano Sabbiadoro","2024-07-14"
"800m","1:58.20","BORTOLOTTI Fabio","SM",1985,"C.S. AERONAUTICA MILITARE","Tarvisio","2011-08-07"
"Marcia_10000m","48:26.13","BOTTERO Giuseppina","SF",1981,"C.S. ESERCITO","Molfetta","2008-03-30"
"3000st_h91","8:28.90","BOUIH Yassin","SM",1996,"G.A. FIAMME GIALLE","Lucca","2026-06-07"
"100m","11.03","BRACCIALI Alessandro","SM",1976,"G.S. FIAMME ORO PADOVA","Quarrata","2009-06-09"
"alto",NULL,"BRAMBILLA Elena","SF",1983,"G.S. FIAMME AZZURRE","Jesolo","2015-09-26"
"asta",NULL,"BRESCIANI Maria carla","SF35",1973,"G.S. FIAMME ORO PADOVA","Pordenone","2009-07-17"
"asta",NULL,"BRESSAN Davide","SM35",1975,"G.S. FIAMME ORO PADOVA","Brugnera","2014-09-06"
"Marcia_10000m","39:49.64","BRIGANTE Emiliano","PM",2003,"C.S. AERONAUTICA MILITARE","Bergen","2025-07-20"
"10000m","35:26.01","BROGIATO Sara","SF",1990,"C.S. AERONAUTICA MILITARE","Vittorio Veneto","2020-09-27"
"Marcia_10000m","40:52.95","BRUGNETTI Ivano","SM",1976,"G.A. FIAMME GIALLE","Borgo Valsugana","2010-09-25"
"asta",NULL,"BRUNI Roberta","SF",1994,"C.S. CARABINIERI SEZ. ATLETICA","Caen","2026-01-30"
"asta",NULL,"BRUZZESE Sara","SF",1982,"C.S. ESERCITO","Orvieto","2010-09-26"
"asta",NULL,"BUSATTA Giulia","PF",2005,"G.S. FIAMME ORO PADOVA","Pordenone","2026-06-04"
"triplo",NULL,"BUSCELLA Fabio","SM",1988,"C.S. AERONAUTICA MILITARE","Torino","2014-06-18"
"5000m","14:43.21","BUSSOLOTTO Doriano","SM",1980,"C.S. ESERCITO","Recanati","2005-08-12"
"1500m","3:35.30","BUSSOTTI NEVES JUNIOR Joao capistrano mari","SM",1993,"C.S. ESERCITO","Savona","2026-05-20"
"10000m","29:37.04","BUTTAZZO Giammarco","SM35",1977,"C.S. ESERCITO","Pravets","2013-06-08"
"1500m","3:50.3","CADONI Davide","SM",1973,"G.S. FIAMME ORO PADOVA","Cagliari","2005-06-29"
"5000m","16:30.22","CAFAGNA Diego","SM40",1975,"C.S. CARABINIERI SEZ. ATLETICA","Trieste","2015-05-31"
"400m","56.35","CALCAGNO Clelia","SF",1991,"C.S. ESERCITO","Orvieto","2014-07-11"
"3000m","8:13.09","CALIANDRO Cosimo","SM",1982,"G.A. FIAMME GIALLE","Isernia","2010-09-05"
"100m","12.25","CALI' Vincenza","SF",1983,"G.S. FIAMME AZZURRE","Palermo","2016-06-10"
"disco_2kg",NULL,"CALVI Michele","SM",1990,"C.S. ESERCITO","Ravenna","2017-09-24"
"triplo",NULL,"CAMOSSI Paolo","SM35",1974,"G.S. FIAMME AZZURRE","Gorizia","2009-09-16"
"alto",NULL,"CAMPIOLI Filippo","SM",1982,"C.S. ESERCITO","Cagliari","2013-06-01"
"800m","2:09.62","CANALI Lorenza","SF",1984,"G.S. FIAMME AZZURRE","Padova","2015-02-22"
"lungo",NULL,"CANELLA Valeria","SF",1982,"G.S. FIAMME AZZURRE","Ancona","2013-02-16"
"alto",NULL,"CANEVA Marina","SF",1984,"G.S. FIAMME AZZURRE","Ravenna","2009-09-03"
"1500m","4:00.98","CANNATA Lorenzo","SM",1980,"C.S. AERONAUTICA MILITARE","Catania","2010-07-28"
"400Hs_h91","51.55","CAPOTOSTI Leonardo","SM",1988,"G.A. FIAMME GIALLE","Pescara","2018-09-09"
"100m","12.38","CAPPABIANCA Alessia","SF",2002,"C.S. ESERCITO","Colleferro","2026-05-30"
"400m","47.95","CAPPELLIN Francesco","SM",1990,"C.S. AERONAUTICA MILITARE","Bressanone","2019-07-27"
"peso_7kg",NULL,"CAPPONI Paolo","SM35",1976,"G.S. FIAMME ORO PADOVA","Terni","2012-09-15"
"400Hs_h91","51.55","CARABELLI Gianni","SM",1979,"C.S. CARABINIERI SEZ. ATLETICA","Milano","2010-09-12"
"100Hs_h84-8.50","14.05","CARAVELLI Marzia","SF35",1981,"C.S. AERONAUTICA MILITARE","Brugnera","2019-07-20"
"800m","1:59.6","CARBONETTI Marco","PM",1983,"C.S. ESERCITO","Valmontone","2005-10-08"
"asta",NULL,"CARGNELLI Giulia","SF",1988,"C.S. CARABINIERI SEZ. ATLETICA","Modena","2017-09-24"
"peso_4kg",NULL,"CARINI Elena","SF",1987,"C.S. ESERCITO","Bressanone","2012-07-08"
"giavellotto_600g",NULL,"CARLI Silvia","SF",1985,"G.S. FIAMME ORO PADOVA","Rovigo","2015-02-14"
"lungo",NULL,"CARLOTTO Francesca","SF35",1977,"G.S. FIAMME AZZURRE","Modena","2012-09-23"
"100Hs_h84-8.50","12.90","CARMASSI Giada","SF",1994,"C.S. ESERCITO","Roma","2026-06-04"
"asta",NULL,"CARNE Tatiane","SF",1990,"G.S. FIAMME AZZURRE","Agropoli","2017-09-24"
"alto",NULL,"CAROLLO Giuseppe","SM",1991,"G.S. FIAMME ORO PADOVA","Ancona","2014-02-23"
"1500m","3:50.71","CAROZZA Fabiano","SM",1988,"C.S. AERONAUTICA MILITARE","Pescara","2018-09-09"
"100Hs_h84-8.50","13.00","CARRARO Elena","SF",2001,"G.A. FIAMME GIALLE","Turku","2026-06-03"
"800m","1:55.50","CARUANA Paolo","SM",1979,"C.S. AERONAUTICA MILITARE","Comacchio","2009-09-27"
"1500m","4:02.15","CASAGRANDE Mauro","SM",1975,"G.S. FIAMME ORO PADOVA","Ponzano Veneto","2005-07-01"
"5000m","18:09.27","CASCAVILLA Maria chiara","SF",1995,"C.S. AERONAUTICA MILITARE","Bergamo","2023-06-11"
"400Hs_h91","51.25","CASCELLA Nicola","SM",1985,"C.S. AERONAUTICA MILITARE","Acquaviva Delle Fonti","2010-06-13"
"asta",NULL,"CASIEAN Franco luigi","SM",1986,"C.S. CARABINIERI SEZ. ATLETICA","Ancona","2012-01-29"
"100m","10.57","CASSANO Luca antonio","SM",1995,"C.S. AERONAUTICA MILITARE","Trieste","2026-05-30"
"100m","11.31","CASULA Daniele","PM",1985,"C.S. ESERCITO","Genova","2005-09-24"
"lungo",NULL,"CATANIA Emanuele","SM",1988,"G.A. FIAMME GIALLE","Roma","2017-05-07"
"asta",NULL,"CATASTA Lorenzo","SM",1988,"G.A. FIAMME GIALLE","Foggia","2014-09-27"
"100m","10.88","CATTANEO Federico","SM",1993,"C.S. AERONAUTICA MILITARE","Mariano Comense","2022-05-29"
"100Hs_h84-8.50","13.63","CATTANEO Micol","SF35",1982,"C.S. CARABINIERI SEZ. ATLETICA","Pescara","2018-09-08"
"5000m","14:23.84","CAVAGNA Nadir","SM",1995,"G.S. FIAMME AZZURRE","Brescia","2024-06-15"
"200m","21.59","CAVALLARO Alessandro","SM",1980,"G.A. FIAMME GIALLE","Borgo Valsugana","2010-09-26"
"400Hs_h76","1:00.34","CAVALLERI Valentina","SF",1995,"C.S. ESERCITO","Grosseto","2022-06-16"
"1500m","4:05.15","CAVALLI Ludovica","SF",2000,"G.S. FIAMME ORO PADOVA","Stoccolma","2026-06-07"
"400m","1:04.07","CAVRARO Elisa","PF",2005,"G.S. FIAMME ORO PADOVA","Abano Terme","2026-06-10"
"400Hs_h76","1:00.64","CECCARELLI Benedetta","SF",1980,"C.S. CARABINIERI SEZ. ATLETICA","Modena","2012-09-23"
"800m","1:51.23","CECCARELLI Dario","SM",1987,"G.S. FIAMME ORO PADOVA","Rieti","2013-09-29"
"100m","10.32","CECCARELLI Samuele","SM",2000,"G.S. FIAMME ORO PADOVA","Foligno","2026-06-03"
"110Hs_h106-9.14","14.38","CEGLIE Luca","SM",1979,"C.S. AERONAUTICA MILITARE","Rieti","2010-05-30"
"alto",NULL,"CELEBRIN Federico","PM",2004,"C.S. CARABINIERI SEZ. ATLETICA","Marsiglia","2026-06-10"
"10000m","35:34.80","CELI Martina","SF",1987,"C.S. ESERCITO","Grosseto","2010-06-30"
"1500m","4:31.87","CERTO Annamaria","SF",1979,"C.S. ESERCITO","Bressanone","2005-06-26"
"100m","10.78","CERUTTI Fabio","SM",1985,"G.A. FIAMME GIALLE","Boissano","2017-07-27"
"3000m","8:28.35","CESARI Fabio","SM",1977,"C.S. CARABINIERI SEZ. ATLETICA","Sassari","2009-09-11"
"3000m","9:42.16","CESARO' Michela","SF",1999,"C.S. CARABINIERI SEZ. ATLETICA","Foligno","2023-07-14"
"triplo",NULL,"CESTONARO Ottavia","SF",1995,"C.S. CARABINIERI SEZ. ATLETICA","Lucca","2026-06-07"
"100m","10.68","CHECCUCCI Maurizio","SM40",1974,"G.S. FIAMME ORO PADOVA","Rovereto","2014-07-19"
"alto",NULL,"CHESANI Silvano","SM",1988,"G.S. FIAMME ORO PADOVA","Lignano","2022-07-30"
"100Hs_h84-8.50","14.89","CHIANI Cristina","SF",1984,"C.S. ESERCITO","Caorle","2007-09-29"
"10000m","28:32.67","CHIAPPINELLI Yohanes","SM",1997,"C.S. CARABINIERI SEZ. ATLETICA","Pacè","2025-05-24"
"3000m","8:20.2","CHIARELLI Berardino","SM35",1980,"G.S. FIAMME AZZURRE","Cosenza","2016-07-09"
"triplo",NULL,"CHIARI Andrea","SM",1991,"G.A. FIAMME GIALLE","Sestriere","2017-07-23"
"400m","48.81","CHIAVARINI Marco","SM",1972,"C.S. CARABINIERI SEZ. ATLETICA","Sestriere","2005-07-24"
"Marcia_10000m","42:26.15","CHIESA Stefano","SM",1996,"C.S. CARABINIERI SEZ. ATLETICA","Busto Arsizio","2026-05-16"
"800m","2:09.92","CHIGBOLU Maria benedicta","SF35",1989,"C.S. ESERCITO","Rieti","2024-07-14"
"lungo",NULL,"CHILA' Gabriele","SM",1997,"G.A. FIAMME GIALLE","Roma","2026-06-04"
"3000st_h91","9:09.24","CIALLELLA Stefano","SM",1974,"G.S. FIAMME AZZURRE","Rieti","2007-06-23"
"alto",NULL,"CIOTTI Giulio","SM40",1976,"G.S. FIAMME AZZURRE","Ancona","2016-03-06"
"alto",NULL,"CIOTTI Nicola","SM35",1976,"C.S. CARABINIERI SEZ. ATLETICA","Modena","2015-09-05"
"200m","22.67","CIPOLLONE Marco","PM",1983,"C.S. ESERCITO","San Giorgio Su Legnano","2005-10-09"
"peso_4kg",NULL,"CIPOLLONI Enrica","SF",1990,"G.S. FIAMME ORO PADOVA","Ancona","2024-05-25"
"400Hs_h91","54.49","CITTERIO Claudio","SM",1979,"G.S. FIAMME ORO PADOVA","Sulmona","2011-09-25"
"Marcia_5000m","19:21.51","CIVALLERO Lorenzo","SM",1975,"C.S. CARABINIERI SEZ. ATLETICA","Genova","2008-02-23"
"martello_4kg",NULL,"CLARETTI Clarissa","SF",1980,"C.S. AERONAUTICA MILITARE","Borgo Valsugana","2010-09-25"
"Marcia_5000m","24:02.14","CLEMENTE Anna","PF",1994,"G.A. FIAMME GIALLE","Rieti","2015-05-09"
"110Hs_h106-9.14","14.44","COCCHI Andrea","SM",1982,"C.S. AERONAUTICA MILITARE","Rovereto","2014-07-19"
"800m","1:58.42","COIRO Eloisa","SF",2000,"G.S. FIAMME AZZURRE","Rabat","2026-05-31"
"asta",NULL,"COLELLA Luigi robert","SM",1996,"G.A. FIAMME GIALLE","Foggia","2020-09-19"
"3000st_h76","11:26.72","COLI' Lucia","PF",1990,"C.S. ESERCITO","Modena","2010-06-12"
"3000st_h76","10:13.91","COLLI Gaia","SF",1999,"C.S. CARABINIERI SEZ. ATLETICA","Karlsruhe","2026-05-30"
"100m","10.82","COLLIO Simone","SM35",1979,"G.A. FIAMME GIALLE","Latina","2014-07-08"
"Marcia_5000m","22:53.97","COLOMBI Nicole","SF",1995,"C.S. CARABINIERI SEZ. ATLETICA","Gallarate","2025-05-10"
"3000st_h91","9:09.86","COLOMBINI Simone","SM",1996,"C.S. AERONAUTICA MILITARE","Bressanone","2019-07-28"
"5000m","15:04.24","COMINOTTO Manuel","SM",1990,"C.S. ESERCITO","Arezzo","2019-05-12"
"10000m","34:56.52","CONSOLE Rosaria","SF35",1979,"G.A. FIAMME GIALLE","Ferrara","2018-05-12"
"disco_1kg",NULL,"CONTE Emily","SF",2002,"G.S. FIAMME ORO PADOVA","San Felice Sul Panaro","2026-06-11"
"400Hs_h91","52.04","CONTINI Mattia","SM",1994,"C.S. AERONAUTICA MILITARE","Caorle","2025-08-02"
"60m","6.89","CORSA Daniele","SM",1996,"G.S. FIAMME ORO PADOVA","Ancona","2020-02-23"
"Marcia_10000m","43:10.48","CORSARO Alfio alfredo","SM",1979,"G.A. FIAMME GIALLE","Roma","2005-05-14"
"1000m","3:06.11","CORSINI Claudia","SF",1977,"G.S. FIAMME AZZURRE","Ancona","2008-01-27"
"5000m","14:44.56","CORSINI Emanuele","PM",1984,"C.S. ESERCITO","Orvieto","2006-09-24"
"Marcia_10000m","41:03.80","COSI Andrea","SM",2001,"C.S. CARABINIERI SEZ. ATLETICA","Brescia","2025-06-14"
"martello_7kg",NULL,"COSTA Davide","SM",2002,"G.S. FIAMME AZZURRE","Lucca","2026-06-07"
"200m","21.92","COSTA Francesco","SM",1985,"G.S. FIAMME ORO PADOVA","Santhia","2009-10-11"
"3000m","9:20.08","COSTANZA Valentina","SF",1987,"C.S. ESERCITO","Nembro","2017-07-07"
"800m","1:52.53","CRESPI Merihun","SM",1988,"C.S. ESERCITO","Brugnera","2017-09-02"
"10000m","28:16.96","CRIPPA Nekagenet","SM",1994,"C.S. ESERCITO","Londra","2023-05-20"
"5000m","13:48.03","CRIPPA Yemaneberhan","SM",1996,"G.S. FIAMME ORO PADOVA","Madrid","2025-06-29"
"giavellotto_800g",NULL,"CRIVELLARO Daniele","SM",1982,"C.S. AERONAUTICA MILITARE","Nembro","2011-07-01"
"lungo",NULL,"CROSIO Lorenzo","PM",1990,"G.S. FIAMME ORO PADOVA","Modena","2012-09-23"
"triplo",NULL,"CUCCHI Silvia","SF35",1978,"G.S. FIAMME ORO PADOVA","Rovereto","2014-07-20"
"400m","48.38","CUCUZZA Antonino","SM",1985,"G.A. FIAMME GIALLE","Cagliari","2008-07-19"
"triplo",NULL,"CUNEO Benedetta","PF",1996,"G.A. FIAMME GIALLE","Pescara","2018-09-09"
"200m","22.04","CUNEO Marco","SM",1980,"C.S. CARABINIERI SEZ. ATLETICA","Firenze","2010-06-13"
"3000st_h76","10:03.77","CURTABBI Eleonora","SF",1997,"G.A. FIAMME GIALLE","Los Angeles","2026-05-23"
"5000m","14:20.12","CURZI Denis","SM35",1975,"C.S. CARABINIERI SEZ. ATLETICA","Ponzano Veneto","2012-06-29"
"800m","2:08.43","CUSMA PICCIONE Elisa","SF",1981,"C.S. ESERCITO","Padova","2015-02-22"
"lungo",NULL,"DACASTELLO Stefano","SM",1980,"G.A. FIAMME GIALLE","Bressanone","2012-07-07"
"lungo",NULL,"D'AGOSTINIS Marco","SM",1981,"C.S. ESERCITO","Formia","2005-07-16"
"triplo",NULL,"DALLAVALLE Andrea","SM",1999,"G.A. FIAMME GIALLE","Torun","2026-03-20"
"110Hs_h106-9.14","13.77","DAL MOLIN Paolo","SM35",1987,"G.S. FIAMME ORO PADOVA","Palermo","2023-06-10"
"5000m","16:48.11","DAL RI Federica","SF35",1980,"C.S. ESERCITO","Modena","2017-09-24"
"3000m","9:27.95","D'AMBROSIO Domenico","SM35",1975,"C.S. CARABINIERI SEZ. ATLETICA","Rovereto","2010-05-02"
"200m","26.47","DANIELE Irene","SF",1977,"G.S. FIAMME ORO PADOVA","Arzignano","2005-09-14"
"lungo",NULL,"D'APOLITO Giacomo","SM35",1971,"G.A. FIAMME GIALLE","Marano Di Napoli","2006-10-01"
"1500m","4:01.78","D'ASARO Vincenzo alessio","SM",1980,"C.S. ESERCITO","Roma","2005-05-14"
"10000m","31:44.72","D'ASCOLI Alessandro","SM",1988,"C.S. AERONAUTICA MILITARE","Roma","2013-04-21"
"asta",NULL,"DE ANGELIS Ivan","SM",2001,"G.A. FIAMME GIALLE","Aosta","2024-07-13"
"Marcia_5000m","22:33.20","DE CEGLIA Domenico","SM",1978,"C.S. CARABINIERI SEZ. ATLETICA","Arzana","2010-09-07"
"100m","12.32","DE CESARIS Rita","SF",1982,"C.S. ESERCITO","Velletri","2012-07-14"
"disco_1kg",NULL,"DE LAZZARI Elena","SF",1985,"C.S. ESERCITO","Caorle","2009-09-27"
"lungo",NULL,"DEL BROCCO Davide","PM",1983,"C.S. ESERCITO","Formia","2005-07-16"
"5000m","15:16.61","DEL BUONO Federica","SF",1994,"C.S. CARABINIERI SEZ. ATLETICA","Stadtallendorf","2026-06-06"
"peso_7kg",NULL,"DEL GATTO Lorenzo","SM",1994,"C.S. CARABINIERI SEZ. ATLETICA","Lucca","2026-06-07"
"triplo",NULL,"D'ELICIO Eleonora","SF",1989,"G.S. FIAMME AZZURRE","Imperia","2016-07-02"
"200m","22.05","DELL'AQUILA Federico","SM",1977,"G.S. FIAMME ORO PADOVA","Santhia","2009-10-11"
"martello_7kg",NULL,"DELLI CARRI Pellegrino","SM35",1976,"C.S. AERONAUTICA MILITARE","Rieti","2013-09-29"
"Marcia_10km","41:26","DE LUCA Marco","SM35",1981,"G.A. FIAMME GIALLE","Modena","2020-10-18"
"lungo",NULL,"DE LUCA Mauro","PM",1985,"G.A. FIAMME GIALLE","Rieti","2005-09-10"
"5000m","14:29.66","DE MARCHI Jacopo","SM",1998,"C.S. ESERCITO","Livorno","2024-09-22"
"3000m","8:20.70","DE MARCO Tiziano","SM",1980,"C.S. AERONAUTICA MILITARE","Ancona","2011-02-20"
"5000m","14:36.68","DEMATTEIS Bernard","SM",1986,"C.S. ESERCITO","Saluzzo","2012-07-18"
"5000m","15:46.8","DEMATTEIS Martin","SM",1986,"C.S. ESERCITO","Asti","2012-10-04"
"800m","1:58.55","DE MEO Massimo","SM",1973,"C.S. CARABINIERI SEZ. ATLETICA","Ancona","2006-02-19"
"60m","6.97","DEMONTE Enrico","SM",1988,"G.S. FIAMME ORO PADOVA","Modena","2020-01-25"
"5000m","14:21.84","DE NARD Gabriele","SM35",1974,"G.A. FIAMME GIALLE","Codroipo","2012-05-12"
"800m","2:01.64","DE NONI Lorenza","PF",2006,"G.S. FIAMME AZZURRE","Roma","2026-06-03"
"200m","21.58","DENTALI Massimiliano","SM",1980,"C.S. CARABINIERI SEZ. ATLETICA","Busto Arsizio","2006-09-24"
"triplo",NULL,"DERKACH Dariya","SF",1993,"C.S. AERONAUTICA MILITARE","Lucca","2026-06-07"
"1500m","3:47.34","DE ROSA Davide","PM",2005,"C.S. ESERCITO","Roma","2026-06-10"
"200m","20.61","DESALU Eseosa fostine","SM",1994,"G.A. FIAMME GIALLE","Bruxelles","2026-05-24"
"triplo",NULL,"DE SANTIS Federica","PF",1989,"C.S. ESERCITO","Ancona","2011-02-20"
"Marcia_10000m","42:56.5","DE SANTIS Tiziano","SM",1981,"C.S. CARABINIERI SEZ. ATLETICA","Valmontone","2006-10-14"
"martello_4kg",NULL,"DESIDERI Cecilia","SF",1999,"C.S. AERONAUTICA MILITARE","Narni","2026-02-15"
"Marcia_5000m","23:31.47","DE SOCCIO Adelina","SF",1986,"G.A. FIAMME GIALLE","Latina","2013-06-07"
"Marcia_10000m","43:19.65","DESSI Lorenzo","SM",1989,"G.A. FIAMME GIALLE","Trieste","2017-07-01"
"60m","6.93","DESTER Dario","SM",2000,"C.S. CARABINIERI SEZ. ATLETICA","Torun","2026-03-20"
"400Hs_h91","54.38","DIAMANTI Giovanni","SM",1981,"C.S. AERONAUTICA MILITARE","Recanati","2008-07-27"
"triplo",NULL,"DIAZ HERNANDEZ Andy","SM",1995,"G.A. FIAMME GIALLE","Oslo","2026-06-10"
"Marcia_10km","43:13","DI BARI Vito","SM",1990,"G.A. FIAMME GIALLE","Torino","2015-07-24"
"10000m","29:30.07","DI CECCO Alberico","SM",1974,"C.S. CARABINIERI SEZ. ATLETICA","Rubiera","2008-05-11"
"lungo",NULL,"DI CESARE Fabrizio","SM",1977,"G.S. FIAMME ORO PADOVA","Sesto Fiorentino","2006-06-15"
"Marcia_10000m","41:52.5","DIDONI Michele","SM",1974,"C.S. CARABINIERI SEZ. ATLETICA","Borgosesia","2006-04-15"
"800m","2:17.25","DI GRAZIA Loredana","SF",1984,"C.S. ESERCITO","Ancona","2009-02-07"
"100m","10.53","DI GREGORIO Emanuele","SM",1980,"C.S. AERONAUTICA MILITARE","Bressanone","2012-07-07"
"100Hs_h84-8.50","13.25","DI LAZZARO Elisa maria","SF",1998,"C.S. CARABINIERI SEZ. ATLETICA","Trieste","2026-05-30"
"lungo",NULL,"DI LORETO Teresa","SF",1989,"G.S. FIAMME AZZURRE","Trieste","2016-09-11"
"peso_7kg",NULL,"DI MAGGIO Marco","SM",1983,"C.S. AERONAUTICA MILITARE","Cagliari","2013-06-01"
"peso_7kg",NULL,"DI MARCO Nazzareno","SM35",1985,"G.S. FIAMME ORO PADOVA","Livorno","2024-09-22"
"alto",NULL,"DI MARTINO Antonietta","SF",1978,"G.A. FIAMME GIALLE","Istanbul","2012-03-10"
"5000m","14:01.95","DINI Lorenzo","SM",1994,"G.A. FIAMME GIALLE","Rovereto","2021-06-26"
"5000m","14:00.95","DINI Samuele","SM",1994,"G.A. FIAMME GIALLE","Rovereto","2021-06-26"
"1000m","2:30.66","DI PARDO Luciano","SM",1975,"G.A. FIAMME GIALLE","Latina","2009-05-01"
"Marcia_10000m","41:17.59","DISABATO Giuseppe","PM",2006,"G.A. FIAMME GIALLE","Molfetta","2026-05-16"
"Marcia_10km","44:18","DOLCI Mirko","SM",1985,"C.S. AERONAUTICA MILITARE","Rovereto","2014-07-18"
"Marcia_5000m","23:39.47","DOMINICI Eleonora","SF",1996,"G.A. FIAMME GIALLE","Lanuvio","2023-09-09"
"100m","10.91","DONATI Massimiliano","SM",1979,"G.A. FIAMME GIALLE","Rieti","2010-06-23"
"100m","11.13","DONATI Roberto","SM",1983,"C.S. ESERCITO","Fossano","2013-10-06"
"triplo",NULL,"DONATO Fabrizio","SM40",1976,"G.A. FIAMME GIALLE","Glasgow","2019-03-01"
"Marcia_5000m","22:45.04","D'ONOFRIO Fortunato","SM",1981,"C.S. AERONAUTICA MILITARE","Bari","2012-07-12"
"200m","21.45","DONOLA Mattia","SM",2000,"C.S. CARABINIERI SEZ. ATLETICA","Modena","2026-04-26"
"lungo",NULL,"D'ORIO Sergio","SM",1978,"G.A. FIAMME GIALLE","Fermo","2012-09-23"
"100m","11.22","DOSSO Zaynab","SF",1999,"G.S. FIAMME AZZURRE","Stoccolma","2026-06-07"
"400Hs_h76","59.53","DOVERI Francesca","SF",1982,"C.S. ESERCITO","Rieti","2016-06-25"
"100m","12.45","DRAISCI Ilenia","SF",1989,"C.S. ESERCITO","Rieti","2020-07-04"
"100m","12.09","EKEH Udochi judy","PF",1993,"C.S. ESERCITO","Rovereto","2014-07-19"
"400m","56.95","ELLECOSTA Ursula","SF",1983,"C.S. ESERCITO","Arco","2007-09-22"
"5000m","14:19.92","EL MAZOURY Ahmed","SM",1990,"G.A. FIAMME GIALLE","Trieste","2017-07-01"
"5000m","14:33.61","EL OTMANI Said","SM",1991,"C.S. ESERCITO","Modena","2023-05-14"
"800m","2:09.44","ENDRIZZI Francesca","SF",1983,"C.S. ESERCITO","Rovereto","2012-06-22"
"Marcia_10000m","42:18.3","ENNEMOSER Patrick","SM",1981,"G.A. FIAMME GIALLE","Ostia Lido","2006-04-08"
"10000m","32:34.01","EPIS Giovanna","SF",1988,"C.S. CARABINIERI SEZ. ATLETICA","Pace'","2022-05-28"
"5000m","14:28.76","ETTAQY Said","PM",1996,"C.S. ESERCITO","Firenze","2017-06-10"
"peso_7kg",NULL,"FABBRI Leonardo","SM",1997,"C.S. AERONAUTICA MILITARE","Lucca","2026-06-07"
"100m","10.80","FAGGIN Alessio","SM",2003,"G.S. FIAMME ORO PADOVA","Mondovì","2026-06-02"
"lungo",NULL,"FALCHI Monica","SF",1976,"G.S. FIAMME ORO PADOVA","Isili","2006-09-02"
"martello_7kg",NULL,"FALLONI Simone","SM35",1991,"C.S. AERONAUTICA MILITARE","Rieti","2026-05-17"
"alto",NULL,"FALOCCHI Christian","SM",1997,"G.S. FIAMME ORO PADOVA","Torun","2026-03-21"
"peso_7kg",NULL,"FALOCI Giovanni","SM35",1985,"G.A. FIAMME GIALLE","Livorno","2024-09-22"
"10000m","28:19.01","FANIEL Eyob","SM",1992,"G.S. FIAMME ORO PADOVA","Pace'","2023-06-03"
"10000m","36:15.05","FANTINEL Ilaria","SF",1998,"C.S. ESERCITO","Molfetta","2021-05-02"
"martello_4kg",NULL,"FANTINI Sara","SF",1997,"C.S. CARABINIERI SEZ. ATLETICA","Lahti","2026-06-10"
"100m","10.64","FANTONI KABA Koura","SM",1984,"G.A. FIAMME GIALLE","Rovereto","2007-09-12"
"3000st_h76","10:18.31","FASCETTI Sveva","SF",1994,"G.A. FIAMME GIALLE","Décines-charpieu","2024-05-04"
"alto",NULL,"FASSINOTTI Marco","SM35",1989,"C.S. AERONAUTICA MILITARE","Zurigo","2025-08-28"
"100m","11.92","FEDRIGA Carlotta","PF",2004,"G.S. FIAMME ORO PADOVA","Roma","2026-06-05"
"martello_7kg",NULL,"FELICE Marco","SM",1979,"G.S. FIAMME ORO PADOVA","Bari","2012-07-14"
"giavellotto_800g",NULL,"FENT Antonio","SM",1988,"C.S. CARABINIERI SEZ. ATLETICA","Padova","2020-08-29"
"200m","24.43","FERRANTE Stefania","SF",1979,"C.S. ESERCITO","Catania","2008-05-18"
"peso_7kg",NULL,"FERRARA Riccardo","SM",2001,"C.S. CARABINIERI SEZ. ATLETICA","Savona","2026-05-20"
"Marcia_5000m","22:54.07","FERRARO Federica","SF",1988,"C.S. AERONAUTICA MILITARE","Boissano","2014-08-05"
"1500m","3:44.26","FILIPPI Giovanni","SM",1998,"C.S. ESERCITO","Nerja","2026-05-20"
"400Hs_h91","55.15","FILISETTI Francesco","SM",1977,"C.S. CARABINIERI SEZ. ATLETICA","Firenze","2008-06-28"
"giavellotto_800g",NULL,"FINA Michele","SM",2002,"C.S. ESERCITO","Firenze","2026-05-09"
"alto",NULL,"FINESI Sandro","SM",1980,"C.S. AERONAUTICA MILITARE","Campi Bisenzio","2012-09-23"
"3000st_h91","8:55.83","FLORIANI Yuri","SM35",1981,"G.A. FIAMME GIALLE","Trieste","2017-07-02"
"110Hs_h106-9.14","14.27","FOFANA Hassane","SM",1992,"G.S. FIAMME ORO PADOVA","Bruxelles","2026-05-24"
"lungo",NULL,"FOGLIATO Andrea","SM",1975,"C.S. AERONAUTICA MILITARE","Majano","2006-10-01"
"400Hs_h76","56.01","FOLORUNSO Ayomide temilade","SF",1996,"G.S. FIAMME ORO PADOVA","Roma","2026-06-04"
"400m","49.02","FONTANA Domenico","SM",1989,"G.S. FIAMME ORO PADOVA","Serravalle","2014-09-25"
"3000m","8:20.91","FONTANA Michele","SM",1991,"C.S. AERONAUTICA MILITARE","Carate Brianza","2022-06-04"
"100m","11.53","FONTANA Vittoria","SF",2000,"C.S. CARABINIERI SEZ. ATLETICA","Meda","2026-06-11"
"triplo",NULL,"FORMICHETTI Emanuele","PM",1983,"C.S. ESERCITO","Pietrasanta","2005-10-09"
"asta",NULL,"FORTE Paolo","SM",1981,"C.S. ESERCITO","Formia","2005-06-19"
"triplo",NULL,"FORTE Simone","SM",1996,"G.A. FIAMME GIALLE","Ancona","2025-06-14"
"disco_1kg",NULL,"FORTUNA Diletta","SF",2001,"C.S. CARABINIERI SEZ. ATLETICA","San Felice Sul Panaro","2026-06-11"
"Marcia_10km","39:15","FORTUNATO Francesco","SM",1994,"G.A. FIAMME GIALLE","Madrid","2026-05-31"
"5000m","18:07.80","FRANCARIO Giulia","SF",1985,"C.S. ESERCITO","Sulmona","2013-09-29"
"100Hs_h84-8.50","13.87","FRANZON Silvia","SF",1984,"C.S. ESERCITO","Milano","2009-08-01"
"giavellotto_800g",NULL,"FRARESSO Mauro","SM",1993,"G.A. FIAMME GIALLE","Mariano Comense","2024-02-25"
"1500m","4:27.76","FRASSON Soemi","SF",1999,"G.S. FIAMME ORO PADOVA","Brugnera","2023-07-15"
"giavellotto_800g",NULL,"FRATTINI Giovanni","SM",2002,"C.S. CARABINIERI SEZ. ATLETICA","Roma","2026-06-04"
"Decathlon_PM_SM",NULL,"FRULLANI William","SM",1979,"C.S. CARABINIERI SEZ. ATLETICA","Bressanone","2012-07-08"
"400m","48.40","FUCCILLO Lucio","SM",1979,"G.A. FIAMME GIALLE","Bressanone","2005-06-25"
"3000m","8:31.25","FURCI Gianni","SM",1983,"C.S. AERONAUTICA MILITARE","Velletri","2009-07-18"
"alto",NULL,"FURLANI Erika","SF",1996,"G.S. FIAMME ORO PADOVA","Lucca","2024-05-19"
"lungo",NULL,"FURLANI Mattia","PM",2005,"G.S. FIAMME ORO PADOVA","Xiamen","2026-05-23"
"Marcia_10km","45:43","GABRIELE Giulia","PF",2005,"G.A. FIAMME GIALLE","Madrid","2026-05-31"
"1500m","3:59.30","GAETA Cristian","SM",1982,"C.S. ESERCITO","Salerno","2005-06-18"
"100m","10.64","GALBIERI Giovanni","SM",1993,"C.S. AERONAUTICA MILITARE","Modena","2023-07-08"
"200m","22.76","GALLETTI Luca","SM35",1980,"C.S. CARABINIERI SEZ. ATLETICA","Montecassiano","2016-09-25"
"400Hs_h91","52.86","GALLINA Andrea","SM",1989,"C.S. AERONAUTICA MILITARE","Milano","2013-07-27"
"60m","7.25","GALTAROSSA Marco","SM",1998,"G.S. FIAMME ORO PADOVA","Padova","2022-02-06"
"400m","48.87","GALVAN Matteo","SM",1988,"G.A. FIAMME GIALLE","Caorle","2021-09-18"
"5000m","15:25.97","GAMBA Michele","SM35",1972,"G.A. FIAMME GIALLE","Albufeira","2007-05-26"
"Marcia_10km","43:25","GANDELLINI Alessandro","SM35",1973,"G.S. FIAMME ORO PADOVA","Borgo Valsugana","2010-05-30"
"800m","2:00.03","GARBINATO Alberto","PM",2005,"G.S. FIAMME ORO PADOVA","Trento","2025-07-22"
"10000m","29:37.28","GARIBOLDI Simone","SM",1987,"G.S. FIAMME ORO PADOVA","Ancona","2013-05-18"
"Marcia_3000m","14:29.18","GAROFALO Valentina","SF",1984,"C.S. ESERCITO","Ancona","2011-02-19"
"Marcia_10000m","44:22.34","GAROZZO Alessandro","SM",1984,"C.S. AERONAUTICA MILITARE","Sulmona","2009-09-26"
"giavellotto_800g",NULL,"GASPARRO Cristian","SM",1974,"G.S. FIAMME AZZURRE","Cagliari","2008-07-19"
"triplo",NULL,"GASPERINI Gianluca","SM",1982,"G.S. FIAMME ORO PADOVA","Pavia","2011-09-13"
"lungo",NULL,"GATTO Laura","SF",1977,"G.S. FIAMME AZZURRE","Brugnera","2010-09-04"
"asta",NULL,"GAZZOTTI Gloria","SF",1984,"C.S. ESERCITO","Scandiano","2011-09-20"
"peso_7kg",NULL,"GENCHI Domenico","SM",1982,"C.S. AERONAUTICA MILITARE","Bari","2007-09-23"
"lungo",NULL,"GEREVINI Sveva","SF",1996,"C.S. CARABINIERI SEZ. ATLETICA","Gotzis","2026-05-31"
"5000m","14:55.96","GERRATANA Giuseppe","SM",1992,"C.S. AERONAUTICA MILITARE","Catania","2025-05-11"
"100m","12.76","GERVASI Chiara","SF",1986,"C.S. ESERCITO","Caorle","2009-09-26"
"200m","25.98","GHERARDI Chiara","SF",2001,"G.A. FIAMME GIALLE","Roma","2025-07-13"
"asta",NULL,"GHERCA Maria roberta","SF",2000,"C.S. AERONAUTICA MILITARE","Rieti","2026-06-07"
"400Hs_h76","57.31","GHERGO Angelica","SF",2002,"C.S. ESERCITO","Marsiglia","2026-06-10"
"400m","50.79","GIACCHETTO Alberto","SM",1973,"G.S. FIAMME ORO PADOVA","Marcon","2005-05-08"
"5000m","14:42.36","GIACOBAZZI Alessandro","SM",1996,"C.S. AERONAUTICA MILITARE","Fabriano","2023-06-25"
"60Hs_h106-9.14","7.94","GIACONI Andrea","SM35",1974,"G.A. FIAMME GIALLE","Torino","2009-02-21"
"Marcia_10000m","42:19.30","GIAMPAOLO Diego","PM",2004,"G.A. FIAMME GIALLE","Roma","2025-06-21"
"disco_1kg",NULL,"GIAMPIETRO Sydney francesca","SF",1999,"G.A. FIAMME GIALLE","Brescia","2022-09-18"
"asta",NULL,"GIBILISCO Giuseppe","SM35",1979,"G.A. FIAMME GIALLE","Rieti","2014-09-07"
"martello_4kg",NULL,"GIBILISCO Laura","SF",1986,"G.S. FIAMME AZZURRE","Faenza","2011-09-14"
"400m","47.25","GILIBERTO Simone","PM",2006,"G.A. FIAMME GIALLE","Roma","2026-06-10"
"Marcia_10km","50:27","GIORDANO Rossella","SF40",1972,"G.S. FIAMME AZZURRE","Rieti","2016-06-26"
"100m","11.15","GIORGI Alessandro","SM",1977,"C.S. AERONAUTICA MILITARE","Roma","2005-06-18"
"Marcia_10km","46:25","GIORGI Eleonora anna","SF",1989,"G.S. FIAMME AZZURRE","Molfetta","2023-07-28"
"110Hs_h106-9.14","14.91","GIOVANNELLI Luca","SM35",1975,"G.S. FIAMME ORO PADOVA","Colle Val Elsa","2010-10-03"
"100m","10.5","GIUDETTI Gabriele","PM",1983,"C.S. AERONAUTICA MILITARE","Molfetta","2005-09-10"
"Marcia_10km","42:55","GIUNGI Marco","SM35",1974,"G.A. FIAMME GIALLE","Melfi","2010-09-12"
"Marcia_5000m","19:42.65","GIUPPONI Matteo","SM",1988,"C.S. CARABINIERI SEZ. ATLETICA","Trento","2016-07-26"
"lungo",NULL,"GOBBI Francesco","SM",1981,"C.S. AERONAUTICA MILITARE","Rieti","2008-10-22"
"disco_1kg",NULL,"GODINO Giorgia","SF",1978,"G.S. FIAMME ORO PADOVA","Sulmona","2011-09-25"
"3000m","8:30.19","GOFFI Danilo","SM35",1972,"C.S. CARABINIERI SEZ. ATLETICA","Garbagnate Milanese","2010-06-15"
"giavellotto_800g",NULL,"GOTTARDO Leonardo","SM",1988,"C.S. AERONAUTICA MILITARE","Jesolo","2015-09-26"
"100m","11.83","GRAGLIA Daniela","SF",1976,"C.S. ESERCITO","Alessandria","2008-06-18"
"triplo",NULL,"GRECO Daniele","SM",1989,"G.S. FIAMME ORO PADOVA","Ancona","2023-01-21"
"200m","21.10","GRENDENE Stefano","SM",2002,"C.S. AERONAUTICA MILITARE","Banska Bystrica","2025-08-08"
"400m","51.54","GRENOT Libania","SF35",1983,"G.A. FIAMME GIALLE","Berlino","2018-08-09"
"400m","48.12","GROOS Daniele","PM",2005,"G.A. FIAMME GIALLE","Roma","2026-06-10"
"10000m","30:01.10","GUALDI Giovanni","SM",1979,"G.A. FIAMME GIALLE","Ancona","2013-05-18"
"5000m","17:10.52","GUALTIERI Gegia","SF",1982,"C.S. ESERCITO","Lodi","2009-05-17"
"lungo",NULL,"GUARINI Alessio","SM",1985,"G.S. FIAMME ORO PADOVA","Modena","2017-09-24"
"200m","21.74","GUAZZI Alessandro","SM",1986,"C.S. CARABINIERI SEZ. ATLETICA","Sulmona","2011-09-25"
"800m","1:50.18","GUELFO Matteo","PM",2001,"G.A. FIAMME GIALLE","Celle Ligure","2023-07-19"
"10000m","29:25.86","GUERRA Francesco","SM",2001,"C.S. CARABINIERI SEZ. ATLETICA","La Spezia","2026-05-23"
"1500m","3:54.21","GUERRINI Alessandro","SM",1983,"C.S. ESERCITO","Torino","2006-07-07"
"100m","10.62","GUGLIELMI Federico","SM",2002,"C.S. CARABINIERI SEZ. ATLETICA","San Marino","2026-06-10"
"3000m","8:28.09","GULLI' Valerio","SM",1982,"C.S. ESERCITO","Barletta","2007-09-06"
"400m","49.10","HALITI Eusebio","SM",1991,"C.S. ESERCITO","Roma","2021-04-16"
"100m","11.98","HERRERA ABREU Johanelis","SF",1995,"C.S. AERONAUTICA MILITARE","Roma","2026-06-10"
"100m","11.34","HOOPER Gloria","SF",1992,"C.S. CARABINIERI SEZ. ATLETICA","Berna","2021-08-21"
"200m","21.66","HOWE Andrew","SM35",1985,"C.S. AERONAUTICA MILITARE","Rieti","2022-07-18"
"10000m","30:37.24","IANNELLI Angelo","SM40",1976,"G.S. FIAMME AZZURRE","Roma","2016-04-09"
"1500m","3:52.78","IANNONE Gilio","SM",1985,"C.S. ESERCITO","Bressanone","2012-07-07"
"lungo",NULL,"IAPICHINO Larissa","SF",2002,"G.S. FIAMME ORO PADOVA","Stoccolma","2026-06-07"
"triplo",NULL,"IHEMEJE Chiebuka emmanuel","SM",1998,"C.S. AERONAUTICA MILITARE","Boston","2026-01-24"
"10000m","33:34.16","INCERTI Anna","SF35",1980,"G.S. FIAMME AZZURRE","Cagliari","2015-06-06"
"10000m","29:12.64","INGARGIOLA Francesco","SM",1973,"G.A. FIAMME GIALLE","Modena","2006-06-21"
"5000m","16:07.09","INGLESE Veronica","SF",1990,"C.S. ESERCITO","Cinisello Balsamo","2016-09-25"
"100m","10.62","INZOLI Francesco ettore","PM",2005,"G.A. FIAMME GIALLE","Lucca","2026-06-07"
"lungo",NULL,"IUCOLANO Ferdinando","SM",1980,"C.S. AERONAUTICA MILITARE","Orvieto","2011-09-25"
"100m","9.99","JACOBS Lamont marcell","SM",1994,"G.S. FIAMME ORO PADOVA","Roma","2026-06-04"
"giavellotto_600g",NULL,"JEMAI Sara","SF",1992,"C.S. ESERCITO","Gallarate","2026-05-17"
"400m","47.94","JUAREZ Isalbet","SM",1987,"G.S. FIAMME ORO PADOVA","Padova","2015-02-22"
"800m","2:02.82","KABANGU Ngalula gloria","PF",2005,"C.S. ESERCITO","Kladno","2026-06-09"
"lungo",NULL,"KABORE' Camillo","SM",1991,"C.S. CARABINIERI SEZ. ATLETICA","Bressanone","2019-07-27"
"200m","23.59","KADDARI Dalia","SF",2001,"G.S. FIAMME ORO PADOVA","Mondovì","2026-06-02"
"disco_2kg",NULL,"KIRCHLER Hannes","SM40",1978,"C.S. CARABINIERI SEZ. ATLETICA","Albufeira","2019-04-12"
"martello_4kg",NULL,"KOLLER Silvia maria","SF",1986,"C.S. ESERCITO","Sulmona","2011-09-24"
"1500m","5:45.19","KRANNER Matteo","SM",1983,"C.S. AERONAUTICA MILITARE","Molfetta","2006-09-17"
"1500m","4:32.92","LA BARBERA Barbara","SF",1984,"C.S. ESERCITO","Sulmona","2009-09-26"
"5000m","16:40.45","LA BARBERA Silvia","SF",1984,"C.S. CARABINIERI SEZ. ATLETICA","Ostia","2017-09-24"
"10000m","30:24.56","LA BELLA Luigi","SM",1982,"C.S. ESERCITO","Rubiera","2009-05-10"
"5000m","14:22.72","LALLI Andrea","SM",1987,"G.A. FIAMME GIALLE","Milano","2013-07-27"
"asta",NULL,"LAMA Francesco","PM",1997,"C.S. AERONAUTICA MILITARE","Modena","2018-09-01"
"triplo",NULL,"LA MANTIA Simona","SF35",1983,"G.A. FIAMME GIALLE","Bressanone","2019-07-28"
"100m","10.62","LA MASTRA Rosario","SM",1984,"C.S. CARABINIERI SEZ. ATLETICA","Misterbianco","2016-07-01"
"triplo",NULL,"LAMENTI Diego","SM35",1972,"G.S. FIAMME ORO PADOVA","Campi Bisenzio","2009-06-18"
"lungo",NULL,"LAMERA Raffaella","SF",1983,"C.S. ESERCITO","Jesolo","2015-09-27"
"alto",NULL,"LANDO Manuel","SM",2000,"C.S. AERONAUTICA MILITARE","Marsiglia","2026-06-10"
"10000m","29:08.69","LA ROSA Stefano","SM35",1985,"C.S. CARABINIERI SEZ. ATLETICA","Vittorio Veneto","2020-09-27"
"100m","12.18","LATINI Giulia","SF",1991,"C.S. CARABINIERI SEZ. ATLETICA","L'aquila","2021-09-04"
"3000m","8:23.31","LAZZARI Lorenzo","SM35",1974,"G.S. FIAMME ORO PADOVA","Ancona","2011-02-20"
"400m","49.12","LAZZARO Giovanni","PM",2004,"C.S. AERONAUTICA MILITARE","San Vito Al Tagliamento","2026-06-02"
"alto",NULL,"LEMMI Andrea","SM",1984,"G.A. FIAMME GIALLE","Orvieto","2016-09-25"
"400m","48.51","LEONARDI Giuseppe","SM",1996,"C.S. CARABINIERI SEZ. ATLETICA","Catania","2026-03-28"
"10000m","29:18.7","LEONE Giacomo","SM",1971,"G.S. FIAMME ORO PADOVA","Brindisi","2005-09-14"
"10000m","30:19.46","LEONE Maurizio","SM",1973,"C.S. CARABINIERI SEZ. ATLETICA","Padova","2007-07-28"
"800m","1:56.05","LETTIERI Fabio","SM",1980,"C.S. AERONAUTICA MILITARE","Macerata","2011-09-25"
"60m","7.54","LEVORATO Manuela","SF35",1977,"C.S. AERONAUTICA MILITARE","Padova","2014-02-08"
"1500m","4:40.39","LIBERTONE Catia","SF",1986,"C.S. ESERCITO","Fermo","2009-07-15"
"400m","47.83","LICCIARDELLO Claudio","SM",1986,"G.A. FIAMME GIALLE","Enna","2014-06-26"
"3000st_h91","8:30.78","LICCIARDI Devis","SM",1986,"C.S. AERONAUTICA MILITARE","Brugnera","2013-09-07"
"martello_7kg",NULL,"LINGUA Marco","SM35",1978,"G.A. FIAMME GIALLE","Marano Di Napoli","2014-09-13"
"3000m","9:09.5","LIUZZO Antonino","SM",1979,"C.S. AERONAUTICA MILITARE","Domodossola","2005-05-28"
"peso_7kg",NULL,"LOMATER Stefano","SM35",1974,"G.S. FIAMME ORO PADOVA","Campi Bisenzio","2012-09-23"
"10000m","32:58.13","LONEDO Rebecca","SF",1996,"G.S. FIAMME ORO PADOVA","La Spezia","2026-05-23"
"400m","50.22","LONGO Andrea","SM35",1975,"G.S. FIAMME ORO PADOVA","Orvieto","2011-09-24"
"100m","10.37","LONGOBARDI Eduardo","PM",2005,"G.A. FIAMME GIALLE","Roma","2026-06-05"
"100m","10.98","LOPEZ Brayan","SM",1997,"G.S. FIAMME AZZURRE","Mondovì","2026-06-02"
"400m","47.69","LORENZI Marco","SM",1993,"G.A. FIAMME GIALLE","Nembro","2018-07-05"
"alto",NULL,"LUIU Massimiliano","SM",2002,"G.S. FIAMME ORO PADOVA","San Vito Al Tagliamento","2026-06-02"
"400m","53.41","LUKUDO Raphaela boaheng","SF",1994,"C.S. ESERCITO","La Spezia","2024-06-29"
"10000m","29:28.98","MACCAGNAN Mattia","SM",1980,"G.A. FIAMME GIALLE","Ribeira Brava","2009-06-06"
"Marcia_5000m","20:51.97","MACCHIA Riccardo","SM",1990,"G.S. FIAMME ORO PADOVA","Fossano","2014-09-13"
"200m","22.23","MACH DI PALMSTEIN Ivan","SM",1992,"G.A. FIAMME GIALLE","Modena","2017-09-24"
"alto",NULL,"MACOR Marco","SM",1984,"G.S. FIAMME ORO PADOVA","Molfetta","2008-09-28"
"3000m","9:05.32","MAGNANI Margherita","SF",1987,"G.A. FIAMME GIALLE","Glasgow","2019-03-01"
"110Hs_h106-9.14","14.46","MAININI Carlo alberto","SM",1982,"C.S. CARABINIERI SEZ. ATLETICA","Biasca","2012-09-22"
"asta",NULL,"MALAVISI Sonia","SF",1994,"G.A. FIAMME GIALLE","Reggio Calabria","2025-12-13"
"3000m","10:09.52","MALQUORI Martina","SF",1977,"G.S. FIAMME ORO PADOVA","San Giuliano Terme","2006-09-09"
"asta",NULL,"MANDUSIC Max","SM",1998,"G.A. FIAMME GIALLE","Kalamata","2023-05-12"
"200m","22.18","MANENTI Davide","SM",1989,"C.S. AERONAUTICA MILITARE","Vercelli","2023-09-17"
"Marcia_10000m","43:40.27","MANFREDINI Andrea","SM",1978,"G.A. FIAMME GIALLE","Chiari","2008-07-05"
"400m","51.91","MANGIONE Alice","SF",1997,"C.S. ESERCITO","Roma","2026-06-03"
"disco_2kg",NULL,"MANNUCCI Alessio","SM",1998,"C.S. AERONAUTICA MILITARE","Caorle","2025-08-03"
"peso_7kg",NULL,"MANNUCCI Eugenio umberto","SM",1986,"G.A. FIAMME GIALLE","Pescara","2012-07-15"
"60m","7.48","MANTOVANI Giovanni","SM",1990,"C.S. AERONAUTICA MILITARE","Modena","2013-12-14"
"100m","10.7","MARANGON Roberto","SM",1978,"C.S. AERONAUTICA MILITARE","Sassari","2009-09-11"
"200m","21.34","MARANI Diego","SM",1990,"G.A. FIAMME GIALLE","Bellinzona","2019-09-21"
"5000m","16:30.4","MARAOUI Fatna","SF40",1977,"C.S. ESERCITO","Biella","2019-07-23"
"400Hs_h76","56.75","MARCHIANDO Eleonora","SF",1997,"C.S. CARABINIERI SEZ. ATLETICA","Mondovì","2026-06-02"
"Marcia_5000m","23:59.83","MARCOLINI Marta","SF",1983,"C.S. ESERCITO","Caorle","2006-09-23"
"60m","6.70","MAREK Eric","SM",2003,"C.S. ESERCITO","Ancona","2026-03-01"
"asta",NULL,"MARIANI Maurilio mauro","SM",1973,"C.S. CARABINIERI SEZ. ATLETICA","Ascoli Piceno","2006-04-22"
"5000m","19:05.44","MARI Annamaria","PF",1984,"C.S. ESERCITO","Matera","2005-05-22"
"giavellotto_600g",NULL,"MARIN Elisabetta","SF",1977,"C.S. ESERCITO","Pordenone","2009-07-17"
"60m","7.26","MARIN Jacopo","SM",1984,"C.S. CARABINIERI SEZ. ATLETICA","Roma","2014-02-09"
"400Hs_h76","59.07","MARONE Anna laura","SF",1988,"C.S. ESERCITO","Milano","2013-07-28"
"lungo",NULL,"MARRAFFA Massimo","SM",1981,"G.A. FIAMME GIALLE","Albufeira","2007-05-26"
"100m","11.03","MARSADRI Marco","SM",1981,"C.S. AERONAUTICA MILITARE","Pergine Valsugana","2005-07-22"
"3000st_h76","10:42.39","MARTINELLI Giulia","SF",1991,"C.S. CARABINIERI SEZ. ATLETICA","Modena","2018-06-23"
"3000m","10:06.94","MARTIN Rosanna","SF35",1973,"G.S. FIAMME ORO PADOVA","Padova","2009-01-24"
"martello_7kg",NULL,"MARUSSI Massimo","SM",1984,"C.S. CARABINIERI SEZ. ATLETICA","Macerata","2015-05-10"
"3000st_h91","9:26.11","MARZETTA Francois","SM",1991,"G.S. FIAMME ORO PADOVA","Torino","2017-09-24"
"1500m","3:48.98","MASSIMI Stefano","PM",1992,"C.S. AERONAUTICA MILITARE","Nivelles","2014-06-29"
"martello_4kg",NULL,"MASSOBRIO Francesca","SF",1993,"G.S. FIAMME ORO PADOVA","Pescara","2018-09-08"
"800m","2:07.48","MATTAGLIANO Joyce","SF",1994,"C.S. ESERCITO","Molfetta","2023-07-29"
"3000m","10:04.37","MATTUZZI Isabel","SF",1995,"G.A. FIAMME GIALLE","Padova","2021-01-31"
"10000m","30:25.07","MAZZA Marco","SM",1977,"G.A. FIAMME GIALLE","Rieti","2009-04-26"
"5000m","14:34.40","MAZZARA Sebastiano","SM",1975,"C.S. ESERCITO","Avellino","2005-06-15"
"400Hs_h76","1:03.17","MAZZILLI Silvia","SF",1981,"C.S. ESERCITO","Padova","2007-07-27"
"400m","46.84","MELI Riccardo","SM",2001,"G.A. FIAMME GIALLE","Kladno","2026-06-09"
"100m","10.27","MELLUZZO Matteo","SM",2002,"G.A. FIAMME GIALLE","Savona","2025-05-21"
"100m","11.98","MELON Chiara","SF",1999,"G.S. FIAMME AZZURRE","Mondovì","2026-06-02"
"alto",NULL,"MELONI Eugenio","SM",1994,"C.S. CARABINIERI SEZ. ATLETICA","Roma","2026-06-10"
"200m","23.28","MENCHINI Davide","SM",1976,"G.S. FIAMME ORO PADOVA","Aulla","2005-07-23"
"alto",NULL,"MENEGUZZO Andrea","SM",1979,"G.A. FIAMME GIALLE","Modena","2005-01-15"
"800m","1:55.95","MENICOCCI Luca","SM",1980,"G.A. FIAMME GIALLE","Roma","2006-09-17"
"3000m","8:50.58","MERIGHI Luca","SM",1976,"G.S. FIAMME ORO PADOVA","Ferrara","2005-07-07"
"3000st_h76","10:12.13","MERLO Martina","SF",1993,"C.S. AERONAUTICA MILITARE","Monaco","2022-08-18"
"1500m","3:32.77","MESLEK Ossama","SM",1997,"C.S. ESERCITO","Parigi","2024-08-04"
"100m","10.71","MESSINA Paolo","SM",2002,"G.A. FIAMME GIALLE","Roma","2026-06-05"
"10000m","28:38.35","MEUCCI Daniele","SM",1985,"C.S. ESERCITO","Londra","2019-07-06"
"10000m","35:54.56","MICHALSKA Marzena","SF35",1975,"G.S. FIAMME ORO PADOVA","Terni","2012-05-06"
"Marcia_10000m","43:49.55","MIHAI Alexandrina","PF",2003,"G.S. FIAMME ORO PADOVA","Bergen","2025-07-19"
"1000m","2:28.22","MILANESI Dario","PM",1983,"C.S. ESERCITO","Genova","2005-02-05"
"400m","55.20","MILANI Marta","SF",1987,"C.S. ESERCITO","Rovereto","2021-06-25"
"Marcia_10000m","41:27.67","MINEI Vito","SM",1994,"G.S. FIAMME ORO PADOVA","Trieste","2017-07-01"
"triplo",NULL,"MINEN Alessandro","PM",1985,"C.S. ESERCITO","San Giorgio Su Legnano","2005-10-09"
"200m","21.81","MINETTO Enrico","SM",1984,"C.S. AERONAUTICA MILITARE","Tarvisio","2010-08-08"
"asta",NULL,"MOLINAROLO Elisa","SF",1994,"G.S. FIAMME ORO PADOVA","Roma","2026-06-04"
"martello_7kg",NULL,"MONDANARO Giovanni","SM",1977,"C.S. AERONAUTICA MILITARE","Napoli","2011-09-17"
"110Hs_h106-9.14","13.90","MONTINI Mattia","PM",1999,"C.S. CARABINIERI SEZ. ATLETICA","Palermo","2021-09-18"
"100m","11.16","MONTI Walter","SM",1980,"C.S. CARABINIERI SEZ. ATLETICA","Rezzato","2006-09-14"
"5000m","14:27.81","MONTORIO Alberto","SM",1983,"C.S. AERONAUTICA MILITARE","Ponzano Veneto","2014-07-04"
"400m","48.14","MORAGLIO Marco","SM",1983,"C.S. AERONAUTICA MILITARE","Torino","2013-07-13"
"alto",NULL,"MORARA Marta","SF",1999,"C.S. AERONAUTICA MILITARE","San Marino","2026-06-10"
"1miglio","4:24.70","MORETTI Mattia","SM",1992,"C.S. CARABINIERI SEZ. ATLETICA","Carate Brianza","2019-10-12"
"martello_4kg",NULL,"MORI Rachele","SF",2003,"G.A. FIAMME GIALLE","Nicosia","2026-03-14"
"200m","23.14","MOSCATELLI Fiorenzo","SM",1983,"C.S. AERONAUTICA MILITARE","Orvieto","2011-09-25"
"asta",NULL,"MOTTA Alberto","SM",1981,"C.S. AERONAUTICA MILITARE","Modena","2006-06-24"
"peso_7kg",NULL,"MOTTIN Sergio","SM",1976,"G.S. FIAMME AZZURRE","Caorle","2009-09-27"
"400Hs_h76","55.50","MURARO Alice","SF",2000,"C.S. AERONAUTICA MILITARE","Roma","2026-06-04"
"peso_7kg",NULL,"MUSCI Carmelo alessandro","SM",2001,"G.A. FIAMME GIALLE","Molfetta","2026-05-17"
"400m","57.10","MUTSCHLECHNER Sabrina","PF",1989,"C.S. ESERCITO","Rovereto","2011-05-01"
"giavellotto_800g",NULL,"NAIDON Lorenzo","SM",1999,"G.A. FIAMME GIALLE","Arona","2026-06-07"
"lungo",NULL,"NALDI Elisa","SF",1998,"C.S. CARABINIERI SEZ. ATLETICA","Caorle","2025-08-03"
"110Hs_h106-9.14","14.24","NALOCCA John mark","SM",1988,"C.S. CARABINIERI SEZ. ATLETICA","Pescara","2017-07-09"
"3000st_h91","8:42.70","NASTI Patrick","SM",1989,"G.A. FIAMME GIALLE","Oordegem","2016-05-29"
"disco_2kg",NULL,"NICOLETTI Andrea","SM",1979,"C.S. AERONAUTICA MILITARE","Majano","2008-07-27"
"peso_4kg",NULL,"NICOLETTI Julaika","SF",1988,"C.S. CARABINIERI SEZ. ATLETICA","Ancona","2018-01-27"
"Marcia_5000m","20:58.67","NKOULOUKIDI Jean jacques","SM",1982,"G.A. FIAMME GIALLE","Orvieto","2014-09-27"
"asta",NULL,"NNACHI Great","PF",2004,"C.S. CARABINIERI SEZ. ATLETICA","Pordenone","2026-06-04"
"400m","57.13","OBERSTOLZ Alexia","SF",1980,"C.S. ESERCITO","Bolzano","2007-09-02"
"100m","10.71","OBOU Delmas","SM",1991,"G.A. FIAMME GIALLE","Ostia","2017-09-24"
"100m","10.39","OBOU Jose delmas","SM",1991,"G.A. FIAMME GIALLE","Agropoli","2016-09-25"
"800m","1:51.50","OBRIST Christian","SM35",1980,"C.S. CARABINIERI SEZ. ATLETICA","Torino","2015-07-25"
"1500m","4:36.17","OGGIONI Silvia","SF",1995,"C.S. AERONAUTICA MILITARE","Cernusco Sul Naviglio","2019-07-09"
"lungo",NULL,"OJIAKU Kevin","SM",1989,"G.A. FIAMME GIALLE","Parma","2022-02-12"
"100m","12.69","OKI Desola madelaine","SF",1999,"G.S. FIAMME ORO PADOVA","Scorzè","2025-06-28"
"400Hs_h76","1:02.58","OLIVA Marta","SF",1982,"C.S. ESERCITO","Rieti","2010-06-13"
"asta",NULL,"OLIVERI Matteo","SM",2002,"C.S. CARABINIERI SEZ. ATLETICA","Bialystok","2026-05-31"
"200m","22.26","OLIVERIO Andrea","SM",1982,"C.S. ESERCITO","Bologna","2005-07-14"
"martello_7kg",NULL,"OLIVIERI Giorgio","SM",2000,"C.S. CARABINIERI SEZ. ATLETICA","Rieti","2026-06-07"
"400Hs_h76","56.21","OLIVIERI Linda","SF",1998,"G.S. FIAMME ORO PADOVA","Lahti","2026-06-10"
"400m","1:02.93","OLTEANU Clarissa victoria","PF",2005,"G.S. FIAMME ORO PADOVA","Abano Terme","2026-06-10"
"giavellotto_800g",NULL,"ORLANDO Roberto","SM",1995,"C.S. AERONAUTICA MILITARE","Roma","2026-06-03"
"Marcia_5000m","18:32.38","ORSONI Riccardo","SM",2000,"G.A. FIAMME GIALLE","Ancona","2026-02-28"
"disco_1kg",NULL,"OSAKUE Daisy oyemwenosa","SF",1996,"G.A. FIAMME GIALLE","Varsavia","2026-06-06"
"5000m","13:48.21","OUHDA Ahmed","SM",1997,"C.S. ESERCITO","Maisons-laffitte","2024-07-06"
"triplo",NULL,"PACCHETTI Cecilia","SF",1989,"C.S. ESERCITO","Rieti","2013-09-28"
"60m","7.88","PACINI Claudia","PF",1986,"C.S. ESERCITO","Ancona","2008-02-10"
"giavellotto_600g",NULL,"PADOVAN Paola","SF",1995,"C.S. CARABINIERI SEZ. ATLETICA","Chania","2026-05-31"
"100m","11.46","PAGLIARINI Alice","PF",2006,"G.A. FIAMME GIALLE","Savona","2026-05-20"
"asta",NULL,"PALAZZO Marcello","SM",1991,"G.S. FIAMME ORO PADOVA","Torino","2015-07-24"
"1500m","4:38.08","PALMAS Sara","SF",1977,"C.S. ESERCITO","Sassari","2011-07-14"
"10000m","31:59.49","PALMERO Elisa","SF",1999,"C.S. ESERCITO","La Spezia","2026-05-23"
"martello_4kg",NULL,"PALMIERI Elisa","SF",1983,"C.S. ESERCITO","Rieti","2016-06-25"
"Marcia_3000m","11:56.74","PALMISANO Antonella","SF35",1991,"G.A. FIAMME GIALLE","Ancona","2026-02-28"
"3000m","8:36.03","PALUMBO Matteo","SM35",1973,"C.S. CARABINIERI SEZ. ATLETICA","Molfetta","2009-07-23"
"60m","7.36","PANIZZA Giacomo","SM",1989,"G.S. FIAMME ORO PADOVA","Modena","2017-02-04"
"alto",NULL,"PAOLESSI Giorgio","PM",1985,"G.A. FIAMME GIALLE","Roma","2005-09-25"
"100m","12.09","PAOLETTA Jessica","SF",1988,"C.S. ESERCITO","L'aquila","2021-09-04"
"1500m","4:44.95","PAPA Isabella","PF",1995,"C.S. ESERCITO","Ancona","2017-01-28"
"Marcia_10km","42:54","PARIS Daniele","SM",1984,"C.S. AERONAUTICA MILITARE","Rovereto","2014-07-18"
"5000m","14:32.34","PASSERI Riccardo","SM",1989,"C.S. AERONAUTICA MILITARE","Brugnera","2015-09-05"
"400Hs_h91","53.50","PATANO Francesco","PM",1992,"G.A. FIAMME GIALLE","Vicenza","2013-09-29"
"100m","10.25","PATTA Lorenzo","SM",2000,"G.A. FIAMME GIALLE","Roma","2025-06-20"
"100m","11.53","PAVESE Alessia","SF",1998,"C.S. AERONAUTICA MILITARE","Roma","2026-06-05"
"3000m","8:29.02","PEDOTTI Massaoud paolo","PM",1988,"C.S. ESERCITO","Nembro","2008-07-23"
"400Hs_h76","56.06","PEDROSO Yadisleidy","SF",1987,"C.S. AERONAUTICA MILITARE","Budapest","2021-08-24"
"5000m","14:49.21","PEGORETTI Massimo","SM",1974,"G.S. FIAMME AZZURRE","Verona","2005-05-21"
"1500m","5:26.11","PELI Marco","PM",1984,"C.S. ESERCITO","Vercelli","2005-10-23"
"1500m","3:55.24","PELLECCHIA Liberato","SM",1982,"C.S. AERONAUTICA MILITARE","Modena","2008-09-22"
"100Hs_h84-8.50","13.80","PENNELLA Giulia","SF",1989,"C.S. ESERCITO","Imola","2021-07-06"
"110Hs_h106-9.14","13.93","PERINI Lorenzo","SM",1994,"C.S. AERONAUTICA MILITARE","Lucerna","2021-06-29"
"800m","1:43.97","PERNICI Francesco","SM",2003,"G.A. FIAMME GIALLE","Roma","2026-06-04"
"800m","1:53.86","PERRONE Lorenzo","SM",1981,"G.A. FIAMME GIALLE","Trento","2012-05-13"
"alto",NULL,"PERTEGATO ZENNARO Lorenzo","PM",1999,"G.S. FIAMME ORO PADOVA","San Biagio Di Callalta","2019-05-12"
"110Hs_h106-9.14","14.06","PETROLLI Stefano","SM",1985,"G.A. FIAMME GIALLE","Rovereto","2012-09-04"
"asta",NULL,"PIANTELLA Giorgio","SM35",1981,"C.S. CARABINIERI SEZ. ATLETICA","Pescara","2018-09-08"
"giavellotto_600g",NULL,"PICCHIANTI Luana","SF",1985,"C.S. ESERCITO","Colle Vald Elsa","2011-10-01"
"Marcia_5000m","19:54.90","PICCHIOTTINO Gianluca","SM",1996,"G.A. FIAMME GIALLE","Grosseto","2026-05-30"
"800m","2:14.63","PICCINNI Alessandra","SF",1980,"C.S. ESERCITO","Ancona","2005-02-20"
"alto",NULL,"PIERONI Idea","SF",2002,"C.S. CARABINIERI SEZ. ATLETICA","Lucca","2026-06-07"
"giavellotto_800g",NULL,"PIGNATA Francesco","SM",1978,"G.A. FIAMME GIALLE","Reggio Calabria","2008-05-31"
"400m","49.30","PINTADU Alessandro","SM",1976,"G.A. FIAMME GIALLE","Nuraminis","2005-09-10"
"sconosciuto_cod_81",NULL,"PIRONE Angelo","PM",1983,"C.S. ESERCITO","Marano","2005-09-25"
"400m","47.68","PIROVANO Walter","SM",1975,"G.S. FIAMME ORO PADOVA","Pergine Valsugana","2005-07-22"
"100m","11.91","PISTONE Anita sebastiana","SF",1976,"C.S. ESERCITO","Firenze","2010-06-05"
"110Hs_h106-9.14","15.09","PIZZOLI Emiliano","SM35",1974,"C.S. CARABINIERI SEZ. ATLETICA","Rieti","2010-06-12"
"5000m","14:05.75","POLIKARPENKO Sergiy volodymyrovyc","PM",1998,"C.S. CARABINIERI SEZ. ATLETICA","Trieste","2019-09-14"
"400m","51.58","POLINARI Anna","SF",1999,"C.S. CARABINIERI SEZ. ATLETICA","Roma","2026-06-04"
"1miglio","4:22.5","POMPA Christian","SM",1980,"C.S. ESERCITO","Misano Adriatico","2005-07-23"
"martello_7kg",NULL,"POVEGLIANO Lorenzo","SM",1984,"C.S. CARABINIERI SEZ. ATLETICA","Milano","2013-07-28"
"martello_4kg",NULL,"PRINETTI ANZALAPAYA Lucia","SF",1997,"G.A. FIAMME GIALLE","Vicenza","2021-07-14"
"Marcia_10000m","44:30.26","PRIVITERA Dario","SM",1979,"C.S. AERONAUTICA MILITARE","Susa","2009-09-13"
"martello_7kg",NULL,"PROSERPIO Giacomo","SM",1997,"C.S. CARABINIERI SEZ. ATLETICA","Mariano Comense","2026-03-01"
"lungo",NULL,"PUSCEDDU Matteo","SM",1980,"G.A. FIAMME GIALLE","Comacchio","2009-09-27"
"triplo",NULL,"QUATTROCIOCCHI Mauro","SM",1985,"G.A. FIAMME GIALLE","Milano","2014-09-27"
"400m","48.7","QUIRICO Massimiliano","PM",1986,"C.S. ESERCITO","Roma","2007-09-22"
"5000m","15:00.49","RABATTONI Dereje","PM",1983,"C.S. ESERCITO","Pavia","2005-09-25"
"100m","10.79","RABINO Andrea","SM",1978,"C.S. CARABINIERI SEZ. ATLETICA","Bressanone","2005-06-25"
"3000m","8:33.47","RACHEDI Omar","SM",1984,"C.S. CARABINIERI SEZ. ATLETICA","Rovereto","2007-05-06"
"Marcia_5000m","22:52.68","RAGONESI Agnese","PF",1985,"C.S. AERONAUTICA MILITARE","Grosseto","2005-06-04"
"100m","10.48","RANDAZZO Filippo","SM",1996,"G.A. FIAMME GIALLE","Roma","2026-06-05"
"200m","21.65","RAO Domenico","SM35",1977,"C.S. CARABINIERI SEZ. ATLETICA","Misterbianco","2012-06-27"
"5000m","13:54.79","RAZINE Marouan","SM",1991,"C.S. ESERCITO","Milano","2024-04-27"
"400m","48.33","RE Davide","SM",1993,"G.A. FIAMME GIALLE","Sestriere","2025-08-10"
"400m","56.51","REINA Daniela","SF",1981,"G.S. FIAMME AZZURRE","Orvieto","2014-07-25"
"giavellotto_600g",NULL,"RICALI Cecilia","SF",1985,"G.S. FIAMME AZZURRE","Rovereto","2014-07-19"
"5000m","15:10.58","RICATTI Domenico","SM35",1979,"C.S. AERONAUTICA MILITARE","Trento","2018-07-10"
"400m","58.93","RICCI Elena","SF",1988,"C.S. ESERCITO","Ancona","2012-02-15"
"200m","24.75","RICCI Eleonora","SF",2001,"G.A. FIAMME GIALLE","Caorle","2025-08-03"
"400m","52.62","RICCI Ginevra","SF",2002,"C.S. ESERCITO","Roma","2026-06-03"
"100m","10.57","RICCI Marco","SM",2001,"C.S. ESERCITO","Roma","2026-06-05"
"400m","49.79","RIFESER Lukas","PM",1986,"C.S. ESERCITO","Bolzano","2006-09-17"
"800m","1:49.44","RIFESSER Lukas","SM",1986,"C.S. ESERCITO","Cles","2016-08-25"
"1500m","4:37.17","RIGA Eleonora","SF",1984,"C.S. CARABINIERI SEZ. ATLETICA","Modena","2010-06-12"
"60m","6.80","RIGALI Roberto","SM",1995,"C.S. CARABINIERI SEZ. ATLETICA","Bergamo","2026-02-15"
"Marcia_10km","43:08","RIGAUDO Elisa","SF35",1980,"G.A. FIAMME GIALLE","Torino","2015-07-24"
"lungo",NULL,"RIMOLDI Alessio","SM",1976,"C.S. CARABINIERI SEZ. ATLETICA","Bologna","2010-07-22"
"1500m","4:21.60","RINICELLA Angela","SF",1982,"C.S. ESERCITO","Milano","2013-07-28"
"100m","10.79","RIPARELLI Jacques","SM35",1983,"C.S. AERONAUTICA MILITARE","Bari","2018-09-13"
"1500m","3:40.98","RIVA Federico","SM",2000,"G.A. FIAMME GIALLE","Torun","2026-03-22"
"200m","24.39","RIVA Giulia","SF",1992,"G.S. FIAMME ORO PADOVA","Molfetta","2023-07-30"
"5000m","13:18.29","RIVA Pietro","SM",1997,"G.S. FIAMME ORO PADOVA","Maisons-laffitte","2024-07-06"
"100m","10.99","RIVA Sergio","SM",1983,"C.S. CARABINIERI SEZ. ATLETICA","Busto Arsizio","2008-06-11"
"60m","7.08","ROCCO Alessandro","SM",1983,"C.S. CARABINIERI SEZ. ATLETICA","Modena","2012-01-21"
"100m","12.83","ROCCO Lara","SF",1975,"G.S. FIAMME ORO PADOVA","Santhia","2009-10-11"
"giavellotto_600g",NULL,"ROCCO Tiziana","SF35",1978,"G.S. FIAMME AZZURRE","Lucca","2013-02-10"
"10000m","34:44.18","ROFFINO Valeria","SF",1990,"G.S. FIAMME AZZURRE","Brescia","2023-05-07"
"5000m","16:13.11","ROMAGNOLO Elena","SF",1982,"C.S. ESERCITO","Milano","2013-07-27"
"giavellotto_800g",NULL,"ROMANO Almanio","SM",1980,"G.A. FIAMME GIALLE","Rovereto","2014-07-19"
"800m","1:52.82","RONCALLI Francesco","SM",1980,"C.S. CARABINIERI SEZ. ATLETICA","Firenze","2008-06-28"
"peso_4kg",NULL,"ROSA Chiara","SF35",1983,"G.S. FIAMME AZZURRE","Rieti","2022-06-26"
"800m","2:20.73","ROSATI Martina","SF",1983,"G.S. FIAMME AZZURRE","Viareggio","2010-07-24"
"100m","10.72","ROSICHINI Valerio","SM",1990,"G.A. FIAMME GIALLE","Rovereto","2014-07-19"
"100m","11.53","ROSSETTO Andrea","SM",1998,"G.S. FIAMME ORO PADOVA","Trieste","2024-09-14"
"alto",NULL,"ROSSIT Desiree","SF",1994,"G.S. FIAMME ORO PADOVA","Rovereto","2020-09-08"
"3000st_h91","9:03.82","ROTONDO Nicolo'","SM",1978,"C.S. CARABINIERI SEZ. ATLETICA","Bari","2009-10-24"
"asta",NULL,"RUBBIANI Matteo","SM35",1978,"C.S. AERONAUTICA MILITARE","Milano","2014-09-27"
"400Hs_h91","52.03","RUBECA Federico","SM",1981,"G.A. FIAMME GIALLE","Celle Ligure","2011-07-05"
"Marcia_10km","41:21","RUBINO Giorgio","SM35",1986,"G.A. FIAMME GIALLE","Rovereto","2021-06-25"
"1500m","4:01.03","RUTIGLIANO Pasquale roberto","SM",1978,"C.S. ESERCITO","Avellino","2008-06-11"
"1500m","4:05.55","SABBATINI Gaia","SF",1999,"G.S. FIAMME AZZURRE","Stoccolma","2026-06-07"
"giavellotto_800g",NULL,"SABBIO Emanuele","PM",1989,"G.A. FIAMME GIALLE","Catania","2011-10-24"
"Marcia_10000m","47:04.82","SABINO Pasquale","SM",1979,"C.S. CARABINIERI SEZ. ATLETICA","Firenze","2010-06-05"
"disco_2kg",NULL,"SACCOMANO Enrico","SM",2001,"C.S. AERONAUTICA MILITARE","Kladno","2026-06-09"
"5000m","14:20.53","SALAMI Najibe","SM35",1985,"C.S. ESERCITO","Trento","2021-07-13"
"1500m","4:00.41","SALAMI Najibe marco","SM",1985,"C.S. ESERCITO","Grosseto","2010-06-30"
"martello_4kg",NULL,"SALIS Silvia","SF",1985,"G.S. FIAMME AZZURRE","Genova","2016-02-06"
"200m","25.47","SALVAGNO Maria aurora","SF",1986,"C.S. AERONAUTICA MILITARE","Bari","2015-09-20"
"800m","2:11.94","SALVARANI Claudia","SF",1975,"G.S. FIAMME ORO PADOVA","Pergine Valsugana","2009-07-25"
"400m","48.70","SALVUCCI Marco","SM35",1976,"C.S. CARABINIERI SEZ. ATLETICA","Modena","2011-09-10"
"5000m","14:38.62","SANGUINETTI Andrea","SM",1992,"G.S. FIAMME ORO PADOVA","Forli'","2018-09-19"
"400m","48.82","SANNA Pierpaolo","SM",1980,"C.S. ESERCITO","Avellino","2005-06-15"
"5000m","16:26.81","SANTI Christine","SF",1995,"C.S. ESERCITO","Bressanone","2019-07-27"
"triplo",NULL,"SARDANO Emanuele","SM35",1979,"C.S. CARABINIERI SEZ. ATLETICA","Rovereto","2014-07-20"
"400m","53.62","SARTORI Rebecca","SF",1997,"G.S. FIAMME ORO PADOVA","Busto Arsizio","2026-06-02"
"1500m","3:49.74","SCAINI Stefano","SM",1983,"G.A. FIAMME GIALLE","Catania","2010-07-28"
"400m","57.9","SCARDANZAN Elisa","SF",1985,"G.S. FIAMME ORO PADOVA","Belluno","2009-08-22"
"asta",NULL,"SCARPELLINI Elena","SF",1987,"C.S. AERONAUTICA MILITARE","Jesolo","2015-09-27"
"5000m","17:43.60","SCAVOTTO Rosalia","SF",1971,"G.S. FIAMME ORO PADOVA","Cesenatico","2005-06-12"
"triplo",NULL,"SCHEMBRI Fabrizio","SM40",1981,"C.S. CARABINIERI SEZ. ATLETICA","Rovellasca","2022-07-20"
"60m","7.11","SCHIOPPA Emanuele","SM",1982,"C.S. ESERCITO","Ancona","2005-02-19"
"400m","55.77","SCHUTZMANN Maria teresa","SF",1979,"C.S. AERONAUTICA MILITARE","Cagliari","2008-07-20"
"200m","22.1","SCHUTZMANN Stefano","SM",1978,"G.S. FIAMME ORO PADOVA","Roma","2005-07-20"
"Marcia_10km","39:06","SCHWAZER Alex","SM",1984,"C.S. CARABINIERI SEZ. ATLETICA","Lugano","2012-03-18"
"800m","1:50.80","SCIANDRA Livio","SM",1980,"C.S. AERONAUTICA MILITARE","Sassari","2011-07-14"
"3000st_h91","9:04.54","SCOLERI Andrea","SM",1990,"C.S. AERONAUTICA MILITARE","Milano","2013-07-28"
"400m","44.77","SCOTTI Edoardo","SM",2000,"C.S. CARABINIERI SEZ. ATLETICA","Tokyo","2025-09-16"
"200m","21.86","SCUDERI Francesco","SM35",1977,"G.S. FIAMME AZZURRE","Rieti","2012-09-15"
"peso_7kg",NULL,"SECCI Daniele","SM",1992,"G.A. FIAMME GIALLE","Trieste","2017-07-01"
"5000m","16:17.15","SELVA Giovanna","SF",2000,"C.S. CARABINIERI SEZ. ATLETICA","Carquefou","2023-06-24"
"10000m","28:00.03","SELVAROLO Pasquale","SM",1999,"G.S. FIAMME AZZURRE","La Spezia","2026-05-23"
"1500m","3:54.05","SEPPI Andrea","SM",1988,"G.A. FIAMME GIALLE","Faenza","2012-09-12"
"400m","53.83","SERAMONDI Alessia","SF",2003,"G.A. FIAMME GIALLE","Padova","2026-02-14"
"400Hs_h91","50.37","SIBILIO Alessandro","SM",1999,"G.A. FIAMME GIALLE","Chorzow","2025-08-16"
"1500m","4:34.54","SICARI Vincenza","SF",1979,"C.S. ESERCITO","Lodi","2008-09-27"
"10000m","30:18.83","SIMIONATO Federico","SM",1979,"C.S. AERONAUTICA MILITARE","Rieti","2009-04-26"
"110Hs_h106-9.14","13.61","SIMONELLI Lorenzo ndele","SM",2002,"C.S. ESERCITO","Savona","2026-05-20"
"100m","10.97","SIMONI Luca","SM",1977,"G.S. FIAMME ORO PADOVA","Lana","2007-07-21"
"asta",NULL,"SINNO Alessandro","SM",1994,"C.S. AERONAUTICA MILITARE","Ancona","2023-02-19"
"alto",NULL,"SIOLI Matteo","PM",2005,"G.S. FIAMME AZZURRE","Roma","2026-06-04"
"200m","23.73","SIRAGUSA Irene","SF",1993,"C.S. ESERCITO","Firenze","2026-05-17"
"400m","46.22","SITO Luca","PM",2003,"G.A. FIAMME GIALLE","Tokyo","2025-09-14"
"1000m","2:34.73","SORGATO Nicola","SM",1981,"G.S. FIAMME ORO PADOVA","Treviso","2005-09-10"
"alto",NULL,"SOTTILE Stefano","SM",1998,"G.S. FIAMME AZZURRE","Bydgoszcz","2026-05-29"
"5000m","16:58.43","SOUFYANE Laila","SF35",1983,"C.S. ESERCITO","Firenze","2019-06-16"
"400m","55.06","SPACCA Maria enrica","SF",1986,"C.S. CARABINIERI SEZ. ATLETICA","Padova","2020-08-28"
"1500m","3:56.53","SPERNANZONI Marco","SM",1982,"C.S. AERONAUTICA MILITARE","Palermo","2007-09-29"
"800m","2:15.81","SPIGAROLO Anna chiara","PF",1985,"C.S. ESERCITO","Faenza","2007-09-19"
"Marcia_10km","40:04","STANO Massimo","SM",1992,"G.S. FIAMME ORO PADOVA","Madrid","2026-05-31"
"asta",NULL,"STECCHI Claudio michel","SM",1991,"G.A. FIAMME GIALLE","Torun","2025-02-16"
"3000m","10:09.09","STEFANI Anna","PF",1995,"C.S. CARABINIERI SEZ. ATLETICA","Rovereto","2017-09-16"
"Marcia_5000m","24:11.46","STELLA Noemi","PF",1997,"C.S. CARABINIERI SEZ. ATLETICA","Modena","2017-05-06"
"5000m","14:07.80","STERNI Riccardo","PM",1989,"C.S. ESERCITO","Rovereto","2011-09-13"
"lungo",NULL,"STRATI Laura","PF",1990,"C.S. ESERCITO","Rieti","2012-10-07"
"alto",NULL,"STRONATI Edoardo","PM",2004,"G.A. FIAMME GIALLE","Ancona","2026-03-01"
"disco_1kg",NULL,"STRUMILLO Stefania","SF35",1989,"G.S. FIAMME AZZURRE","Lucca","2026-06-07"
"3000st_h91","9:40.7","SUTTI Fabrizio","SM",1976,"G.S. FIAMME ORO PADOVA","Chiavenna","2009-09-10"
"200m","32.11","TALOTTI Alessandro","SM",1980,"C.S. CARABINIERI SEZ. ATLETICA","Parma","2013-09-12"
"giavellotto_800g",NULL,"TAMBERI Gianluca","SM",1990,"G.A. FIAMME GIALLE","Pescara","2017-06-24"
"alto",NULL,"TAMBERI Gianmarco","SM",1992,"G.S. FIAMME ORO PADOVA","Tokyo","2025-09-14"
"alto",NULL,"TAVERNINI Asia","SF",2001,"G.S. FIAMME ORO PADOVA","Bolzano/bozen","2026-05-16"
"800m","1:49.28","TECUCEANU Catalin","SM",1999,"G.S. FIAMME ORO PADOVA","Marsiglia","2026-06-10"
"110Hs_h106-9.14","14.54","TEDESCO Stefano","SM",1988,"G.A. FIAMME GIALLE","Gorizia","2016-09-10"
"100m","10.74","TEGLIELLI Stefano","SM",1978,"C.S. AERONAUTICA MILITARE","Colle Val Elsa","2010-10-03"
"100m","10.99","TENDI Lorenzo","SM",1975,"G.S. FIAMME ORO PADOVA","Arco","2009-05-03"
"100Hs_h84-8.50","13.81","TESSARO Giulia","SF",1985,"G.S. FIAMME ORO PADOVA","Osimo","2016-07-02"
"60Hs_h106-9.14","7.79","TOGNI Matteo","PM",2006,"G.S. FIAMME ORO PADOVA","Ancona","2026-02-28"
"100m","10.79","TOMASICCHIO Giovanni","SM",1982,"C.S. AERONAUTICA MILITARE","Avezzano","2005-08-21"
"400m","55.70","TOMASSETTI Marta","SF",1983,"C.S. ESERCITO","Ancona","2012-02-15"
"5000m","15:37.13","TOMMASI Francesca","PF",1998,"C.S. ESERCITO","Wetzikon","2020-06-16"
"Marcia_10000m","43:45.13","TONTODONATI Federico","SM35",1989,"C.S. AERONAUTICA MILITARE","Campobasso","2024-03-24"
"100m","10.60","TORRIERI Marco","SM",1978,"C.S. AERONAUTICA MILITARE","Roma","2011-06-07"
"200m","20.49","TORTU Filippo","SM",1998,"G.A. FIAMME GIALLE","Tokyo","2025-09-17"
"lungo",NULL,"TOSONI Laura","SF",1979,"C.S. ESERCITO","Lodi","2008-09-28"
"800m","2:07.35","TOZZI Martina","SF",1999,"G.A. FIAMME GIALLE","Lucca","2024-05-19"
"Marcia_10km","44:13","TRAPLETTI Valentina","SF40",1985,"C.S. ESERCITO","Caorle","2025-08-03"
"lungo",NULL,"TREMIGLIOZZI Stefano","SM",1985,"C.S. AERONAUTICA MILITARE","Ancona","2018-02-17"
"lungo",NULL,"TRENTIN Nicola","SM35",1974,"G.S. FIAMME AZZURRE","Sassari","2009-09-11"
"800m","2:27.32","TREVISAN Elisa","SF",1980,"G.S. FIAMME AZZURRE","Tallinn","2013-06-30"
"100m","10.99","TRICCA Michele","SM",1993,"G.A. FIAMME GIALLE","Roma","2021-09-21"
"alto",NULL,"TROST Alessia","SF",1993,"G.A. FIAMME GIALLE","Nantes","2024-01-27"
"60m","8.23","TUMI Michael","SM",1990,"G.S. FIAMME ORO PADOVA","Modena","2020-01-25"
"200m","22.52","TURCHI Teo","SM",1987,"C.S. CARABINIERI SEZ. ATLETICA","Chiari","2016-04-24"
"3000m","8:33.38","TURRONI Alessandro","PM",1988,"C.S. AERONAUTICA MILITARE","Velletri","2010-07-17"
"100m","10.60","ULISSE Angelo","SM",2003,"G.A. FIAMME GIALLE","Roma","2026-06-05"
"400m","48.55","USAI Pietro","SM",1981,"C.S. ESERCITO","Nuraminis","2005-09-10"
"1500m","3:42.10","VALDUGA Simone","PM",2004,"C.S. AERONAUTICA MILITARE","Lahti","2026-06-10"
"800m","2:18.69","VALENTE Daniela","SF",1981,"C.S. ESERCITO","Alessandria","2008-09-28"
"400m","48.08","VALENTINI Lorenzo","SM",1991,"G.A. FIAMME GIALLE","Pescara","2018-09-07"
"400m","49.63","VALLET Edoardo","SM",1977,"G.S. FIAMME ORO PADOVA","Ginevra","2009-06-06"
"alto",NULL,"VALLORTIGARA Elena","SF",1991,"C.S. CARABINIERI SEZ. ATLETICA","Caorle","2025-08-03"
"400m","54.39","VANDI Elisabetta","SF",2000,"G.S. FIAMME ORO PADOVA","Roma","2026-06-10"
"Marcia_5000m","21:39.19","VERDE Carmine","PM",1984,"C.S. AERONAUTICA MILITARE","Genova","2005-02-06"
"100m","10.78","VERDECCHIA Luca","SM",1978,"G.S. FIAMME ORO PADOVA","Roma","2011-05-25"
"400m","55.22","VERDERIO Ilaria","SF",1998,"G.A. FIAMME GIALLE","Brescia","2024-06-16"
"400Hs_h91","55.04","VEROLI Lorenzo","SM",1992,"G.S. FIAMME AZZURRE","Celle Ligure","2024-07-17"
"100m","11.70","VIANELLI Clarissa","PF",2005,"G.S. FIAMME ORO PADOVA","Mondovì","2026-06-02"
"lungo",NULL,"VICENZINO Tania","SF",1986,"C.S. ESERCITO","Rovereto","2020-09-08"
"alto",NULL,"VICINI Aurora","PF",2005,"C.S. CARABINIERI SEZ. ATLETICA","Novara","2026-05-30"
"3000st_h91","9:11.26","VILLANI Matteo","SM",1982,"C.S. CARABINIERI SEZ. ATLETICA","Modena","2012-09-22"
"3000m","8:10.39","VINCENTI Salvatore","SM35",1972,"G.A. FIAMME GIALLE","Rovereto","2008-05-04"
"5000m","15:28.22","VIOLA Giulia alessandra","SF",1991,"G.A. FIAMME GIALLE","Palo Alto","2017-05-05"
"giavellotto_600g",NULL,"VISCA Carolina","SF",2000,"G.A. FIAMME GIALLE","Fayetteville","2024-05-23"
"1500m","4:10.22","VISSA Sintayehu","SF",1996,"G.S. FIAMME ORO PADOVA","Turku","2025-06-17"
"200m","21.90","VISTALLI Marco francesco","SM",1987,"G.S. FIAMME ORO PADOVA","Lodi","2014-04-27"
"Marcia_5000m","24:18.21","VITIELLO Sara","SF",1996,"G.S. FIAMME ORO PADOVA","Correggio","2025-09-07"
"1500m","5:36.40","VITI Marzio","SM35",1973,"C.S. CARABINIERI SEZ. ATLETICA","Busto Arsizio","2009-09-13"
"martello_7kg",NULL,"VIZZONI Nicola","SM40",1973,"G.A. FIAMME GIALLE","Livorno","2016-07-02"
"peso_7kg",NULL,"WEIR Zane","SM",1995,"G.A. FIAMME GIALLE","Ostrava","2022-05-31"
"peso_7kg",NULL,"WEIR Zane sean","SM",1995,"G.A. FIAMME GIALLE","Lucca","2026-06-07"
"3000m","9:25.92","YAREMCHUK Sofiia","SF",1994,"C.S. ESERCITO","Busto Arsizio","2025-09-21"
"5000m","16:07.01","ZANATTA Michela","SF",1978,"C.S. ESERCITO","Pergine","2006-09-24"
"10000m","29:44.79","ZANATTA Paolo","SM35",1982,"G.S. FIAMME ORO PADOVA","Marina Di Carrara","2017-04-22"
"800m","1:56.19","ZANCHI Paolo","PM",1987,"G.A. FIAMME GIALLE","Padova","2007-07-27"
"800m","1:54.35","ZANINI Manuel","PM",2006,"G.A. FIAMME GIALLE","Rodengo Saiano","2026-05-26"
"10000m","34:31.30","ZANNE Federica","SF",1997,"C.S. ESERCITO","La Spezia","2026-05-23"
"1miglio","4:09.98","ZANON Simone","SM",1975,"G.S. FIAMME ORO PADOVA","Riese Pio X","2005-09-04"
"lungo",NULL,"ZANON Veronica","SF",2001,"G.S. FIAMME ORO PADOVA","Ancona","2026-02-01"
"400m","51.4","ZAZZERA Luca","PM",1986,"G.S. FIAMME ORO PADOVA","Foggia","2008-05-01"
"disco_2kg",NULL,"ZITELLI Marco","SM",1982,"C.S. AERONAUTICA MILITARE","Rieti","2013-09-28"
"3000st_h91","8:27.55","ZOGHLAMI Ala","SM",1994,"G.S. FIAMME ORO PADOVA","Lucca","2026-06-07"
"3000st_h91","8:21.67","ZOGHLAMI Osama","SM",1994,"C.S. AERONAUTICA MILITARE","Karlsruhe","2026-05-30"
