"atleta","link_atleta","cod_società_precedente","società_precedente","data_ultimo_risultato_vecchia_società","disciplina_vecchia","tempo_vecchio","cod_società_nuova","società_nuova","data_primo_risultato_nuova_società","disciplina_nuova","tempo_nuovo","anno_nascita","età_al_cambio"
"FURLANI Mattia","https://www.fidal.it/atleta/FURLANI-Mattia/f6uRkpKlb2o%3D","RI223","ATL.STUD. RIETI ANDREA MILARDI","2022-07-07","alto",2.15,"PD131","G.S. FIAMME ORO PADOVA","2022-08-01","lungo",7.85,2005,17
"SIMONELLI Lorenzo ndele","https://www.fidal.it/atleta/SIMONELLI-Lorenzo-ndele/f6yRkpqnbGg%3D","RM218","ESERCITO SPORT & GIOVANI","2019-09-21","100m",11.09,"RM052","C.S. ESERCITO","2020-07-04","110Hs_h106-9.14",15.81,2002,18
"TOGNI Matteo","https://www.fidal.it/atleta/TOGNI-Matteo/dqmRmZSoa2c%3D","BG795","BERGAMO STARS ATLETICA","2024-06-22","110Hs_h106-9.14",13.94,"PD131","G.S. FIAMME ORO PADOVA","2024-06-29","110Hs_h106-9.14",13.83,2006,18
"CLEMENTE Anna","https://www.fidal.it/atleta/CLEMENTE-Anna/hK2RkpKgbGQ%3D","TA451","A.S.D. ATLETICA DON MILANI","2011-10-30","Marcia_10km",3148.24,"RM056","G.A. FIAMME GIALLE","2012-02-18","Marcia_3000m",854.87,1994,18
"COIRO Eloisa","https://www.fidal.it/atleta/COIRO-Eloisa/f6yRk5mjaGk%3D","RM161","ATL. ROMA ACQUACETOSA","2017-07-22","800m",127.79,"RM002","G.S. FIAMME AZZURRE","2018-06-10","400m",55.3,2000,18
"BANDAOGO Yassin","https://www.fidal.it/atleta/BANDAOGO-Yassin/eK6Rk5Smb2w%3D","VI626","ATL.VICENTINA","2022-02-27","60m",6.79,"PD131","G.S. FIAMME ORO PADOVA","2022-07-03","100m",10.77,2004,18
"BALDESSARI Irene","https://www.fidal.it/atleta/BALDESSARI-Irene/d6iRkpmicWw%3D","TN524","G.S. TRILACUM","2011-07-21","800m",130.35,"RM052","C.S. ESERCITO","2011-09-03","800m",129.73,1993,18
"VERDERIO Ilaria","https://www.fidal.it/atleta/VERDERIO-Ilaria/dq2RlJanbmY%3D","MI089","PRO SESTO ATL.","2015-10-04","400Hs_h76",62.28,"RM056","G.A. FIAMME GIALLE","2016-01-17","400m",55.44,1998,18
"DE ROSA Davide","https://www.fidal.it/atleta/DE-ROSA-Davide/f6yRk5mkbGU%3D","RM218","ESERCITO SPORT & GIOVANI","2022-09-11","800m",113.4,"RM052","C.S. ESERCITO","2023-01-08","400m",49.34,2005,18
"TORTU Filippo","https://www.fidal.it/atleta/TORTU-Filippo/dq2Rk5ufaWg%3D","MI080","ATL. RICCARDI MILANO","2015-06-07","200m",20.92,"RM056","G.A. FIAMME GIALLE","2016-04-25","100m",10.48,1998,18
"BATTOCLETTI Nadia","https://www.fidal.it/atleta/BATTOCLETTI-Nadia/d6iRk5ela2w%3D","TN102","ATL.  VALLI DI NON E SOLE","2017-08-24","2000st_h76",398.95,"RM002","G.S. FIAMME AZZURRE","2018-04-18","3000m",560.8,2000,18
"CESTONARO Ottavia","https://www.fidal.it/atleta/CESTONARO-Ottavia/eK6RkpKobWU%3D","VI626","ATL.VICENTINA","2013-06-15","triplo",13.69,"RI224","G.S. FORESTALE","2013-07-01","triplo",13.37,1995,18
"GIAMPIETRO Sydney francesca","https://www.fidal.it/atleta/GIAMPIETRO-Sydney-francesca/dq2RlZmjb2Y%3D","MI077","CUS PRO PATRIA MILANO","2016-10-02","disco_1kg",46.49,"RM056","G.A. FIAMME GIALLE","2017-02-18","peso_4kg",15.2,1999,18
"BELLO' Elena","https://www.fidal.it/atleta/BELLO-Elena/eK6Rkpajb2c%3D","VI626","ATL.VICENTINA","2014-10-05","800m",138.31,"RM002","G.S. FIAMME AZZURRE","2015-02-01","400m",56.74,1997,18
"DE ANGELIS Ivan","https://www.fidal.it/atleta/DE-ANGELIS-Ivan/f6yRk5Wob2c%3D","RM057","FIAMME GIALLE G. SIMONI","2018-10-16","asta",4.82,"RM056","G.A. FIAMME GIALLE","2019-01-12","asta",4.7,2001,18
"ANGIOI Anastassia","https://www.fidal.it/atleta/ANGIOI-Anastassia/iKiSmZSobmQ%3D","SS019","C.U.S. SASSARI","2012-07-13","lungo",6.08,"RI224","G.S. FORESTALE","2013-02-16","lungo",6.01,1995,18
"VISCA Carolina","https://www.fidal.it/atleta/VISCA-Carolina/f6iRmZWnb2k%3D","RM057","FIAMME GIALLE G. SIMONI","2018-04-27","giavellotto_600g",56.79,"RM056","G.A. FIAMME GIALLE","2018-06-01","giavellotto_600g",49.78,2000,18
"ROSSIT Desiree","https://www.fidal.it/atleta/ROSSIT-Desiree/eayRk5OfbWM%3D","UD030","ATLETICA UDINESE MALIGNANI","2011-10-01","alto",1.76,"PD131","G.S. FIAMME ORO PADOVA","2012-05-19","alto",1.69,1994,18
"BENEDETTI Benedetta","https://www.fidal.it/atleta/BENEDETTI-Benedetta/f62Rkpaoa2U%3D","RI223","ATL.STUD. RIETI ANDREA MILARDI","2021-06-18","peso_4kg",14.16,"RM052","C.S. ESERCITO","2021-06-20","peso_4kg",13.92,2003,18
"PAGLIARINI Alice","https://www.fidal.it/atleta/PAGLIARINI-Alice/f6yRk5SiaGw%3D","PU001","ATLETICA FANO TECHFEM","2023-09-24","200m",24.51,"RM056","G.A. FIAMME GIALLE","2024-01-14","60m",7.4,2006,18
"OKI Desola madelaine","https://www.fidal.it/atleta/OKI-Desola-madelaine/eq6RkpOjcGQ%3D","PR068","C.U.S. PARMA","2017-08-26","100m",12.22,"PD131","G.S. FIAMME ORO PADOVA","2017-09-09","100Hs_h84-8.50",14.54,1999,18
"COSTANZA Valentina","https://www.fidal.it/atleta/COSTANZA-Valentina/dKAAARk5ehaWg%3D","BO008","C.U.S. BOLOGNA","2006-05-07","1500m",266.46,"RM052","C.S. ESERCITO","2006-05-20","1500m",273.39,1987,19
"GRECO Daniele","https://www.fidal.it/atleta/GRECO-Daniele/hKiSmpKgaGs%3D","TE049","ASD BRUNI PUBBL. ATL. VOMANO","2008-08-03","triplo",16.41,"PD131","G.S. FIAMME ORO PADOVA","2008-09-04","triplo",16.09,1989,19
"SECCI Daniele","https://www.fidal.it/atleta/SECCI-Daniele/f6iRmZOnaGo%3D","RM057","FIAMME GIALLE G. SIMONI","2010-10-10","peso_7kg",17.44,"RM056","G.A. FIAMME GIALLE","2011-01-22","peso_7kg",17.4,1992,19
"CRIPPA Yemaneberhan","https://www.fidal.it/atleta/CRIPPA-Yemaneberhan/d6iRk5OgbmQ%3D","TN104","GS VALSUGANA TRENTINO","2014-09-20","5000m",862.17,"PD131","G.S. FIAMME ORO PADOVA","2015-02-07","1500m",231.43,1996,19
"SCOTTI Edoardo","https://www.fidal.it/atleta/SCOTTI-Edoardo/dq2Rl5efbGg%3D","PR068","C.U.S. PARMA","2018-09-23","800m",112.71,"BO011","C.S. CARABINIERI SEZ. ATLETICA","2019-01-12","50m",6.07,2000,19
"CUNEO Benedetta","https://www.fidal.it/atleta/CUNEO-Benedetta/famRkpKjams%3D","FI002","ATLETICA FIRENZE MARATHON S.S.","2014-09-28","lungo",5.45,"RM056","G.A. FIAMME GIALLE","2015-01-17","60m",7.91,1996,19
"DALLAVALLE Andrea","https://www.fidal.it/atleta/DALLAVALLE-Andrea/eqiRlpOgbmw%3D","PC084","ATL. PIACENZA","2018-05-06","lungo",7.5,"RM056","G.A. FIAMME GIALLE","2018-06-19","triplo",16.11,1999,19
"TRICCA Michele","https://www.fidal.it/atleta/TRICCA-Michele/dK6RlJukbGs%3D","TO003","ATLETICA SUSA","2011-10-23","asta",2.3,"RM056","G.A. FIAMME GIALLE","2012-02-18","400m",47.32,1993,19
"DEL BUONO Federica","https://www.fidal.it/atleta/DEL-BUONO-Federica/eK6RkpOjaGU%3D","VI626","ATL.VICENTINA","2013-05-05","1500m",259.61,"RI224","G.S. FORESTALE","2013-09-11","3000m",574.7,1994,19
"MACH DI PALMSTEIN Ivan","https://www.fidal.it/atleta/MACH-DI-PALMSTEIN-Ivan/faiSkpShaGo%3D","MI080","ATL. RICCARDI MILANO","2010-03-06","60Hs_h100-9.14",7.83,"RM056","G.A. FIAMME GIALLE","2011-05-22","110Hs_h100-9.14",14.05,1992,19
"BRUNI Roberta","https://www.fidal.it/atleta/BRUNI-Roberta/f6iRmZSla2M%3D","RI223","ATL. STUDENTESCA CA.RI.RI","2013-07-21","asta",4.15,"RI224","G.S. FORESTALE","2013-07-28","asta",4.1,1994,19
"LORENZI Marco","https://www.fidal.it/atleta/LORENZI-Marco/d6iRkpmlbGg%3D","TN104","GS VALSUGANA TRENTINO","2011-09-18","400m",49.24,"RM056","G.A. FIAMME GIALLE","2012-01-21","60m",7.04,1993,19
"LONGOBARDI Eduardo","https://www.fidal.it/atleta/LONGOBARDI-Eduardo/f6yRk5OlcGg%3D","RM057","FIAMME GIALLE G. SIMONI","2023-07-23","200m",21.4,"RM056","G.A. FIAMME GIALLE","2024-01-14","60m",6.82,2005,19
"BENATI Lorenzo","https://www.fidal.it/atleta/BENATI-Lorenzo/f6yRkpKhcWo%3D","RM161","ATL. ROMA ACQUACETOSA","2021-03-05","400m",48.24,"RM002","G.S. FIAMME AZZURRE","2021-04-16","400m",47.52,2002,19
"CALCAGNO Clelia","https://www.fidal.it/atleta/CALCAGNO-Clelia/dK6RlJmfcGk%3D","RM218","ESERCITO SPORT & GIOVANI","2009-08-02","200m",24.98,"RM052","C.S. ESERCITO","2010-02-07","400m",56.55,1991,19
"BENCOSME DE LEON Jose reynaldo","https://www.fidal.it/atleta/BENCOSME-DE-LEON-Jose-reynaldo/dKiRk5mnaGU%3D","CN013","A.S.D. ATLETICA CUNEO","2010-07-22","400Hs_h91",52.15,"RM056","G.A. FIAMME GIALLE","2011-04-17","300m",34.19,1992,19
"DESALU Eseosa fostine","https://www.fidal.it/atleta/DESALU-Eseosa-fostine/dqiSl5ehcWo%3D","PR484","ASD INTERFLUMINA E' PIU' POMI'","2012-09-16","200m",21.95,"RM056","G.A. FIAMME GIALLE","2013-01-26","60m",6.78,1994,19
"TEDESCO Stefano","https://www.fidal.it/atleta/TEDESCO-Stefano/eKiRlJakbmY%3D","VI619","S.S. ATL.BREGANZE ASI","2005-06-27","lungo",5.84,"RM056","G.A. FIAMME GIALLE","2007-02-10","60Hs_h100-9.14",8.17,1988,19
"AITA Giuseppe","https://www.fidal.it/atleta/AITA-Giuseppe/gKiRlZihcWk%3D","MI080","ATL. RICCARDI MILANO","2007-02-25","60m",7.18,"PD131","G.S. FIAMME ORO PADOVA","2007-05-19","100m",11.0,1988,19
"CAPPABIANCA Alessia","https://www.fidal.it/atleta/CAPPABIANCA-Alessia/f6yRkpana2o%3D","RM218","ESERCITO SPORT & GIOVANI","2020-09-05","200m",25.92,"RM052","C.S. ESERCITO","2021-05-29","100m",12.0,2002,19
"ALBERTAZZI Eduardo","https://www.fidal.it/atleta/ALBERTAZZI-Eduardo/e6iRk5OgaGc%3D","AP005","ASA ASCOLI PICENO","2010-03-14","disco_1.75kg",52.45,"RM056","G.A. FIAMME GIALLE","2010-04-24","disco_2kg",55.07,1991,19
"KADDARI Dalia","https://www.fidal.it/atleta/KADDARI-Dalia/iKmRkpqib2k%3D","CA032","AS TESPIENSE QUARTU","2019-09-05","100m",11.72,"PD131","G.S. FIAMME ORO PADOVA","2020-01-26","60m",7.4,2001,19
"BENEDETTI Giordano","https://www.fidal.it/atleta/BENEDETTI-Giordano/d6iRkpmob2M%3D","TN101","ATLETICA TRENTO CMB","2008-05-11","800m",107.52,"RM056","G.A. FIAMME GIALLE","2008-05-17","400m",48.57,1989,19
"CARNE Tatiane","https://www.fidal.it/atleta/CARNE-Tatiane/dqmRlpujcGY%3D","BG003","ATL. BERGAMO 1959 CREBERG","2008-10-12","asta",3.6,"RM002","G.S. FIAMME AZZURRE","2009-01-18","asta",3.4,1990,19
"CAROLLO Giuseppe","https://www.fidal.it/atleta/CAROLLO-Giuseppe/eKiRlJqmamk%3D","MI080","ATL. RICCARDI MILANO","2009-10-11","alto",2.08,"PD131","G.S. FIAMME ORO PADOVA","2010-01-17","alto",2.12,1991,19
"ROFFINO Valeria","https://www.fidal.it/atleta/ROFFINO-Valeria/dKAAARkpqgb2U%3D","TO185","RUNNER TEAM 99 SBV","2008-09-11","5000m",1041.22,"RM002","G.S. FIAMME AZZURRE","2009-05-16","3000st_h76",642.6,1990,19
"RIVA Pietro","https://www.fidal.it/atleta/RIVA-Pietro/dKyRk5uhbGQ%3D","CN008","A.S.D. ATLETICA ALBA","2016-06-02","1500m",226.98,"PD131","G.S. FIAMME ORO PADOVA","2016-06-11","5000m",861.86,1997,19
"DISABATO Giuseppe","https://www.fidal.it/atleta/DISABATO-Giuseppe/hKmRkpiocWk%3D","BA005","AMATORI ATL. ACQUAVIVA","2024-08-30","Marcia_10000m",2371.25,"RM056","G.A. FIAMME GIALLE","2025-01-26","Marcia_10km",2457.24,2006,19
"KABANGU Ngalula gloria","https://www.fidal.it/atleta/KABANGU-Ngalula-gloria/f62RkpikbGk%3D","RM131","A.S.D. ACSI ITALIA ATLETICA","2024-07-13","400m",53.89,"RM052","C.S. ESERCITO","2024-07-26","800m",127.81,2005,19
"GILIBERTO Simone","https://www.fidal.it/atleta/GILIBERTO-Simone/h7GRkpSgamU%3D","SR248","SIRACUSATLETICA","2024-09-14","100m",10.73,"RM056","G.A. FIAMME GIALLE","2025-01-18","400m",48.43,2006,19
"FURLANI Erika","https://www.fidal.it/atleta/FURLANI-Erika/f6iRmZina2o%3D","PI071","CUS PISA ATLETICA CASCINA","2014-09-27","alto",1.79,"PD131","G.S. FIAMME ORO PADOVA","2015-01-24","alto",1.82,1996,19
"DOSSO Zaynab","https://www.fidal.it/atleta/DOSSO-Zaynab/erGRkpSibWo%3D","RE106","CALCESTRUZZI CORRADINI EXCELS.","2018-02-04","200m",24.38,"RM002","G.S. FIAMME AZZURRE","2018-02-18","60m",7.4,1999,19
"FOLORUNSO Ayomide temilade","https://www.fidal.it/atleta/FOLORUNSO-Ayomide-temilade/eq6RkpOla2k%3D","PR068","C.U.S. PARMA","2015-06-07","200m",23.6,"PD131","G.S. FIAMME ORO PADOVA","2015-06-12","400m",54.78,1996,19
"APOLLONI Federico","https://www.fidal.it/atleta/APOLLONI-Federico/f6iRlpqjcWU%3D","RM057","FIAMME GIALLE G. SIMONI","2006-06-03","sconosciuto_cod_81",16.22,"RM052","C.S. ESERCITO","2006-07-23","sconosciuto_cod_81",16.3,1987,19
"PRINETTI ANZALAPAYA Lucia","https://www.fidal.it/atleta/PRINETTI-ANZALAPAYA-Lucia/dKAAARk5umaGg%3D","VC055","PGS DECATHLON VERCELLI","2015-10-18","martello_4kg",54.5,"RM056","G.A. FIAMME GIALLE","2016-01-24","martello_4kg",58.57,1997,19
"PIERONI Idea","https://www.fidal.it/atleta/PIERONI-Idea/fa2RkpOia2o%3D","LU100","A.S. ATLETICA VIRTUS LUCCA","2020-09-19","alto",1.81,"BO011","C.S. CARABINIERI SEZ. ATLETICA","2021-01-24","alto",1.79,2002,19
"ETTAQY Said","https://www.fidal.it/atleta/ETTAQY-Said/fa2RkpKka2s%3D","LU100","ATL. VIRTUS  CR LUCCA","2015-06-07","5000m",895.53,"RM052","C.S. ESERCITO","2015-06-12","3000st_h91",543.74,1996,19
"STELLA Noemi","https://www.fidal.it/atleta/STELLA-Noemi/hKiSmpSgb2k%3D","TA451","A.S.D. ATLETICA DON MILANI","2015-07-16","Marcia_10000m",2683.78,"BO011","C.S. CARABINIERI SEZ. ATLETICA","2016-04-17","Marcia_10000m",2889.16,1997,19
"PERINI Lorenzo","https://www.fidal.it/atleta/PERINI-Lorenzo/drKRkpSncWk%3D","VA119","O.S.A. SARONNO LIB.","2013-05-19","110Hs_h100-9.14",13.68,"RM053","C.S. AERONAUTICA MILITARE","2013-06-01","110Hs_h100-9.14",13.56,1994,19
"STEFANI Anna","https://www.fidal.it/atleta/STEFANI-Anna/iaiRkpqhbGg%3D","BZ013","ASV STERZING VOLKSBANK","2014-07-24","3000m",563.12,"RI224","G.S. FORESTALE","2014-08-29","1500m",270.64,1995,19
"ULISSE Angelo","https://www.fidal.it/atleta/ULISSE-Angelo/f6yRlJmlamk%3D","RM057","FIAMME GIALLE G. SIMONI","2021-08-18","100m",10.56,"RM056","G.A. FIAMME GIALLE","2022-01-16","60m",6.68,2003,19
"IAPICHINO Larissa","https://www.fidal.it/atleta/IAPICHINO-Larissa/faqRkpqka2U%3D","FI002","ATLETICA FIRENZE MARATHON S.S.","2020-09-19","lungo",6.48,"RM056","G.A. FIAMME GIALLE","2021-02-06","lungo",6.75,2002,19
"TROST Alessia","https://www.fidal.it/atleta/TROST-Alessia/eaqRkpmfb2c%3D","PN039","ATLETICA BRUGNERA FRIULINTAGLI","2011-10-08","alto",1.76,"RM056","G.A. FIAMME GIALLE","2012-01-29","alto",1.91,1993,19
"PATANO Francesco","https://www.fidal.it/atleta/PATANO-Francesco/f6iRmJeoaGk%3D","RM057","FIAMME GIALLE G. SIMONI","2010-10-10","400Hs_h91",54.92,"RM056","G.A. FIAMME GIALLE","2011-05-15","400Hs_h91",53.81,1992,19
"PALMISANO Antonella","https://www.fidal.it/atleta/PALMISANO-Antonella/hKiSmpSjb2o%3D","TA451","A.S.D. ATLETICA DON MILANI","2010-04-10","Marcia_10km",2749.24,"RM056","G.A. FIAMME GIALLE","2010-05-16","Marcia_10km",2872.24,1991,19
"ZANINI Manuel","https://www.fidal.it/atleta/ZANINI-Manuel/drKRk5ShbGM%3D","VA918","VARESE ATLETICA A.S.D.","2024-08-28","1500m",225.27,"RM056","G.A. FIAMME GIALLE","2025-04-27","1500m",229.16,2006,19
"FORTE Simone","https://www.fidal.it/atleta/FORTE-Simone/f6yRkpOgaWs%3D","RM046","ACSI CAMPIDOGLIO PALATINO","2014-09-28","triplo",14.57,"RM056","G.A. FIAMME GIALLE","2015-01-24","triplo",15.82,1996,19
"PALAZZO Marcello","https://www.fidal.it/atleta/PALAZZO-Marcello/hKiSmZmoa2U%3D","FG271","CUS FOGGIA","2009-10-07","asta",4.8,"PD131","G.S. FIAMME ORO PADOVA","2010-02-07","asta",5.0,1991,19
"CHIAPPINELLI Yohanes","https://www.fidal.it/atleta/CHIAPPINELLI-Yohanes/fbKRkpKga2s%3D","SI043","MONTEPASCHI UISP ATL. SIENA","2015-09-27","3000st_h91",554.31,"BO011","C.S. CARABINIERI SEZ. ATLETICA","2016-05-21","1500m",236.16,1997,19
"GHERGO Angelica","https://www.fidal.it/atleta/GHERGO-Angelica/e6mRkpOha2s%3D","FM050","TEAM ATLETICA MARCHE","2021-06-13","400Hs_h76",59.39,"RM052","C.S. ESERCITO","2021-07-16","400Hs_h76",59.52,2002,19
"FORTUNA Diletta","https://www.fidal.it/atleta/FORTUNA-Diletta/eK6Rkpenbmg%3D","VI626","ATL.VICENTINA","2019-09-15","disco_1kg",45.98,"BO011","C.S. CARABINIERI SEZ. ATLETICA","2020-07-04","disco_1kg",46.55,2001,19
"SOTTILE Stefano","https://www.fidal.it/atleta/SOTTILE-Stefano/dKAAARk5qga2Q%3D","VC045","ATLETICA VALSESIA","2016-09-11","alto",2.06,"RM002","G.S. FIAMME AZZURRE","2017-01-14","alto",2.12,1998,19
"BOCCHI Tobia","https://www.fidal.it/atleta/BOCCHI-Tobia/eqiRlpWnb2Q%3D","PR068","C.U.S. PARMA","2015-09-27","lungo",6.69,"BO011","C.S. CARABINIERI SEZ. ATLETICA","2016-02-07","triplo",15.52,1997,19
"SINNO Alessandro","https://www.fidal.it/atleta/SINNO-Alessandro/f6iRmJOgbWw%3D","RM057","FIAMME GIALLE G. SIMONI","2013-07-20","asta",4.85,"RM053","C.S. AERONAUTICA MILITARE","2013-07-27","asta",4.8,1994,19
"GHERARDI Chiara","https://www.fidal.it/atleta/GHERARDI-Chiara/f6iRmZmna2k%3D","RI223","ATL.STUD. RIETI ANDREA MILARDI","2019-09-21","100m",12.08,"RM056","G.A. FIAMME GIALLE","2020-01-29","60m",7.65,2001,19
"BONGIORNI Anna","https://www.fidal.it/atleta/BONGIORNI-Anna/faiSkpajbWc%3D","PI071","CUS PISA ATLETICA CASCINA","2011-10-09","200m",24.59,"RI224","G.S. FORESTALE","2012-01-21","60m",7.72,1993,19
"MUSCI Carmelo alessandro","https://www.fidal.it/atleta/MUSCI-Carmelo-alessandro/hKmRkpinb2s%3D","BA091","ATL. ADEN  EXPRIVIA MOLFETTA","2019-07-28","disco_2kg",47.18,"RM056","G.A. FIAMME GIALLE","2020-01-26","peso_6kg",20.25,2001,19
"MORI Rachele","https://www.fidal.it/atleta/MORI-Rachele/fayRkpOfa2g%3D","LI036","ATLETICA LIVORNO","2021-09-19","disco_1kg",27.3,"RM056","G.A. FIAMME GIALLE","2022-01-23","martello_4kg",61.2,2003,19
"MELLUZZO Matteo","https://www.fidal.it/atleta/MELLUZZO-Matteo/h7GRkpKka2s%3D","SR128","A.S. DIL. MILONE","2020-09-20","200m",22.04,"RM056","G.A. FIAMME GIALLE","2021-02-06","60m",6.89,2002,19
"VANDI Elisabetta","https://www.fidal.it/atleta/VANDI-Elisabetta/e6iRk5mfbGg%3D","MC004","ATL. AVIS MACERATA","2019-04-18","400m",52.82,"PD131","G.S. FIAMME ORO PADOVA","2019-06-01","100m",11.94,2000,19
"ABDIKADAR SHEIK ALI Mohad","https://www.fidal.it/atleta/ABDIKADAR-SHEIK-ALI-Mohad/f6iRmZmnb2M%3D","RI223","ATL. STUDENTESCA CA.RI.RI","2011-10-09","800m",113.17,"RM053","C.S. AERONAUTICA MILITARE","2012-01-28","800m",111.46,1993,19
"LAZZARO Giovanni","https://www.fidal.it/atleta/LAZZARO-Giovanni/eKyRkpqka2k%3D","PD140","ASSINDUSTRIA SPORT","2024-06-02","400m",48.51,"RM053","C.S. AERONAUTICA MILITARE","2024-06-19","800m",106.91,2004,20
"LATINI Giulia","https://www.fidal.it/atleta/LATINI-Giulia/f6iRl5ahb2M%3D","RI223","ATL. STUDENTESCA CA.RI.RI","2010-10-10","200m",25.05,"RI224","G.S. FORESTALE","2011-01-15","60m",7.78,1991,20
"VALLORTIGARA Elena","https://www.fidal.it/atleta/VALLORTIGARA-Elena/eK6RkpKga2U%3D","PD140","ASSINDUSTRIA SPORT PADOVA","2010-10-09","alto",1.8,"RI224","G.S. FORESTALE","2011-01-29","alto",1.9,1991,20
"DI LAZZARO Elisa maria","https://www.fidal.it/atleta/DI-LAZZARO-Elisa-maria/eauRkpuiaWQ%3D","PR068","C.U.S. PARMA","2017-12-23","50Hs_h84-8.50",7.39,"BO011","C.S. CARABINIERI SEZ. ATLETICA","2018-02-10","60Hs_h84-8.50",8.4,1998,20
"DI LORETO Teresa","https://www.fidal.it/atleta/DI-LORETO-Teresa/gKiRlZajaGo%3D","RM131","FONDIARIA - SAI ATLETICA","2008-10-12","lungo",5.73,"RM002","G.S. FIAMME AZZURRE","2009-01-17","alto",1.59,1989,20
"KABORE' Camillo","https://www.fidal.it/atleta/KABORE-Camillo/drKRkpOgamM%3D","VA123","CUS DEI LAGHI - ATL. VARESE","2011-02-19","lungo",7.38,"BO011","C.S. CARABINIERI SEZ. ATLETICA","2011-05-14","100m",11.35,1991,20
"DINI Lorenzo","https://www.fidal.it/atleta/DINI-Lorenzo/faiSkpWgcGk%3D","LI036","ATLETICA LIVORNO","2013-07-18","10000m",1771.11,"RM056","G.A. FIAMME GIALLE","2014-02-23","3000m",482.34,1994,20
"DINI Samuele","https://www.fidal.it/atleta/DINI-Samuele/faiSkpWgcGo%3D","LI036","ATLETICA LIVORNO","2013-09-29","5000m",869.59,"RM056","G.A. FIAMME GIALLE","2014-03-16","10000m",1838.34,1994,20
"JEMAI Sara","https://www.fidal.it/atleta/JEMAI-Sara/dq2Rk5ugbGQ%3D","MI244","U.S. SANGIORGESE","2012-07-01","giavellotto_600g",45.5,"RM052","C.S. ESERCITO","2012-07-08","giavellotto_600g",49.26,1992,20
"DONOLA Mattia","https://www.fidal.it/atleta/DONOLA-Mattia/dq2RlZaha2U%3D","MI089","PRO SESTO ATL.","2019-09-15","200m",21.53,"BO011","C.S. CARABINIERI SEZ. ATLETICA","2020-07-23","200m",21.44,2000,20
"JACOBS Lamont marcell","https://www.fidal.it/atleta/JACOBS-Lamont-marcell/dqqRlpuiaWs%3D","LU100","ATL. VIRTUS  CR LUCCA","2013-09-29","lungo",7.68,"PD131","G.S. FIAMME ORO PADOVA","2014-01-19","60m",6.96,1994,20
"VALDUGA Simone","https://www.fidal.it/atleta/VALDUGA-Simone/d6iRk5mjaWk%3D","TN109","U.S. QUERCIA DAO CONAD","2024-05-26","1500m",241.42,"RM053","C.S. AERONAUTICA MILITARE","2024-07-09","800m",110.2,2004,20
"EL MAZOURY Ahmed","https://www.fidal.it/atleta/EL-MAZOURY-Ahmed/dquRkpWjcGg%3D","CO208","ATL. LECCO-COLOMBO COSTRUZ.","2009-10-10","1500m",255.36,"RM056","G.A. FIAMME GIALLE","2010-04-25","10000m",1772.32,1990,20
"INZOLI Francesco ettore","https://www.fidal.it/atleta/INZOLI-Francesco-ettore/dq2RmJigaWc%3D","MI080","ATL. RICCARDI MILANO 1946","2024-09-29","100m",10.92,"RM056","G.A. FIAMME GIALLE","2025-01-12","lungo",7.56,2005,20
"EPIS Giovanna","https://www.fidal.it/atleta/EPIS-Giovanna/eKiRlJqlb2c%3D","VE470","VENEZIA RUNNERS ATL.MURANO","2007-09-19","1500m",276.47,"RI224","G.S. FORESTALE","2008-01-19","1500m",283.85,1988,20
"FABBRI Leonardo","https://www.fidal.it/atleta/FABBRI-Leonardo/faiSkpKfamk%3D","FI002","ATLETICA FIRENZE MARATHON S.S.","2017-06-09","peso_7kg",19.04,"RM053","C.S. AERONAUTICA MILITARE","2017-07-01","peso_7kg",19.33,1997,20
"ACETI Vladimir","https://www.fidal.it/atleta/ACETI-Vladimir/dq2Rk5ugbmk%3D","MI214","ATL. VIS NOVA GIUSSANO","2018-04-25","200m",21.29,"RM056","G.A. FIAMME GIALLE","2018-05-23","200m",21.1,1998,20
"ARCIONI Giulia","https://www.fidal.it/atleta/ARCIONI-Giulia/f6iRlZeicGs%3D","RI223","ATL. STUDENTESCA CA.RI.RI","2005-10-09","200m",24.7,"RI224","G.S. FORESTALE","2006-01-22","60m",7.6,1986,20
"INGLESE Veronica","https://www.fidal.it/atleta/INGLESE-Veronica/hKiSmZmhb2M%3D","TE138","ATLETICA GRAN SASSO SSD A R.L.","2009-09-27","800m",140.87,"RM052","C.S. ESERCITO","2010-05-01","5000m",974.59,1990,20
"HOOPER Gloria","https://www.fidal.it/atleta/HOOPER-Gloria/eKiRlZSlbGs%3D","VR833","LIBERTAS VALPOLICELLA LUPATOTI","2011-09-25","200m",24.86,"RI224","G.S. FORESTALE","2012-01-21","60m",7.55,1992,20
"FERRARA Riccardo","https://www.fidal.it/atleta/FERRARA-Riccardo/hquRkpOhbWo%3D","PA001","A.S.D. C.U.S. PALERMO","2021-05-01","disco_2kg",52.23,"BO011","C.S. CARABINIERI SEZ. ATLETICA","2021-05-08","peso_7kg",19.8,2001,20
"FERRARO Federica","https://www.fidal.it/atleta/FERRARO-Federica/daiRk5OhcWw%3D","SV037","UNIVERSALE ALBA DOCILIA","2008-07-04","Marcia_3000m",846.71,"RM053","C.S. AERONAUTICA MILITARE","2008-09-27","Marcia_5000m",1413.99,1988,20
"GUGLIELMI Federico","https://www.fidal.it/atleta/GUGLIELMI-Federico/eK2RkpmnbWo%3D","VE471","ASD ATLETICA BIOTEKNA","2021-07-17","200m",21.19,"BO011","C.S. CARABINIERI SEZ. ATLETICA","2022-02-05","60m",6.75,2002,20
"FOFANA Hassane","https://www.fidal.it/atleta/FOFANA-Hassane/dqqRlpujbGU%3D","BG003","ATL. BERGAMO 1959 CREBERG","2012-08-23","110Hs_h106-9.14",14.34,"PD131","G.S. FIAMME ORO PADOVA","2012-09-04","110Hs_h106-9.14",14.02,1992,20
"TRAPLETTI Valentina","https://www.fidal.it/atleta/TRAPLETTI-Valentina/dqiRlZWhbGY%3D","MI259","CUS ATL. 2000 MILANO","2005-09-24","Marcia_5000m",1585.98,"RM052","C.S. ESERCITO","2005-10-08","Marcia_5000m",1459.16,1985,20
"FONTANA Michele","https://www.fidal.it/atleta/FONTANA-Michele/dquRkpSibWY%3D","CO208","ATL. LECCO-COLOMBO COSTRUZ.","2010-10-10","5000m",868.4,"RM053","C.S. AERONAUTICA MILITARE","2011-02-12","1500m",231.37,1991,20
"FONTANA Vittoria","https://www.fidal.it/atleta/FONTANA-Vittoria/drKRk5OnamU%3D","MI218","N.ATL. FANFULLA LODIGIANA","2019-07-19","100m",11.4,"BO011","C.S. CARABINIERI SEZ. ATLETICA","2020-07-05","100m",11.64,2000,20
"GROOS Daniele","https://www.fidal.it/atleta/GROOS-Daniele/f6yRk5ihb2s%3D","RM555","A.S.D. ATLETICA FUTURA ROMA","2024-06-01","100m",10.83,"RM056","G.A. FIAMME GIALLE","2025-05-14","400m",48.33,2005,20
"GIUPPONI Matteo","https://www.fidal.it/atleta/GIUPPONI-Matteo/dqmRlpmgaGs%3D","BG003","ATL. BERGAMO 1959 CREBERG","2007-09-29","Marcia_10000m",2789.13,"BO011","C.S. CARABINIERI SEZ. ATLETICA","2008-02-09","Marcia_5000m",1225.61,1988,20
"GABRIELE Giulia","https://www.fidal.it/atleta/GABRIELE-Giulia/f6yRlZSibGg%3D","RM057","FIAMME GIALLE G. SIMONI","2024-09-21","Marcia_5000m",1303.99,"RM056","G.A. FIAMME GIALLE","2025-02-01","Marcia_3000m",747.95,2005,20
"BARONTINI Simone","https://www.fidal.it/atleta/BARONTINI-Simone/e6mRkpOlamw%3D","AN010","S.E.F. STAMURA ANCONA A.S.D.","2019-07-14","800m",109.91,"RM002","G.S. FIAMME AZZURRE","2019-07-26","800m",109.57,1999,20
"GALVAN Matteo","https://www.fidal.it/atleta/GALVAN-Matteo/eK6RkpKmamM%3D","VI626","ATL.VICENTINA","2008-02-16","60m",6.9,"RM056","G.A. FIAMME GIALLE","2008-02-23","400m",47.1,1988,20
"GARIBOLDI Simone","https://www.fidal.it/atleta/GARIBOLDI-Simone/dqiRlZufcWQ%3D","BG223","ATL. VALLE BREMBANA","2007-06-02","5000m",845.74,"PD131","G.S. FIAMME ORO PADOVA","2007-06-17","1500m",234.33,1987,20
"GIAMPAOLO Diego","https://www.fidal.it/atleta/GIAMPAOLO-Diego/f6yRk5alaWk%3D","RM057","FIAMME GIALLE G. SIMONI","2023-08-10","Marcia_10000m",2612.52,"RM056","G.A. FIAMME GIALLE","2024-02-03","Marcia_5000m",1191.95,2004,20
"GERRATANA Giuseppe","https://www.fidal.it/atleta/GERRATANA-Giuseppe/h6iRlpakcGs%3D","RG444","A.S. DIL. LIB. RUNNING MODICA","2011-09-18","3000m",509.46,"RM053","C.S. AERONAUTICA MILITARE","2012-04-14","10000m",1855.24,1992,20
"BASCIANI Francesco","https://www.fidal.it/atleta/BASCIANI-Francesco/f6iRmJWha2s%3D","RM046","ACSI CAMPIDOGLIO PALATINO","2010-09-25","100m",10.86,"RM056","G.A. FIAMME GIALLE","2011-01-15","50m",6.04,1991,20
"BATTISTELLA Arianna","https://www.fidal.it/atleta/BATTISTELLA-Arianna/eK6Rkpqob2M%3D","VI626","ATL.VICENTINA","2021-09-19","200m",24.64,"BO011","C.S. CARABINIERI SEZ. ATLETICA","2022-02-05","lungo",6.28,2002,20
"TOZZI Martina","https://www.fidal.it/atleta/TOZZI-Martina/f6iRmZijamM%3D","RM057","FIAMME GIALLE G. SIMONI","2017-07-23","1500m",265.14,"RM056","G.A. FIAMME GIALLE","2019-04-25","1000m",167.88,1999,20
"TOMMASI Francesca","https://www.fidal.it/atleta/TOMMASI-Francesca/eKAAARkpmkbGQ%3D","VR761","ATL. INSIEME NEW FOODS VR","2017-06-11","1500m",265.9,"RM052","C.S. ESERCITO","2018-06-01","5000m",982.7,1998,20
"ZAZZERA Luca","https://www.fidal.it/atleta/ZAZZERA-Luca/hKiSmZSkamw%3D","PV110","ATL.  CENTO TORRI PAVIA","2005-10-09","200m",22.48,"PD131","G.S. FIAMME ORO PADOVA","2006-01-29","60m",7.03,1986,20
"TAMBERI Gianmarco","https://www.fidal.it/atleta/TAMBERI-Gianmarco/e6iRk5ShbWg%3D","TE049","ASD BRUNI PUBBL. ATL. VOMANO","2011-09-25","alto",2.16,"RM056","G.A. FIAMME GIALLE","2012-01-08","alto",2.2,1992,20
"TAMBERI Gianluca","https://www.fidal.it/atleta/TAMBERI-Gianluca/e6iRk5WicWY%3D","TE049","ASD BRUNI PUBBL. ATL. VOMANO","2009-09-26","giavellotto_800g",65.24,"RM056","G.A. FIAMME GIALLE","2010-01-09","60m",7.89,1990,20
"BERTELLI Simone","https://www.fidal.it/atleta/BERTELLI-Simone/dK6Rl5KjaWk%3D","TO226","SAFATLETICA PIEMONTE ASD","2023-09-16","asta",5.0,"RM056","G.A. FIAMME GIALLE","2024-01-05","asta",5.05,2004,20
"STRONATI Edoardo","https://www.fidal.it/atleta/STRONATI-Edoardo/dq2Rl5ufbmo%3D","MI089","PRO SESTO ATL. CERNUSCO","2023-08-10","alto",2.18,"RM056","G.A. FIAMME GIALLE","2024-01-27","alto",2.14,2004,20
"STECCHI Claudio michel","https://www.fidal.it/atleta/STECCHI-Claudio-michel/faiRm5WoaGs%3D","FI001","ASSI GIGLIO ROSSO FIRENZE","2010-07-22","asta",5.4,"RM056","G.A. FIAMME GIALLE","2011-02-04","asta",5.4,1991,20
"STANO Massimo","https://www.fidal.it/atleta/STANO-Massimo/hKiSmZqncWY%3D","BA091","ATL. ADEN  EXPRIVIA MOLFETTA","2011-10-08","Marcia_10000m",2650.34,"PD131","G.S. FIAMME ORO PADOVA","2012-05-19","Marcia_10000m",2895.21,1992,20
"SPIGAROLO Anna chiara","https://www.fidal.it/atleta/SPIGAROLO-Anna-chiara/eKiRk5unbms%3D","VI614","G.A. BASSANO","2005-05-15","800m",136.17,"RM052","C.S. ESERCITO","2005-05-28","800m",137.47,1985,20
"SPACCA Maria enrica","https://www.fidal.it/atleta/SPACCA-Maria-enrica/f6iRlpWha2M%3D","RI223","ATL. STUDENTESCA CA.RI.RI","2005-10-08","400m",55.57,"RI224","G.S. FORESTALE","2006-01-22","400m",55.34,1986,20
"BEVILACQUA Federica","https://www.fidal.it/atleta/BEVILACQUA-Federica/eaiRk5elbGc%3D","TS010","C.U.S. TRIESTE","2010-10-10","3000m",595.53,"RM056","G.A. FIAMME GIALLE","2011-08-20","3000m",586.82,1991,20
"BIANCHETTI Sebastiano","https://www.fidal.it/atleta/BIANCHETTI-Sebastiano/f6uRkpKga2Y%3D","RI223","ATL.STUD. RIETI ANDREA MILARDI","2016-06-04","peso_7kg",18.77,"PD131","G.S. FIAMME ORO PADOVA","2016-06-10","peso_7kg",18.62,1996,20
"BONANNI Federico","https://www.fidal.it/atleta/BONANNI-Federico/f6yRkpqocGw%3D","RI223","ATL.STUD. RIETI ANDREA MILARDI","2024-06-16","asta",5.16,"RM053","C.S. AERONAUTICA MILITARE","2024-06-30","asta",5.15,2004,20
"BORGA Rebecca","https://www.fidal.it/atleta/BORGA-Rebecca/eK2RkpSjbGY%3D","VE471","ATL.BIOTEKNA MARCON","2018-05-05","400m",55.16,"RM056","G.A. FIAMME GIALLE","2018-05-23","400m",53.67,1998,20
"BORSI Veronica","https://www.fidal.it/atleta/BORSI-Veronica/f6iRlZmhaGs%3D","RM131","FONDIARIA - SAI ATLETICA","2005-10-09","lungo",5.66,"RM056","G.A. FIAMME GIALLE","2007-01-27","60Hs_h84-8.50",8.78,1987,20
"BORTOLATO Marco","https://www.fidal.it/atleta/BORTOLATO-Marco/eayRk5SgbWU%3D","UD030","ATLETICA MALIGNANI LIBERTAS UD","2014-08-02","martello_7kg",66.93,"PD131","G.S. FIAMME ORO PADOVA","2014-09-13","martello_7kg",69.65,1994,20
"SIBILIO Alessandro","https://www.fidal.it/atleta/SIBILIO-Alessandro/gKyRkpKobWk%3D","MI080","ATL. RICCARDI MILANO 1946","2018-09-09","200m",21.85,"RM056","G.A. FIAMME GIALLE","2019-02-02","400m",48.7,1999,20
"BOUIH Yassin","https://www.fidal.it/atleta/BOUIH-Yassin/erGRkpKmbmw%3D","RE128","ATL. REGGIO ASD","2015-09-27","1500m",236.56,"RM056","G.A. FIAMME GIALLE","2016-01-23","3000m",486.4,1996,20
"SANTI Christine","https://www.fidal.it/atleta/SANTI-Christine/eqiRlpilaWg%3D","MO054","MOLLIFICIO MODENESE CITTADELLA","2014-09-28","5000m",1125.09,"RM052","C.S. ESERCITO","2015-06-03","3000m",612.71,1995,20
"SALVAGNO Maria aurora","https://www.fidal.it/atleta/SALVAGNO-Maria-aurora/iKiRk5amcWM%3D","SS019","C.U.S. SASSARI","2006-06-04","100m",11.94,"RM053","C.S. AERONAUTICA MILITARE","2006-06-24","200m",24.45,1986,20
"BUSCELLA Fabio","https://www.fidal.it/atleta/BUSCELLA-Fabio/dK6RlJalb2w%3D","PV110","ATL.  CENTO TORRI PAVIA","2008-06-14","triplo",15.68,"RM053","C.S. AERONAUTICA MILITARE","2008-06-27","triplo",15.34,1988,20
"SABBIO Emanuele","https://www.fidal.it/atleta/SABBIO-Emanuele/h6iRlZSmcGw%3D","TE049","ASD BRUNI PUBBL. ATL. VOMANO","2008-10-12","alto",1.7,"RM056","G.A. FIAMME GIALLE","2009-01-31","giavellotto_800g",61.5,1989,20
"ZANCHI Paolo","https://www.fidal.it/atleta/ZANCHI-Paolo/dqiRlpelb2o%3D","BG036","ATL. SALETTI","2006-07-21","800m",112.4,"RM056","G.A. FIAMME GIALLE","2007-02-11","400m",50.56,1987,20
"SABBATINI Gaia","https://www.fidal.it/atleta/SABBATINI-Gaia/gayRkpKjaGU%3D","TE138","ASD ATLETICA GRAN SASSO TERAMO","2019-06-25","800m",133.68,"RM002","G.S. FIAMME AZZURRE","2019-07-16","800m",131.96,1999,20
"CARGNELLI Giulia","https://www.fidal.it/atleta/CARGNELLI-Giulia/eayRkpqncWQ%3D","UD030","ATLETICA UDINESE MALIGNANI","2007-06-16","asta",3.85,"RI224","G.S. FORESTALE","2008-06-28","asta",3.7,1988,20
"ROSICHINI Valerio","https://www.fidal.it/atleta/ROSICHINI-Valerio/f6iRl5WobGY%3D","RM057","FIAMME GIALLE G. SIMONI","2009-10-11","200m",22.1,"RM056","G.A. FIAMME GIALLE","2010-01-24","60m",7.19,1990,20
"RANDAZZO Filippo","https://www.fidal.it/atleta/RANDAZZO-Filippo/h6iRlpaobWM%3D","EN095","A.S.D. PRO SPORT 85 VALGUARN.","2015-09-20","200m",21.93,"RM056","G.A. FIAMME GIALLE","2016-04-25","lungo",7.62,1996,20
"CASIEAN Franco luigi","https://www.fidal.it/atleta/CASIEAN-Franco-luigi/faiRm5ifb2U%3D","FI018","TOSCANA ATLETICA","2005-10-09","sconosciuto_cod_81",13.59,"BO011","C.S. CARABINIERI SEZ. ATLETICA","2006-04-30","Decathlon_PM_SM",1766.0,1986,20
"RAGONESI Agnese","https://www.fidal.it/atleta/RAGONESI-Agnese/h6iRk5qjbmY%3D","CT213","A.S.D. ATLETICA 2001 S.P. CLAR","2005-02-19","Marcia_3000m",800.0,"RM053","C.S. AERONAUTICA MILITARE","2005-05-14","Marcia_5000m",1443.05,1985,20
"CASULA Daniele","https://www.fidal.it/atleta/CASULA-Daniele/daiRkpuhbmQ%3D","GE002","C.U.S. GENOVA","2005-02-09","60m",7.24,"RM052","C.S. ESERCITO","2005-02-12","60m",7.33,1985,20
"ALESIANI Vanessa","https://www.fidal.it/atleta/ALESIANI-Vanessa/e6iRkpmobGo%3D","BO008","C.U.S. BOLOGNA","2006-02-19","triplo",12.66,"RM052","C.S. ESERCITO","2006-06-17","triplo",12.63,1986,20
"VIOLA Giulia alessandra","https://www.fidal.it/atleta/VIOLA-Giulia-alessandra/eKyRkpeobWc%3D","TV338","ATLETICA MOGLIANO","2010-09-17","800m",130.06,"RM056","G.A. FIAMME GIALLE","2011-01-29","800m",130.8,1991,20
"VICINI Aurora","https://www.fidal.it/atleta/VICINI-Aurora/eq6Rkpuhb2g%3D","PR068","C.U.S. PARMA","2024-09-21","alto",1.77,"BO011","C.S. CARABINIERI SEZ. ATLETICA","2025-02-02","alto",1.78,2005,20
"PEDOTTI Massaoud paolo","https://www.fidal.it/atleta/PEDOTTI-Massaoud-paolo/dq2Rk5KgbmM%3D","MI102","P.B.M. BOVISIO MASCIAGO","2007-09-19","800m",115.85,"RM052","C.S. ESERCITO","2008-02-09","1500m",251.46,1988,20
"PATTA Lorenzo","https://www.fidal.it/atleta/PATTA-Lorenzo/iKuRkpSfcWo%3D","OR030","SS ATL ORISTANO","2019-09-11","100m",10.76,"RM056","G.A. FIAMME GIALLE","2020-09-18","100m",10.31,2000,20
"CESARO' Michela","https://www.fidal.it/atleta/CESARO-Michela/dK6RlpSfaWg%3D","TO001","C.U.S. TORINO","2018-09-23","3000m",585.48,"BO011","C.S. CARABINIERI SEZ. ATLETICA","2019-04-26","5000m",1001.65,1999,20
"CHESANI Silvano","https://www.fidal.it/atleta/CHESANI-Silvano/d6iRkpeha2k%3D","PV110","ATL.  CENTO TORRI PAVIA","2008-07-19","alto",2.07,"PD131","G.S. FIAMME ORO PADOVA","2008-08-30","triplo",14.81,1988,20
"PACINI Claudia","https://www.fidal.it/atleta/PACINI-Claudia/faiRlJWfcGw%3D","FI007","TOSCANA ATL.EMPOLI","2005-10-09","200m",25.47,"RM052","C.S. ESERCITO","2006-01-22","60m",7.7,1986,20
"OLIVIERI Linda","https://www.fidal.it/atleta/OLIVIERI-Linda/dK2Rk5mnbGQ%3D","MI710","ATLETICA MONZA","2018-07-01","400Hs_h76",57.22,"PD131","G.S. FIAMME ORO PADOVA","2018-07-08","400Hs_h76",57.24,1998,20
"OLIVIERI Giorgio","https://www.fidal.it/atleta/OLIVIERI-Giorgio/e6qRkpKlcWk%3D","FM050","TEAM ATLETICA MARCHE","2019-09-07","martello_6kg",74.67,"BO011","C.S. CARABINIERI SEZ. ATLETICA","2020-01-26","martello_7kg",67.52,2000,20
"OBOU Delmas","https://www.fidal.it/atleta/OBOU-Delmas/faiSk5Ohamk%3D","PI071","CUS PISA ATLETICA CASCINA","2010-08-07","100m",10.55,"RM056","G.A. FIAMME GIALLE","2011-05-26","100m",10.57,1991,20
"VICENZINO Tania","https://www.fidal.it/atleta/VICENZINO-Tania/eayRkpmfbWk%3D","UD018","A.S.D.LIBERTAS FRIUL PALMANOVA","2005-09-04","lungo",5.62,"RM052","C.S. ESERCITO","2006-02-04","lungo",6.0,1986,20
"COLI' Lucia","https://www.fidal.it/atleta/COLI-Lucia/eqiRlZSncGg%3D","BO008","C.U.S. RIPRESA BOLOGNA A.S.D.","2009-09-27","5000m",1048.6,"RM052","C.S. ESERCITO","2010-05-16","5000m",1045.48,1990,20
"NNACHI Great","https://www.fidal.it/atleta/NNACHI-Great/dK6RlpuhamQ%3D","TO001","BATTAGLIO C.U.S. TORINO ATL","2023-10-01","asta",3.8,"BO011","C.S. CARABINIERI SEZ. ATLETICA","2024-01-28","asta",4.2,2004,20
"MUTSCHLECHNER Sabrina","https://www.fidal.it/atleta/MUTSCHLECHNER-Sabrina/iaiRkpinaGw%3D","BZ008","SSV BRUNECK BRUNICO VOLKSBANK","2009-07-03","400m",56.05,"RM052","C.S. ESERCITO","2009-07-25","400m",55.26,1989,20
"MONTINI Mattia","https://www.fidal.it/atleta/MONTINI-Mattia/dquRkpefbWg%3D","CO208","ATL. LECCO-COLOMBO COSTRUZ.","2018-09-23","400Hs_h91",57.54,"BO011","C.S. CARABINIERI SEZ. ATLETICA","2019-01-06","60Hs_h106-9.14",8.03,1999,20
"MINEI Vito","https://www.fidal.it/atleta/MINEI-Vito/hK2RkpKgcGU%3D","TA451","A.S.D. ATLETICA DON MILANI","2014-06-14","Marcia_10000m",2614.45,"PD131","G.S. FIAMME ORO PADOVA","2014-09-13","Marcia_5000m",1235.27,1994,20
"MERLO Martina","https://www.fidal.it/atleta/MERLO-Martina/dK6RlZKkbGU%3D","TO001","C.U.S. TORINO","2013-07-28","3000st_h76",650.05,"RM053","C.S. AERONAUTICA MILITARE","2013-09-28","3000st_h76",645.19,1993,20
"CRESPI Merihun","https://www.fidal.it/atleta/CRESPI-Merihun/dq2RkpWfa2w%3D","MI102","P.B.M. BOVISIO MASCIAGO","2007-09-19","800m",110.55,"RM052","C.S. ESERCITO","2008-02-09","1500m",248.77,1988,20
"MARZETTA Francois","https://www.fidal.it/atleta/MARZETTA-Francois/drKRkpOkb2s%3D","VA123","CUS DEI LAGHI - ATL. VARESE","2010-10-10","5000m",923.99,"PD131","G.S. FIAMME ORO PADOVA","2011-05-14","1500m",240.09,1991,20
"CROSIO Lorenzo","https://www.fidal.it/atleta/CROSIO-Lorenzo/dK6RlJafa2g%3D","TE049","ASD BRUNI PUBBL. ATL. VOMANO","2010-05-16","lungo",7.31,"PD131","G.S. FIAMME ORO PADOVA","2010-06-20","lungo",6.91,1990,20
"MARTINELLI Giulia","https://www.fidal.it/atleta/MARTINELLI-Giulia/f6iRmJKmaWY%3D","RI223","ATL. STUDENTESCA CA.RI.RI","2010-10-10","3000m",581.04,"RI224","G.S. FORESTALE","2011-04-17","10000m",2121.57,1991,20
"MANENTI Davide","https://www.fidal.it/atleta/MANENTI-Davide/dK6RkpuhaGo%3D","TO074","A.S. DILETT.  SAFATLETICA","2008-09-10","100m",10.91,"RM053","C.S. AERONAUTICA MILITARE","2009-02-01","60m",7.02,1989,20
"MALAVISI Sonia","https://www.fidal.it/atleta/MALAVISI-Sonia/f6yRkpenb2c%3D","RM131","A.S.D. ACSI ITALIA ATLETICA","2013-10-13","asta",4.1,"RM056","G.A. FIAMME GIALLE","2014-01-18","asta",4.15,1994,20
"D'ELICIO Eleonora","https://www.fidal.it/atleta/D-ELICIO-Eleonora/dK6RlJamaWw%3D","TO001","C. U. S. TORINO","2008-09-28","lungo",5.39,"RM002","G.S. FIAMME AZZURRE","2009-01-17","triplo",12.89,1989,20
"MACCHIA Riccardo","https://www.fidal.it/atleta/MACCHIA-Riccardo/gaiRk5ajbms%3D","TE049","ASD BRUNI PUBBL. ATL. VOMANO","2009-09-26","Marcia_10000m",2591.92,"PD131","G.S. FIAMME ORO PADOVA","2010-01-24","Marcia_5000m",1257.48,1990,20
"DEMONTE Enrico","https://www.fidal.it/atleta/DEMONTE-Enrico/daiRk5ahbmQ%3D","IM029","U.S. MAURINA OLIO CARLI","2008-08-23","200m",21.65,"PD131","G.S. FIAMME ORO PADOVA","2008-09-06","100m",10.82,1988,20
"DE NONI Lorenza","https://www.fidal.it/atleta/DE-NONI-Lorenza/eKyRk5qjcGM%3D","TV341","ATLETICA SILCA CONEGLIANO","2025-09-21","600m",89.23,"RM002","G.S. FIAMME AZZURRE","2026-01-17","800m",123.93,2006,20
"ZANON Veronica","https://www.fidal.it/atleta/ZANON-Veronica/eKqRkpOmb2k%3D","PD140","ASSINDUSTRIA SPORT","2021-07-08","triplo",12.82,"PD131","G.S. FIAMME ORO PADOVA","2021-08-31","triplo",12.74,2001,20
"DE SANTIS Federica","https://www.fidal.it/atleta/DE-SANTIS-Federica/e6iRkpqocGg%3D","MC009","ATL. MONTECASSIANO","2009-02-22","triplo",12.68,"RM052","C.S. ESERCITO","2009-05-09","triplo",12.71,1989,20
"LICCIARDELLO Claudio","https://www.fidal.it/atleta/LICCIARDELLO-Claudio/h6iRlZWhaGQ%3D","CT073","A.S. DIL. LIBERTAS CATANIA","2005-07-21","400m",47.15,"RM056","G.A. FIAMME GIALLE","2006-05-27","400m",46.41,1986,20
"LIBERTONE Catia","https://www.fidal.it/atleta/LIBERTONE-Catia/g6iRkpajbmM%3D","CB001","CUS MOLISE","2005-08-07","3000m",604.26,"RM052","C.S. ESERCITO","2006-02-19","3000m",600.21,1986,20
"PENNELLA Giulia","https://www.fidal.it/atleta/PENNELLA-Giulia/faiRm5anb2U%3D","RM131","FONDIARIA - SAI ATLETICA","2010-04-25","100m",12.24,"RM052","C.S. ESERCITO","2010-05-15","100Hs_h84-8.50",13.87,1989,21
"AGNELLO Vincenzo","https://www.fidal.it/atleta/AGNELLO-Vincenzo/h6iRlpinbmw%3D","PA354","A.S. DIL. POL. A.P.B.","2011-09-03","5000m",901.17,"RM052","C.S. ESERCITO","2012-04-14","10000m",1863.04,1991,21
"ANESA Giulio","https://www.fidal.it/atleta/ANESA-Giulio/dqmRl5embGg%3D","BG135","G. ALPINISTICO VERTOVESE","2016-06-26","disco_2kg",55.06,"RM056","G.A. FIAMME GIALLE","2017-01-22","disco_2kg",53.47,1996,21
"ANGELINI Ilenia","https://www.fidal.it/atleta/ANGELINI-Ilenia/e6qRkpKocGo%3D","AP005","ASA ASCOLI PICENO","2023-07-30","200m",24.25,"RM052","C.S. ESERCITO","2024-01-14","60m",7.51,2003,21
"APRILE Giulia","https://www.fidal.it/atleta/APRILE-Giulia/h6iRlZqfa2w%3D","FI002","ATLETICA FIRENZE MARATHON S.S.","2015-09-27","800m",141.07,"RM052","C.S. ESERCITO","2016-01-31","1500m",266.6,1995,21
"ARTUSO Nicholas","https://www.fidal.it/atleta/ARTUSO-Nicholas/h62RkpSgaWM%3D","ME102","A.S. DILETT. ATL.VILLAFRANCA","2018-09-08","100m",10.75,"RM056","G.A. FIAMME GIALLE","2019-01-20","60m",6.77,1998,21
"BERDINI Alessandro","https://www.fidal.it/atleta/BERDINI-Alessandro/e6iRkpqobWk%3D","MC004","ATL. AVIS MACERATA","2009-07-29","100m",11.12,"RM053","C.S. AERONAUTICA MILITARE","2009-08-22","100m",10.94,1988,21
"CALVI Michele","https://www.fidal.it/atleta/CALVI-Michele/eqiRlZWkb2c%3D","RE105","G.S.SELF ATL. MONTANARI GRUZZA","2010-09-25","110Hs_h106-9.14",14.52,"RM052","C.S. ESERCITO","2011-04-30","400m",50.32,1990,21
"CAPOTOSTI Leonardo","https://www.fidal.it/atleta/CAPOTOSTI-Leonardo/fqiRk5OnbGQ%3D","TE049","ASD BRUNI PUBBL. ATL. VOMANO","2008-10-12","400Hs_h91",54.15,"RM056","G.A. FIAMME GIALLE","2009-05-10","400Hs_h91",51.84,1988,21
"CAPPELLIN Francesco","https://www.fidal.it/atleta/CAPPELLIN-Francesco/eKiRlJijamk%3D","PD140","ASSINDUSTRIA SPORT PADOVA","2011-05-15","200m",21.48,"RM053","C.S. AERONAUTICA MILITARE","2011-05-21","400m",47.77,1990,21
"CATASTA Lorenzo","https://www.fidal.it/atleta/CATASTA-Lorenzo/e6iRkpmnaGg%3D","FM003","SPORT ATL. FERMO","2008-09-28","200m",22.96,"RM056","G.A. FIAMME GIALLE","2009-01-22","asta",4.8,1988,21
"CAVALLERI Valentina","https://www.fidal.it/atleta/CAVALLERI-Valentina/iaiRkpmlaGs%3D","BZ008","SSV BRUNECK BRUNICO VOLKSBANK","2016-05-07","400m",56.03,"RM052","C.S. ESERCITO","2016-05-21","400m",55.47,1995,21
"CAVALLI Ludovica","https://www.fidal.it/atleta/CAVALLI-Ludovica/damRkpKoa2g%3D","MI221","BRACCO ATLETICA","2021-06-11","3000st_h76",637.91,"RM053","C.S. AERONAUTICA MILITARE","2021-07-09","1500m",257.55,2000,21
"CECCARELLI Dario","https://www.fidal.it/atleta/CECCARELLI-Dario/drKRkpOkbWw%3D","MI089","PRO SESTO ATL.","2008-07-20","800m",111.5,"PD131","G.S. FIAMME ORO PADOVA","2008-09-10","1500m",230.1,1987,21
"COLELLA Luigi robert","https://www.fidal.it/atleta/COLELLA-Luigi-robert/hKuRkpKgaWU%3D","FG202","U.S. FOGGIA ATL. LEGGERA","2016-07-03","asta",5.15,"RM056","G.A. FIAMME GIALLE","2017-02-05","asta",5.3,1996,21
"CORSA Daniele","https://www.fidal.it/atleta/CORSA-Daniele/hKqSmZOga2s%3D","BR147","FOLGORE BRINDISI","2017-08-24","400m",46.56,"PD131","G.S. FIAMME ORO PADOVA","2017-09-14","100m",10.6,1996,21
"COSTA Davide","https://www.fidal.it/atleta/COSTA-Davide/damRkpOgbGU%3D","GE002","A.S.D.  C.U.S. GENOVA","2023-07-01","martello_7kg",67.46,"RM002","G.S. FIAMME AZZURRE","2023-07-13","martello_7kg",66.43,2002,21
"COSTA Francesco","https://www.fidal.it/atleta/COSTA-Francesco/faiRm5iicGw%3D","LI038","CENTRO ATLETICA PIOMBINO","2005-10-02","200m",22.19,"PD131","G.S. FIAMME ORO PADOVA","2006-02-12","60m",7.04,1985,21
"DERKACH Dariya","https://www.fidal.it/atleta/DERKACH-Dariya/gKiRlZelcGw%3D","RM131","A.S.D. ACSI ITALIA ATLETICA","2013-10-13","lungo",6.01,"RM053","C.S. AERONAUTICA MILITARE","2014-01-25","lungo",5.84,1993,21
"DESTER Dario","https://www.fidal.it/atleta/DESTER-Dario/dqiSl5akbGs%3D","CR041","CREMONA SPORTIVA ATL. ARVEDI","2020-09-20","400Hs_h91",53.24,"BO011","C.S. CARABINIERI SEZ. ATLETICA","2021-01-17","60m",7.13,2000,21
"DI BARI Vito","https://www.fidal.it/atleta/DI-BARI-Vito/hKiSmZmib2Q%3D","BA007","CUS BARI","2009-09-26","Marcia_10000m",2614.04,"RM056","G.A. FIAMME GIALLE","2011-01-23","Marcia_5000m",1303.14,1990,21
"DRAISCI Ilenia","https://www.fidal.it/atleta/DRAISCI-Ilenia/f6iRlpambmQ%3D","RM131","FONDIARIA - SAI ATLETICA","2009-10-11","200m",25.31,"RM052","C.S. ESERCITO","2010-01-24","60m",7.55,1989,21
"EKEH Udochi judy","https://www.fidal.it/atleta/EKEH-Udochi-judy/eqiRlpWobWc%3D","RE128","REGGIO EVENT'S","2013-09-29","200m",26.07,"RM052","C.S. ESERCITO","2014-01-18","60m",7.62,1993,21
"FALLONI Simone","https://www.fidal.it/atleta/FALLONI-Simone/f6iRmJancGo%3D","RI223","ATL. STUDENTESCA CA.RI.RI","2011-10-09","martello_7kg",68.31,"RM053","C.S. AERONAUTICA MILITARE","2012-01-29","martello_7kg",70.49,1991,21
"FALOCCHI Christian","https://www.fidal.it/atleta/FALOCCHI-Christian/dqqRl5aha2k%3D","BS786","BRIXIA ATLETICA 2014 SSD SRL","2018-06-22","alto",2.2,"PD131","G.S. FIAMME ORO PADOVA","2018-07-05","alto",2.05,1997,21
"FANTINEL Ilaria","https://www.fidal.it/atleta/FANTINEL-Ilaria/eKmRlJWlbWU%3D","BL012","ANA ATL.FELTRE","2016-09-10","1500m",280.05,"RM052","C.S. ESERCITO","2019-06-25","5000m",1067.8,1998,21
"FANTINI Sara","https://www.fidal.it/atleta/FANTINI-Sara/eq6RkpWocGc%3D","PR068","C.U.S. PARMA","2017-09-23","martello_4kg",58.43,"BO011","C.S. CARABINIERI SEZ. ATLETICA","2018-01-21","martello_4kg",63.28,1997,21
"FASSINOTTI Marco","https://www.fidal.it/atleta/FASSINOTTI-Marco/dK6RkpqhaGU%3D","TO226","ATLETICA MIZUNO PIEMONTE ASSOC","2009-10-11","alto",2.2,"RM053","C.S. AERONAUTICA MILITARE","2010-01-17","alto",2.22,1989,21
"FENT Antonio","https://www.fidal.it/atleta/FENT-Antonio/eKiRlZOgamQ%3D","TV361","JAGER ATLETICA VITTORIO V.TO","2008-10-12","martello_6kg",47.26,"BO011","C.S. CARABINIERI SEZ. ATLETICA","2009-01-25","giavellotto_800g",63.83,1988,21
"FINA Michele","https://www.fidal.it/atleta/FINA-Michele/eaqRkpuoams%3D","PN039","ATL BRUGNERA PN FRIULINTAGLI","2022-10-01","giavellotto_800g",72.46,"RM052","C.S. ESERCITO","2023-01-22","giavellotto_800g",70.82,2002,21
"FONTANA Domenico","https://www.fidal.it/atleta/FONTANA-Domenico/eK6RkpSgbmY%3D","VI614","G.A. BASSANO","2009-09-29","800m",113.69,"PD131","G.S. FIAMME ORO PADOVA","2010-02-13","400m",48.75,1989,21
"FORTUNATO Francesco","https://www.fidal.it/atleta/FORTUNATO-Francesco/hKiSmpehcGc%3D","AV208","ASD ENTERPRISE SPORT & SERVICE","2014-09-27","Marcia_10000m",2525.96,"RM056","G.A. FIAMME GIALLE","2015-04-19","Marcia_10000m",2542.91,1994,21
"GALLINA Andrea","https://www.fidal.it/atleta/GALLINA-Andrea/dK2Rk5mmaGQ%3D","PV110","ATL.  CENTO TORRI PAVIA","2009-10-11","400Hs_h91",51.91,"RM053","C.S. AERONAUTICA MILITARE","2010-05-01","200m",22.35,1989,21
"GIORGI Eleonora anna","https://www.fidal.it/atleta/GIORGI-Eleonora-anna/dquRkpWhb2g%3D","CO208","ATL. LECCO-COLOMBO COSTRUZ.","2010-10-09","Marcia_5000m",1404.11,"RM002","G.S. FIAMME AZZURRE","2010-10-24","Marcia_10km",2725.24,1989,21
"GIOVANETTI Martina","https://www.fidal.it/atleta/GIOVANETTI-Martina/d6iRkpejcWY%3D","TN109","U.S. QUERCIA ROVERETO","2007-09-30","200m",25.36,"RI224","G.S. FORESTALE","2008-02-10","60m",7.67,1987,21
"GRENDENE Stefano","https://www.fidal.it/atleta/GRENDENE-Stefano/dKAAARlJala2o%3D","MI080","ATL. RICCARDI MILANO 1946","2023-02-04","400m",49.52,"RM053","C.S. AERONAUTICA MILITARE","2023-09-17","200m",22.16,2002,21
"JUAREZ Isalbet","https://www.fidal.it/atleta/JUAREZ-Isalbet/dqmRl5Kmamg%3D","BG003","ATL. BERGAMO 1959 CREBERG","2008-07-23","400m",47.65,"PD131","G.S. FIAMME ORO PADOVA","2008-08-30","100m",11.08,1987,21
"LA BARBERA Barbara","https://www.fidal.it/atleta/LA-BARBERA-Barbara/h6iRk5OnaGk%3D","PA001","A.S.D. C.U.S. PALERMO","2005-05-15","5000m",994.39,"RM052","C.S. ESERCITO","2005-06-03","5000m",989.86,1984,21
"LALLI Andrea","https://www.fidal.it/atleta/LALLI-Andrea/g6iRkpafaWw%3D","CB034","ATLETICA CAMPOCHIARO","2007-07-27","5000m",904.27,"RM056","G.A. FIAMME GIALLE","2008-05-17","1500m",223.98,1987,21
"LAMA Francesco","https://www.fidal.it/atleta/LAMA-Francesco/eqmRkpOib2g%3D","MO052","A.S. LA FRATELLANZA 1874","2017-09-23","asta",4.8,"RM053","C.S. AERONAUTICA MILITARE","2018-01-21","asta",5.0,1997,21
"LEONARDI Giuseppe","https://www.fidal.it/atleta/LEONARDI-Giuseppe/dqmRl5ajbWc%3D","AV208","ASD ENTERPRISE SPORT & SERVICE","2016-07-06","400m",47.68,"BO011","C.S. CARABINIERI SEZ. ATLETICA","2017-05-06","400m",47.47,1996,21
"LUIU Massimiliano","https://www.fidal.it/atleta/LUIU-Massimiliano/iKyRkpOfa2g%3D","SS028","POL LIB ATL SASSARI","2022-06-11","alto",2.04,"PD131","G.S. FIAMME ORO PADOVA","2023-06-04","alto",2.05,2002,21
"LUKUDO Raphaela boaheng","https://www.fidal.it/atleta/LUKUDO-Raphaela-boaheng/eqiRlpmkaGc%3D","MO054","MOLLIFICIO MODENESE CITTADELLA","2014-07-20","400Hs_h76",58.68,"RM052","C.S. ESERCITO","2015-01-18","400m",56.23,1994,21
"MANTOVANI Giovanni","https://www.fidal.it/atleta/MANTOVANI-Giovanni/e6iRk5elcGQ%3D","FM003","SPORT ATL. FERMO","2010-09-26","200m",22.73,"RM053","C.S. AERONAUTICA MILITARE","2011-01-23","60Hs_h106-9.14",8.06,1990,21
"MARANI Diego","https://www.fidal.it/atleta/MARANI-Diego/dqiSl5efcWY%3D","MI080","ATL. RICCARDI MILANO","2010-10-10","200m",21.71,"RM056","G.A. FIAMME GIALLE","2011-05-01","200m",21.33,1990,21
"MAREK Eric","https://www.fidal.it/atleta/MAREK-Eric/dqmRmZigbGg%3D","BG003","ATL. BERGAMO 1959 ORIOCENTER","2024-07-26","100m",10.46,"RM052","C.S. ESERCITO","2024-09-08","100m",10.69,2003,21
"MASSOBRIO Francesca","https://www.fidal.it/atleta/MASSOBRIO-Francesca/dKuRk5ama2k%3D","TO001","C.U.S. TORINO","2014-08-09","martello_4kg",58.84,"PD131","G.S. FIAMME ORO PADOVA","2014-09-14","martello_4kg",60.24,1993,21
"MESSINA Paolo","https://www.fidal.it/atleta/MESSINA-Paolo/eauRk5KfaWg%3D","TS044","TRIESTE ATLETICA","2022-09-18","200m",21.86,"RM056","G.A. FIAMME GIALLE","2023-04-25","100m",10.78,2002,21
"MIHAI Alexandrina","https://www.fidal.it/atleta/MIHAI-Alexandrina/eKAAARk5WocWc%3D","BS181","ATL. BRESCIA 1950","2023-09-30","Marcia_5000m",1409.43,"PD131","G.S. FIAMME ORO PADOVA","2024-02-03","Marcia_3000m",765.97,2003,21
"MILANI Marta","https://www.fidal.it/atleta/MILANI-Marta/dqiRlpanaWc%3D","BG003","ATL. BERGAMO 1959 CREBERG","2007-09-30","800m",130.87,"RM052","C.S. ESERCITO","2008-01-20","400m",54.32,1987,21
"MINETTO Enrico","https://www.fidal.it/atleta/MINETTO-Enrico/eayRkpikaWo%3D","UD018","A.S.D.LIBERTAS FRIUL PALMANOVA","2005-02-05","400m",50.59,"RM053","C.S. AERONAUTICA MILITARE","2005-05-01","200m",22.14,1984,21
"NALOCCA John mark","https://www.fidal.it/atleta/NALOCCA-John-mark/e6iRk5Sla2s%3D","AP034","COLLECTION ATLETICA SAMBENEDET","2008-09-13","100m",10.99,"BO011","C.S. CARABINIERI SEZ. ATLETICA","2009-05-10","110Hs_h106-9.14",14.43,1988,21
"ORSONI Riccardo","https://www.fidal.it/atleta/ORSONI-Riccardo/eq6RkpekcGo%3D","PR068","C.U.S. PARMA","2020-10-18","Marcia_10km",2462.24,"RM056","G.A. FIAMME GIALLE","2021-02-06","Marcia_5000m",1228.99,2000,21
"PALMERO Elisa","https://www.fidal.it/atleta/PALMERO-Elisa/dK6RlZehbGM%3D","TO016","ASDP ATLETICA PINEROLO","2019-08-27","1500m",266.84,"RM052","C.S. ESERCITO","2020-01-26","1000m",171.03,1999,21
"PAOLETTA Jessica","https://www.fidal.it/atleta/PAOLETTA-Jessica/f6iRl5ajaGc%3D","RI223","ATL. STUDENTESCA CA.RI.RI","2008-09-27","100m",12.14,"RM052","C.S. ESERCITO","2009-01-11","60m",7.6,1988,21
"PAPA Isabella","https://www.fidal.it/atleta/PAPA-Isabella/f6yRkpefa2U%3D","RM068","TIRRENO ATLETICA CIVITAVECCHIA","2015-10-11","5000m",972.89,"RM052","C.S. ESERCITO","2016-02-07","3000m",572.73,1995,21
"PERNICI Francesco","https://www.fidal.it/atleta/PERNICI-Francesco/dqqRmJKoa2M%3D","BS521","FREE-ZONE","2023-09-03","800m",105.41,"RM056","G.A. FIAMME GIALLE","2024-01-20","400m",48.58,2003,21
"POLIKARPENKO Sergiy volodymyrovyc","https://www.fidal.it/atleta/POLIKARPENKO-Sergiy-volodymyrovyc/dKyRlJSiaGg%3D","TO001","C.U.S. TORINO","2017-07-20","10000m",1870.85,"BO011","C.S. CARABINIERI SEZ. ATLETICA","2019-06-02","5000m",891.11,1998,21
"RICALI Cecilia","https://www.fidal.it/atleta/RICALI-Cecilia/dqiRlpefaWc%3D","PV410","DARRA ATL. TORVECA VIGEVANO","2005-10-08","400m",58.07,"RM002","G.S. FIAMME AZZURRE","2006-01-14","alto",1.6,1985,21
"RICCI Ginevra","https://www.fidal.it/atleta/RICCI-Ginevra/f6qRkpOnbmY%3D","RI223","ATL.STUD. RIETI ANDREA MILARDI","2023-07-30","200m",24.4,"RM052","C.S. ESERCITO","2023-09-30","400m",57.85,2002,21
"SANGUINETTI Andrea","https://www.fidal.it/atleta/SANGUINETTI-Andrea/eqiRlpKlcGw%3D","FC038","EDERA ATL. FORLI","2011-06-26","3000st_h91",535.21,"PD131","G.S. FIAMME ORO PADOVA","2013-09-17","5000m",877.58,1992,21
"SCARDANZAN Elisa","https://www.fidal.it/atleta/SCARDANZAN-Elisa/eKmRkpKhbWQ%3D","BL009","ATHLETIC CLUB BELLUNO","2005-07-22","400m",57.61,"PD131","G.S. FIAMME ORO PADOVA","2006-01-14","60m",7.82,1985,21
"SCOLERI Andrea","https://www.fidal.it/atleta/SCOLERI-Andrea/dK6RlJmmaGg%3D","TO001","C.U.S. TORINO","2011-04-25","3000m",504.52,"RM053","C.S. AERONAUTICA MILITARE","2011-05-14","3000st_h91",540.69,1990,21
"SERAMONDI Alessia","https://www.fidal.it/atleta/SERAMONDI-Alessia/dqqRl5iib2g%3D","BS181","ATL. BRESCIA 1950","2023-09-30","400m",54.36,"RM056","G.A. FIAMME GIALLE","2024-01-27","60Hs_h84-8.50",8.62,2003,21
"SIOLI Matteo","https://www.fidal.it/atleta/SIOLI-Matteo/dq2Rl5Omb2U%3D","MI352","EUROATLETICA 2002","2025-09-16","alto",2.24,"RM002","G.S. FIAMME AZZURRE","2026-05-03","alto",2.24,2005,21
"STRATI Laura","https://www.fidal.it/atleta/STRATI-Laura/eKiRlZKnaGs%3D","VI626","ATL.VICENTINA","2011-09-10","100m",12.43,"RM052","C.S. ESERCITO","2011-09-24","100m",12.27,1990,21
"TESSARO Giulia","https://www.fidal.it/atleta/TESSARO-Giulia/eKiRlJOjamg%3D","VE483","ATLETICA ASI VENETO","2006-05-01","100m",12.72,"PD131","G.S. FIAMME ORO PADOVA","2006-05-07","100m",12.38,1985,21
"TUMI Michael","https://www.fidal.it/atleta/TUMI-Michael/eK6RkpOma2g%3D","VI626","ATL.VICENTINA","2010-10-10","200m",22.55,"RM053","C.S. AERONAUTICA MILITARE","2011-01-30","60m",6.84,1990,21
"TURCHI Teo","https://www.fidal.it/atleta/TURCHI-Teo/eqiRk5ulb2U%3D","PR068","C.U.S. PARMA","2007-09-30","200m",21.76,"BO011","C.S. CARABINIERI SEZ. ATLETICA","2008-04-12","600m",84.84,1987,21
"VIANELLI Clarissa","https://www.fidal.it/atleta/VIANELLI-Clarissa/dK6Rl5KkaGY%3D","TO076","POLISPORT. NOVATLETICA CHIERI","2026-05-02","200m",24.05,"PD131","G.S. FIAMME ORO PADOVA","2026-05-16","400m",52.75,2005,21
"BADO Aurora","https://www.fidal.it/atleta/BADO-Aurora/daqRkpOjaGg%3D","BS521","FREE-ZONE","2023-07-15","10000m",2052.75,"BO011","C.S. CARABINIERI SEZ. ATLETICA","2024-02-03","1500m",275.55,2002,22
"LA BARBERA Silvia","https://www.fidal.it/atleta/LA-BARBERA-Silvia/h6iRk5OnaGc%3D","PA001","A.S.D. C.U.S. PALERMO","2005-09-25","3000m",590.01,"RI224","G.S. FORESTALE","2006-02-18","1500m",269.47,1984,22
"LANDO Manuel","https://www.fidal.it/atleta/LANDO-Manuel/eK6RkpifaGQ%3D","VI626","ATL.VICENTINA","2022-05-22","alto",2.16,"RM053","C.S. AERONAUTICA MILITARE","2022-05-28","alto",2.15,2000,22
"LA ROSA Stefano","https://www.fidal.it/atleta/LA-ROSA-Stefano/faiRlJKgaWQ%3D","GR065","M. PELLEGRINI BANCA D.MAREMMA","2006-07-23","1500m",232.32,"BO011","C.S. CARABINIERI SEZ. ATLETICA","2007-05-06","3000m",483.7,1985,22
"ABDELWAHED Ahmed","https://www.fidal.it/atleta/ABDELWAHED-Ahmed/f6yRkpKlbmU%3D","MC001","C.U.S. CAMERINO A.S.D.","2018-05-06","5000m",867.03,"RM056","G.A. FIAMME GIALLE","2018-05-19","3000st_h91",528.89,1996,22
"DE SOCCIO Adelina","https://www.fidal.it/atleta/DE-SOCCIO-Adelina/g6iRkpWmaWM%3D","CB005","GRUPPO SPORTIVO VIRTUS","2006-07-23","1500m",274.19,"RM056","G.A. FIAMME GIALLE","2008-05-11","1500m",263.97,1986,22
"TURRONI Alessandro","https://www.fidal.it/atleta/TURRONI-Alessandro/dLKRkpqiaGc%3D","VB014","CO-VER SPORTIVA MAPEI","2009-08-01","1500m",234.24,"RM053","C.S. AERONAUTICA MILITARE","2010-04-25","10000m",1891.96,1988,22
"MACOR Marco","https://www.fidal.it/atleta/MACOR-Marco/eayRkpmicWY%3D","UD030","ATLETICA UDINESE MALIGNANI","2005-09-11","alto",2.07,"PD131","G.S. FIAMME ORO PADOVA","2006-01-14","alto",2.05,1984,22
"ARESE Pietro","https://www.fidal.it/atleta/ARESE-Pietro/dK6RlpilaGQ%3D","TO226","S.A.F.ATLETICA PIEMONTE A.S.D.","2020-09-05","1miglio",239.56,"RM056","G.A. FIAMME GIALLE","2021-01-30","3000m",484.69,1999,22
"MASSIMI Stefano","https://www.fidal.it/atleta/MASSIMI-Stefano/e6iRk5igaGc%3D","MI080","ATL. RICCARDI MILANO","2013-07-28","1500m",231.87,"RM053","C.S. AERONAUTICA MILITARE","2014-01-11","2000m",322.6,1992,22
"VALENTINI Lorenzo","https://www.fidal.it/atleta/VALENTINI-Lorenzo/f6iRmJqhb2M%3D","RI223","ATL. STUDENTESCA CA.RI.RI","2012-10-07","200m",21.17,"RM056","G.A. FIAMME GIALLE","2013-01-26","400m",47.27,1991,22
"MELI Riccardo","https://www.fidal.it/atleta/MELI-Riccardo/h66RkpSjaGc%3D","PA001","A.S.D. C.U.S. PALERMO","2022-09-18","200m",21.47,"RM056","G.A. FIAMME GIALLE","2023-01-21","400m",47.38,2001,22
"MELONI Eugenio","https://www.fidal.it/atleta/MELONI-Eugenio/iKiSmJqoaGg%3D","CA001","C.U.S. CAGLIARI","2015-07-26","alto",2.14,"BO011","C.S. CARABINIERI SEZ. ATLETICA","2016-01-23","alto",2.15,1994,22
"CORSINI Emanuele","https://www.fidal.it/atleta/CORSINI-Emanuele/dqiRlZuka2c%3D","MI085","GINN.MONZESE FORTI E LIBERI","2005-09-25","5000m",897.16,"RM052","C.S. ESERCITO","2006-06-07","3000m",500.14,1984,22
"ANDREI Aldo","https://www.fidal.it/atleta/ANDREI-Aldo/d6iRk5Snb2w%3D","TN109","U.S. QUERCIA TRENTINGRANA","2022-02-05","Marcia_5000m",1253.85,"PD131","G.S. FIAMME ORO PADOVA","2023-04-16","Marcia_10000m",2494.57,2001,22
"CONTE Emily","https://www.fidal.it/atleta/CONTE-Emily/eKqRkpenbmY%3D","VE473","ATLETICA RIVIERA DEL BRENTA","2024-03-09","disco_1kg",53.72,"PD131","G.S. FIAMME ORO PADOVA","2024-04-13","disco_1kg",56.56,2002,22
"MORETTI Mattia","https://www.fidal.it/atleta/MORETTI-Mattia/dq2Rkpqgamw%3D","MI095","DAINI CARATE BRIANZA","2013-10-06","1500m",233.6,"BO011","C.S. CARABINIERI SEZ. ATLETICA","2014-02-01","800m",114.4,1992,22
"COMINOTTO Manuel","https://www.fidal.it/atleta/COMINOTTO-Manuel/eKmRlJOicWQ%3D","FI002","ATLETICA FIRENZE MARATHON S.S.","2011-10-09","5000m",879.1,"RM052","C.S. ESERCITO","2012-02-26","3000m",497.21,1990,22
"NASTI Patrick","https://www.fidal.it/atleta/NASTI-Patrick/eauRkpqfcWM%3D","TS044","MARATHON U.O.E.I. TRIESTE","2010-09-11","3000st_h91",525.98,"RM056","G.A. FIAMME GIALLE","2011-02-20","3000m",494.63,1989,22
"CIPOLLONI Enrica","https://www.fidal.it/atleta/CIPOLLONI-Enrica/e6iRk5eibWM%3D","AP050","TECNO ADRIATLETICA MARCHE","2011-10-08","alto",1.78,"PD131","G.S. FIAMME ORO PADOVA","2012-01-21","60Hs_h84-8.50",8.89,1990,22
"OJIAKU Kevin","https://www.fidal.it/atleta/OJIAKU-Kevin/jKiRkpWhb2Q%3D","TO015","ATLETICA CANAVESANA","2009-09-12","lungo",7.47,"RM056","G.A. FIAMME GIALLE","2011-01-22","lungo",7.3,1989,22
"OLIVERI Matteo","https://www.fidal.it/atleta/OLIVERI-Matteo/daqRkpSfa2w%3D","LU100","A.S. ATLETICA VIRTUS LUCCA","2023-09-05","asta",5.46,"BO011","C.S. CARABINIERI SEZ. ATLETICA","2024-05-11","asta",5.45,2002,22
"CHIGBOLU Maria benedicta","https://www.fidal.it/atleta/CHIGBOLU-Maria-benedicta/f6iRmJufbGU%3D","RM071","A.S. KRONOS ROMA QUATTRO","2010-07-23","200m",25.1,"RM052","C.S. ESERCITO","2011-02-06","400m",57.69,1989,22
"CHIARI Andrea","https://www.fidal.it/atleta/CHIARI-Andrea/dqmRlpqhaGk%3D","MI080","ATL. RICCARDI MILANO","2012-06-28","triplo",15.78,"RM056","G.A. FIAMME GIALLE","2013-06-01","triplo",14.65,1991,22
"CHIANI Cristina","https://www.fidal.it/atleta/CHIANI-Cristina/f6iRlZSga2c%3D","RI223","ATL. STUDENTESCA CA.RI.RI","2005-09-24","triplo",11.56,"RM052","C.S. ESERCITO","2006-09-24","200m",26.42,1984,22
"AMIDEI Martina","https://www.fidal.it/atleta/AMIDEI-Martina/dK6RlJijcGM%3D","TO001","C.U.S. TORINO","2013-07-12","200m",24.46,"RM053","C.S. AERONAUTICA MILITARE","2013-07-27","100m",11.73,1991,22
"ALLOH Audrey","https://www.fidal.it/atleta/ALLOH-Audrey/faiRm5OoaWU%3D","FI002","ATLETICA FIRENZE MARATHON S.S.","2008-10-11","100m",11.8,"RM002","G.S. FIAMME AZZURRE","2009-01-31","60m",7.51,1987,22
"PASSERI Riccardo","https://www.fidal.it/atleta/PASSERI-Riccardo/fqiRk5ikcGc%3D","MI077","CUS PRO PATRIA MILANO","2010-07-10","800m",118.29,"RM053","C.S. AERONAUTICA MILITARE","2011-05-14","3000st_h91",548.98,1989,22
"CELEBRIN Federico","https://www.fidal.it/atleta/CELEBRIN-Federico/eK2RkpqnamQ%3D","TV354","TREVISATLETICA","2025-09-13","alto",2.15,"BO011","C.S. CARABINIERI SEZ. ATLETICA","2026-01-31","alto",2.12,2004,22
"ABATE Emanuele","https://www.fidal.it/atleta/ABATE-Emanuele/daiRk5WiaWw%3D","GE002","A.S.D.  C.U.S. GENOVA","2007-05-19","110Hs_h106-9.14",14.21,"PD131","G.S. FIAMME ORO PADOVA","2007-05-25","110Hs_h106-9.14",13.96,1985,22
"ALI Chituru","https://www.fidal.it/atleta/ALI-Chituru/dquRkpmgbWc%3D","VA123","CUS INSUBRIA VARESE COMO","2020-09-26","200m",21.27,"RM056","G.A. FIAMME GIALLE","2021-02-06","60m",6.78,1999,22
"PICCHIOTTINO Gianluca","https://www.fidal.it/atleta/PICCHIOTTINO-Gianluca/faiRm5ujcGs%3D","LI035","ATL LIBERTAS RUNNERS LIVORNO","2018-04-22","Marcia_10000m",2378.27,"RM056","G.A. FIAMME GIALLE","2018-05-27","Marcia_10000m",2569.09,1996,22
"RE Davide","https://www.fidal.it/atleta/RE-Davide/daiUlpKobWM%3D","TO001","C.U.S. TORINO","2014-09-28","200m",22.15,"RM056","G.A. FIAMME GIALLE","2015-02-21","400m",48.19,1993,22
"RICCI Eleonora","https://www.fidal.it/atleta/RICCI-Eleonora/faAAARkpOjcWY%3D","PI081","ATLETICA CASCINA","2022-09-18","200m",25.43,"RM056","G.A. FIAMME GIALLE","2023-05-07","200m",25.49,2001,22
"RICCI Marco","https://www.fidal.it/atleta/RICCI-Marco/f6iRmZagbWw%3D","RM363","SSD NISSOLINO SPORT SRL ASU","2023-07-30","200m",20.69,"RM052","C.S. ESERCITO","2023-09-30","100m",10.64,2001,22
"RIVA Federico","https://www.fidal.it/atleta/RIVA-Federico/f6yRk5agbms%3D","RM057","FIAMME GIALLE G. SIMONI","2021-09-21","3000m",531.24,"RM056","G.A. FIAMME GIALLE","2022-01-15","1500m",222.75,2000,22
"SALAMI Najibe marco","https://www.fidal.it/atleta/SALAMI-Najibe-marco/dqiRlpikcGs%3D","MN043","LIB.MANTOVA M.LE","2006-07-23","1500m",233.53,"RM052","C.S. ESERCITO","2007-02-03","3000m",486.61,1985,22
"BRIGANTE Emiliano","https://www.fidal.it/atleta/BRIGANTE-Emiliano/eamRkpmkamY%3D","TS044","TRIESTE ATLETICA","2025-04-13","Marcia_10000m",2357.71,"RM053","C.S. AERONAUTICA MILITARE","2025-07-20","Marcia_10000m",2389.64,2003,22
"SARTORI Rebecca","https://www.fidal.it/atleta/SARTORI-Rebecca/eK6RkpSjaWw%3D","VI614","G.A. BASSANO","2018-09-09","400Hs_h76",58.6,"PD131","G.S. FIAMME ORO PADOVA","2019-01-13","60m",7.94,1997,22
"SCARPELLINI Elena","https://www.fidal.it/atleta/SCARPELLINI-Elena/dqmRlpikcWQ%3D","RM131","FONDIARIA - SAI ATLETICA","2008-10-12","asta",3.7,"RM053","C.S. AERONAUTICA MILITARE","2009-01-18","asta",4.0,1987,22
"ADRAGNA Andrea","https://www.fidal.it/atleta/ADRAGNA-Andrea/dqmRlpqgb2g%3D","MI080","ATL. RICCARDI MILANO","2010-10-09","Marcia_10000m",2602.75,"PD131","G.S. FIAMME ORO PADOVA","2011-04-02","Marcia_10000m",2740.1,1989,22
"SIRAGUSA Irene","https://www.fidal.it/atleta/SIRAGUSA-Irene/faiSkpikbWU%3D","SI361","ATLETICA 2005","2015-06-02","100m",11.57,"RM052","C.S. ESERCITO","2015-06-07","200m",23.71,1993,22
"SITO Luca","https://www.fidal.it/atleta/SITO-Luca/dq2RmZimaWM%3D","MI077","CUS PRO PATRIA MILANO","2024-09-21","400m",46.53,"RM056","G.A. FIAMME GIALLE","2025-01-18","400m",46.44,2003,22
"BESANA Veronica","https://www.fidal.it/atleta/BESANA-Veronica/dquRkpmfamM%3D","CO208","ATL. LECCO-COLOMBO COSTRUZ.","2023-09-03","100Hs_h84-8.50",13.76,"RM056","G.A. FIAMME GIALLE","2024-01-20","60Hs_h84-8.50",8.24,2002,22
"BERTI Alessia","https://www.fidal.it/atleta/BERTI-Alessia/faiRk5encGU%3D","FI002","ATL.ASICS FIRENZE MARATHON","2005-02-20","200m",24.72,"RM052","C.S. ESERCITO","2005-04-24","200m",24.87,1983,22
"STERNI Riccardo","https://www.fidal.it/atleta/STERNI-Riccardo/eauRkpqjcWM%3D","TS044","MARATHON U.O.E.I. TRIESTE","2010-05-16","5000m",887.93,"RM052","C.S. ESERCITO","2011-04-17","10000m",1783.87,1989,22
"ZANNE Federica","https://www.fidal.it/atleta/ZANNE-Federica/dqqRl5ijamg%3D","BS181","ATL. BRESCIA 1950 ISPA GROUP","2018-07-05","3000m",565.82,"RM052","C.S. ESERCITO","2019-01-19","3000m",572.64,1997,22
"STRUMILLO Stefania","https://www.fidal.it/atleta/STRUMILLO-Stefania/eqiRlZWob2g%3D","BO008","C.U.S. BOLOGNA A.S.D.","2011-03-13","disco_1kg",49.62,"RM052","C.S. ESERCITO","2011-05-07","peso_4kg",13.88,1989,22
"BENECCHI Giorgia","https://www.fidal.it/atleta/BENECCHI-Giorgia/eqiRlZujcWU%3D","PR068","C.U.S. PARMA","2010-10-10","asta",3.9,"RM052","C.S. ESERCITO","2011-01-09","asta",4.0,1989,22
"TOMASSETTI Marta","https://www.fidal.it/atleta/TOMASSETTI-Marta/e6iRkpegamM%3D","CA001","C.U.S. CAGLIARI","2005-01-30","60m",7.82,"RM052","C.S. ESERCITO","2005-06-18","100m",12.39,1983,22
"FRARESSO Mauro","https://www.fidal.it/atleta/FRARESSO-Mauro/eKyRkpagb2o%3D","TV348","SILCA ULTRALITE VITTORIO V.TO","2014-07-19","giavellotto_800g",73.41,"RM056","G.A. FIAMME GIALLE","2015-02-08","giavellotto_800g",64.87,1993,22
"GOTTARDO Leonardo","https://www.fidal.it/atleta/GOTTARDO-Leonardo/eKiRlJOkbWo%3D","VE471","ATL.BIOTEKNA MARCON","2009-05-23","giavellotto_800g",74.35,"RM053","C.S. AERONAUTICA MILITARE","2010-02-21","giavellotto_800g",65.24,1988,22
"BAZZONI Chiara","https://www.fidal.it/atleta/BAZZONI-Chiara/faiRk5qhcGQ%3D","FI007","TOSCANA ATL.EMPOLI","2006-01-22","400m",56.86,"RM052","C.S. ESERCITO","2006-01-29","400m",56.96,1984,22
"GUELFO Matteo","https://www.fidal.it/atleta/GUELFO-Matteo/damRkpekbGk%3D","GE003","S.S. TRIONFO LIGURE","2022-09-08","800m",109.95,"RM056","G.A. FIAMME GIALLE","2023-05-17","800m",110.33,2001,22
"GUERRA Francesco","https://www.fidal.it/atleta/GUERRA-Francesco/f6iRmZafcWk%3D","LU351","G.P. PARCO ALPI APUANE","2022-09-10","5000m",870.84,"BO011","C.S. CARABINIERI SEZ. ATLETICA","2023-02-05","3000m",479.76,2001,22
"FEDRIGA Carlotta","https://www.fidal.it/atleta/FEDRIGA-Carlotta/equRkpKja2o%3D","FC038","EDERA ATL. FORLI","2025-02-01","60m",7.53,"PD131","G.S. FIAMME ORO PADOVA","2026-05-30","100m",11.65,2004,22
"FALOCI Giovanni","https://www.fidal.it/atleta/FALOCI-Giovanni/fqiRk5ihamU%3D","MC004","ATL. AVIS MACERATA","2006-07-12","sconosciuto_cod_81",15.99,"RM056","G.A. FIAMME GIALLE","2007-01-28","disco_2kg",55.09,1985,22
"DI GRAZIA Loredana","https://www.fidal.it/atleta/DI-GRAZIA-Loredana/hKiSmZOgbGk%3D","BA008","FIAMMA ATL. TRIGGIANO PUGLIA","2005-07-15","800m",132.01,"RM052","C.S. ESERCITO","2006-02-02","1000m",168.75,1984,22
"MANDUSIC Max","https://www.fidal.it/atleta/MANDUSIC-Max/eauRk5OfbWc%3D","TS044","TRIESTE ATLETICA","2020-08-29","asta",5.4,"RM056","G.A. FIAMME GIALLE","2021-01-23","asta",5.3,1998,23
"MARONE Anna laura","https://www.fidal.it/atleta/MARONE-Anna-laura/dK6Rkpqgbmw%3D","TO001","C.U.S. TORINO","2011-07-23","400m",55.38,"RM052","C.S. ESERCITO","2011-09-24","100Hs_h84-8.50",14.74,1988,23
"BERTELLO Gaya","https://www.fidal.it/atleta/BERTELLO-Gaya/dK6Rl5WmcGs%3D","TO076","POLISPORT. NOVATLETICA CHIERI","2026-01-22","60m",7.46,"RM056","G.A. FIAMME GIALLE","2026-02-08","60m",7.44,2003,23
"GERVASI Chiara","https://www.fidal.it/atleta/GERVASI-Chiara/daiRk5KfcWU%3D","RM131","FONDIARIA - SAI ATLETICA","2008-10-12","200m",25.33,"RM052","C.S. ESERCITO","2009-04-26","80m",10.04,1986,23
"CHIESA Stefano","https://www.fidal.it/atleta/CHIESA-Stefano/dLKRk5KjcGc%3D","PV110","ATL.  CENTO TORRI PAVIA","2018-09-22","Marcia_5000m",1262.16,"BO011","C.S. CARABINIERI SEZ. ATLETICA","2019-03-31","Marcia_10km",2493.24,1996,23
"COLOMBINI Simone","https://www.fidal.it/atleta/COLOMBINI-Simone/eqyRkpOfbmM%3D","MO052","A.S. LA FRATELLANZA 1874","2018-09-22","3000st_h91",548.67,"RM053","C.S. AERONAUTICA MILITARE","2019-04-26","1500m",235.01,1996,23
"OSAKUE Daisy oyemwenosa","https://www.fidal.it/atleta/OSAKUE-Daisy-oyemwenosa/dK6RlZaoamQ%3D","TO002","SISPORT SSD","2018-09-15","disco_1kg",56.61,"RM056","G.A. FIAMME GIALLE","2019-03-15","disco_1kg",60.04,1996,23
"PACCHETTI Cecilia","https://www.fidal.it/atleta/PACCHETTI-Cecilia/dq2RkpmicGc%3D","BS181","ATL. BRESCIA 1950 ISPA GROUP","2011-10-09","lungo",4.79,"RM052","C.S. ESERCITO","2012-02-05","triplo",12.6,1989,23
"PADOVAN Paola","https://www.fidal.it/atleta/PADOVAN-Paola/eKmRlJOfbGY%3D","PD140","ASSINDUSTRIA SPORT PADOVA","2017-09-24","giavellotto_600g",50.03,"BO011","C.S. CARABINIERI SEZ. ATLETICA","2018-04-22","giavellotto_600g",55.33,1995,23
"GIACOBAZZI Alessandro","https://www.fidal.it/atleta/GIACOBAZZI-Alessandro/eqiRlpWhbWU%3D","MO052","A.S. LA FRATELLANZA 1874","2018-09-23","5000m",885.99,"RM053","C.S. AERONAUTICA MILITARE","2019-05-12","5000m",899.34,1996,23
"CERUTTI Fabio","https://www.fidal.it/atleta/CERUTTI-Fabio/dK6Rk5elbWs%3D","MI080","ATL. RICCARDI MILANO","2008-05-31","100m",10.41,"RM056","G.A. FIAMME GIALLE","2008-06-06","100m",10.49,1985,23
"PANIZZA Giacomo","https://www.fidal.it/atleta/PANIZZA-Giacomo/dquRkpKgbWM%3D","CO208","ATL. LECCO-COLOMBO COSTRUZ.","2011-10-09","400Hs_h91",55.47,"PD131","G.S. FIAMME ORO PADOVA","2012-04-28","400Hs_h91",52.21,1989,23
"AMATO Serena","https://www.fidal.it/atleta/AMATO-Serena/dqiRlpiib2Q%3D","MI077","PRO PATRIA CUS MILANO","2009-09-27","lungo",5.73,"RM052","C.S. ESERCITO","2010-01-30","lungo",6.06,1987,23
"GALBIERI Giovanni","https://www.fidal.it/atleta/GALBIERI-Giovanni/eKAAARkpOoamg%3D","MI080","ATL. RICCARDI MILANO 1946","2016-06-11","100m",10.5,"RM053","C.S. AERONAUTICA MILITARE","2016-06-25","100m",10.6,1993,23
"FRATTINI Giovanni","https://www.fidal.it/atleta/FRATTINI-Giovanni/erORkpSmcWk%3D","MO052","ASD LA FRATELLANZA 1874","2025-06-18","giavellotto_800g",74.9,"BO011","C.S. CARABINIERI SEZ. ATLETICA","2025-07-24","giavellotto_800g",74.97,2002,23
"CELI Martina","https://www.fidal.it/atleta/CELI-Martina/faiRm5ejamo%3D","RI223","ATL. STUDENTESCA CA.RI.RI","2009-08-01","10000m",2161.87,"RM052","C.S. ESERCITO","2010-04-25","10000m",2121.18,1987,23
"PAVESE Alessia","https://www.fidal.it/atleta/PAVESE-Alessia/dqmRl5ama2w%3D","BS181","ATL. BS '50 METALLURG. S.MARCO","2020-09-20","200m",24.06,"RM053","C.S. AERONAUTICA MILITARE","2021-05-01","100m",11.68,1998,23
"BELLINAZZI Giorgia","https://www.fidal.it/atleta/BELLINAZZI-Giorgia/eaqRkpulaGU%3D","PN039","ATL BRUGNERA PN FRIULINTAGLI","2022-09-18","200m",24.21,"RM052","C.S. ESERCITO","2023-01-15","60m",7.53,2000,23
"VEROLI Lorenzo","https://www.fidal.it/atleta/VEROLI-Lorenzo/e6iRk5mgb2M%3D","AV208","ASD ENTERPRISE SPORT & SERVICE","2014-08-03","400m",47.92,"RM002","G.S. FIAMME AZZURRE","2015-01-25","400m",49.38,1992,23
"PICCHIANTI Luana","https://www.fidal.it/atleta/PICCHIANTI-Luana/faiRm5WhcWo%3D","MS090","JAKY-TECH APUANA","2007-09-26","giavellotto_600g",45.08,"RM052","C.S. ESERCITO","2008-05-03","giavellotto_600g",47.85,1985,23
"POLINARI Anna","https://www.fidal.it/atleta/POLINARI-Anna/eKAAARkpehbmU%3D","BS181","ATL. BS '50 METALLURG. S.MARCO","2021-09-19","400Hs_h76",61.87,"BO011","C.S. CARABINIERI SEZ. ATLETICA","2022-02-06","400m",53.81,1999,23
"NICOLETTI Julaika","https://www.fidal.it/atleta/NICOLETTI-Julaika/eqiRlJuoamo%3D","RM131","FONDIARIA - SAI ATLETICA","2010-10-10","disco_1kg",33.06,"RI224","G.S. FORESTALE","2011-01-22","peso_4kg",14.97,1988,23
"RAZINE Marouan","https://www.fidal.it/atleta/RAZINE-Marouan/dK6RlJqnaGs%3D","TO001","C.U.S. TORINO","2013-09-29","5000m",844.02,"RM052","C.S. ESERCITO","2014-05-11","5000m",859.28,1991,23
"TAVERNINI Asia","https://www.fidal.it/atleta/TAVERNINI-Asia/d6iRk5uoaGw%3D","TN109","U.S. QUERCIA DAO CONAD","2024-02-18","alto",1.84,"PD131","G.S. FIAMME ORO PADOVA","2024-05-09","alto",1.82,2001,23
"VISTALLI Marco francesco","https://www.fidal.it/atleta/VISTALLI-Marco-francesco/dqmRl5KjaGM%3D","BG003","ATL. BERGAMO 1959 CREBERG","2009-09-09","400m",47.21,"PD131","G.S. FIAMME ORO PADOVA","2010-04-18","300m",33.33,1987,23
"RICCI Elena","https://www.fidal.it/atleta/RICCI-Elena/f6iRl5ahaGQ%3D","VT501","ALTO LAZIO A.S.D.","2010-09-26","400Hs_h76",62.34,"RM052","C.S. ESERCITO","2011-05-04","200m",25.12,1988,23
"CONTINI Mattia","https://www.fidal.it/atleta/CONTINI-Mattia/faiSkpKjbmo%3D","LI035","ATL LIBERTAS RUNNERS LIVORNO","2017-05-21","400Hs_h91",51.98,"RM053","C.S. AERONAUTICA MILITARE","2017-07-16","400Hs_h91",53.14,1994,23
"DOVERI Francesca","https://www.fidal.it/atleta/DOVERI-Francesca/faiRk5ikcWk%3D","MS090","ATL. APUANA FEMMINILE","2005-05-15","lungo",6.01,"RM052","C.S. ESERCITO","2005-05-27","lungo",6.01,1982,23
"RIPARELLI Jacques","https://www.fidal.it/atleta/RIPARELLI-Jacques/eKiRlJSjbmo%3D","PD143","C.U.S. PADOVA","2005-09-04","100m",11.0,"RM053","C.S. AERONAUTICA MILITARE","2006-01-21","60m",6.92,1983,23
"CARRARO Elena","https://www.fidal.it/atleta/CARRARO-Elena/dqqRmJKicGk%3D","BS181","ATL. BRESCIA 1950","2023-09-03","100Hs_h84-8.50",13.3,"RM056","G.A. FIAMME GIALLE","2024-01-27","60Hs_h84-8.50",8.3,2001,23
"CAROZZA Fabiano","https://www.fidal.it/atleta/CAROZZA-Fabiano/gayRkpKfaGQ%3D","TE049","ASD BRUNI PUBBL. ATL. VOMANO","2011-02-20","3000m",494.5,"RM053","C.S. AERONAUTICA MILITARE","2011-07-09","1500m",246.2,1988,23
"ROSATI Martina","https://www.fidal.it/atleta/ROSATI-Martina/daiRk5SjbWg%3D","SP573","ATL. SPORTLIFE LA SPEZIA","2005-10-15","800m",138.52,"RM002","G.S. FIAMME AZZURRE","2006-01-22","400m",55.02,1983,23
"CARMASSI Giada","https://www.fidal.it/atleta/CARMASSI-Giada/eayRk5SjbmY%3D","PN039","ATL BRUGNERA PN FRIULINTAGLI","2016-09-24","100Hs_h84-8.50",14.31,"RM052","C.S. ESERCITO","2017-01-21","60Hs_h84-8.50",8.68,1994,23
"BUSSOTTI NEVES JUNIOR Joao capistrano mari","https://www.fidal.it/atleta/BUSSOTTI-NEVES-JUNIOR-Joao-capistrano-mari/faiSk5Ojbms%3D","LI036","ATLETICA LIVORNO","2015-09-27","800m",112.02,"RM052","C.S. ESERCITO","2016-02-21","1500m",229.94,1993,23
"SACCOMANO Enrico","https://www.fidal.it/atleta/SACCOMANO-Enrico/eayRk5agaGs%3D","UD030","ATLETICA MALIGNANI LIBERTAS UD","2023-07-30","disco_2kg",56.21,"RM053","C.S. AERONAUTICA MILITARE","2024-01-28","disco_2kg",59.87,2001,23
"DI MARCO Nazzareno","https://www.fidal.it/atleta/DI-MARCO-Nazzareno/e6iRkpuoaWQ%3D","TE049","ASD BRUNI PUBBL. ATL. VOMANO","2008-07-20","disco_2kg",55.44,"PD131","G.S. FIAMME ORO PADOVA","2008-07-26","disco_2kg",55.54,1985,23
"GUAZZI Alessandro","https://www.fidal.it/atleta/GUAZZI-Alessandro/eqiRlJilamY%3D","RI223","ATL. STUDENTESCA CA.RI.RI","2008-09-27","100m",10.79,"BO011","C.S. CARABINIERI SEZ. ATLETICA","2009-04-04","300m",35.63,1986,23
"BERRINO Riccardo","https://www.fidal.it/atleta/BERRINO-Riccardo/dayRkpSncWc%3D","GE002","A.S.D.  C.U.S. GENOVA","2024-09-22","400Hs_h91",52.13,"RM053","C.S. AERONAUTICA MILITARE","2025-07-19","400Hs_h91",51.12,2002,23
"SELVA Giovanna","https://www.fidal.it/atleta/SELVA-Giovanna/dLKRkpulcWo%3D","VB058","SPORT PROJECT VCO","2022-08-02","3000m",567.92,"BO011","C.S. CARABINIERI SEZ. ATLETICA","2023-04-25","2000m",363.88,2000,23
"SELVAROLO Pasquale","https://www.fidal.it/atleta/SELVAROLO-Pasquale/hKmRkpqgb2Q%3D","PR568","ATL. CASONE NOCETO","2021-07-08","10000m",1765.56,"RM002","G.S. FIAMME AZZURRE","2022-05-01","10000m",1733.77,1999,23
"SEPPI Andrea","https://www.fidal.it/atleta/SEPPI-Andrea/eauRkpeob2w%3D","TS044","MARATHON U.O.E.I. TRIESTE","2010-05-15","1500m",239.16,"RM056","G.A. FIAMME GIALLE","2011-05-14","1500m",238.76,1988,23
"AGRUSTI Andrea","https://www.fidal.it/atleta/AGRUSTI-Andrea/iKiSmZOhcWc%3D","SS182","I GUERRIERI DEL PAVONE","2017-02-04","Marcia_5000m",1215.12,"RM056","G.A. FIAMME GIALLE","2018-09-07","Marcia_10km",2473.24,1995,23
"MELON Chiara","https://www.fidal.it/atleta/MELON-Chiara/dqAAARl5OmaGU%3D","BS181","ATL. BS '50 METALLURG. S.MARCO","2022-02-13","60m",7.59,"RM002","G.S. FIAMME AZZURRE","2022-02-27","60m",7.53,1999,23
"GUERRINI Alessandro","https://www.fidal.it/atleta/GUERRINI-Alessandro/f6iRlpikb2w%3D","RS012","COLLEFERRO ATLETICA","2005-09-25","5000m",874.95,"RM052","C.S. ESERCITO","2006-06-14","1500m",231.64,1983,23
"BIASUTTI Simone","https://www.fidal.it/atleta/BIASUTTI-Simone/eauRkpufb2Y%3D","TS044","TRIESTE ATLETICA","2021-07-20","triplo",16.61,"RM056","G.A. FIAMME GIALLE","2022-01-22","triplo",16.01,1999,23
"AWUAH BAFFOUR Stephen","https://www.fidal.it/atleta/AWUAH-BAFFOUR-Stephen/dK6RmJWmaGc%3D","TO001","BATTAGLIO C.U.S. TORINO ATL","2026-01-24","60m",6.62,"RM056","G.A. FIAMME GIALLE","2026-02-11","60m",6.61,2003,23
"LA MASTRA Rosario","https://www.fidal.it/atleta/LA-MASTRA-Rosario/h6iRk5ekbGw%3D","CT075","SPORT CLUB CATANIA A.S.D.","2006-09-24","200m",21.63,"BO011","C.S. CARABINIERI SEZ. ATLETICA","2007-02-18","60m",6.92,1984,23
"COSI Andrea","https://www.fidal.it/atleta/COSI-Andrea/faqRkpOocWo%3D","FI002","ATLETICA FIRENZE MARATHON S.S.","2023-09-30","Marcia_5000m",1209.37,"BO011","C.S. CARABINIERI SEZ. ATLETICA","2024-09-21","Marcia_10000m",2450.95,2001,23
"DESSI Lorenzo","https://www.fidal.it/atleta/DESSI-Lorenzo/f6iRl5WiaWY%3D","RM057","FIAMME GIALLE G. SIMONI","2011-10-30","Marcia_10km",2836.24,"RM056","G.A. FIAMME GIALLE","2012-03-11","Marcia_10km",2683.24,1989,23
"BERTON Aurora","https://www.fidal.it/atleta/BERTON-Aurora/eayRk5akcGY%3D","UD018","LIBERTAS FRIUL PALMANOVA","2022-07-30","100m",11.74,"RM056","G.A. FIAMME GIALLE","2023-04-25","100m",11.86,2000,23
"BERTOLINI Roberto","https://www.fidal.it/atleta/BERTOLINI-Roberto/dqiRlZmncGs%3D","PV110","ATL.  CENTO TORRI PAVIA","2008-08-23","giavellotto_800g",59.48,"PD131","G.S. FIAMME ORO PADOVA","2008-09-10","giavellotto_800g",69.32,1985,23
"DESIDERI Cecilia","https://www.fidal.it/atleta/DESIDERI-Cecilia/f6uRkpKiamM%3D","RI223","ATL.STUD. RIETI ANDREA MILARDI","2022-05-21","martello_4kg",64.01,"RM053","C.S. AERONAUTICA MILITARE","2022-05-22","martello_4kg",62.99,1999,23
"LICCIARDI Devis","https://www.fidal.it/atleta/LICCIARDI-Devis/drKRkpKkb2M%3D","MI089","PRO SESTO ATL.","2008-10-12","400Hs_h91",58.0,"RM053","C.S. AERONAUTICA MILITARE","2009-05-16","3000st_h91",575.05,1986,23
"OGGIONI Silvia","https://www.fidal.it/atleta/OGGIONI-Silvia/drKRkpWfa2s%3D","MI089","PRO SESTO ATL.","2018-05-26","1500m",281.37,"RM053","C.S. AERONAUTICA MILITARE","2018-08-26","3000st_h76",638.8,1995,23
"BERTOLDO Michele","https://www.fidal.it/atleta/BERTOLDO-Michele/eK6RkpqnbGo%3D","VI626","ATL.VICENTINA","2023-10-01","400Hs_h91",53.32,"BO011","C.S. CARABINIERI SEZ. ATLETICA","2024-04-25","400m",48.12,2001,23
"DE MARCHI Jacopo","https://www.fidal.it/atleta/DE-MARCHI-Jacopo/eamRkpmfb2k%3D","TS044","TRIESTE ATLETICA","2021-06-13","1500m",227.79,"RM052","C.S. ESERCITO","2021-08-28","1500m",224.43,1998,23
"DEL GATTO Lorenzo","https://www.fidal.it/atleta/DEL-GATTO-Lorenzo/e6iRk5Wja2w%3D","FM050","TEAM ATLETICA MARCHE","2015-07-25","peso_7kg",16.11,"BO011","C.S. CARABINIERI SEZ. ATLETICA","2017-04-25","peso_7kg",16.87,1994,23
"HALITI Eusebio","https://www.fidal.it/atleta/HALITI-Eusebio/haiRk5Wka2s%3D","MT023","POL. ROCCO SCOTELLARO MT","2013-09-28","400m",48.9,"RM052","C.S. ESERCITO","2014-05-11","200m",22.25,1991,23
"MANNUCCI Alessio","https://www.fidal.it/atleta/MANNUCCI-Alessio/fayRkpKgbWk%3D","LI036","ATLETICA LIVORNO","2021-06-18","disco_2kg",55.26,"RM053","C.S. AERONAUTICA MILITARE","2021-06-27","disco_2kg",57.53,1998,23
"CHILA' Gabriele","https://www.fidal.it/atleta/CHILA-Gabriele/hqiRk5mgbmc%3D","RI223","ATL.STUD. RIETI ANDREA MILARDI","2019-07-27","lungo",7.7,"RM056","G.A. FIAMME GIALLE","2020-01-26","lungo",7.83,1997,23
"MATTAGLIANO Joyce","https://www.fidal.it/atleta/MATTAGLIANO-Joyce/eauRkpqna2Q%3D","PN039","ATL BRUGNERA PN FRIULINTAGLI","2016-09-25","800m",129.72,"RM052","C.S. ESERCITO","2017-01-15","1000m",168.07,1994,23
"MARCOLINI Marta","https://www.fidal.it/atleta/MARCOLINI-Marta/f6iRlpembmY%3D","RS064","A.S. ROMA G.CASTELLO","2005-10-15","Marcia_5000m",1474.14,"RM052","C.S. ESERCITO","2006-03-12","Marcia_10000m",2991.14,1983,23
"BORTOLI Elisa","https://www.fidal.it/atleta/BORTOLI-Elisa/eKmRlJOocWY%3D","BS181","ATL. BRESCIA 1950","2017-05-07","800m",130.22,"RM052","C.S. ESERCITO","2018-01-14","1500m",275.48,1994,24
"MANGIONE Alice","https://www.fidal.it/atleta/MANGIONE-Alice/h7GRkpKlb2g%3D","BS181","ATL. BS '50 METALLURG. S.MARCO","2021-01-30","300m",53.71,"RM052","C.S. ESERCITO","2021-02-20","400m",53.55,1997,24
"RINICELLA Angela","https://www.fidal.it/atleta/RINICELLA-Angela/h6iRk5OgbmQ%3D","PA001","A.S.D. C.U.S. PALERMO","2005-07-23","1500m",255.98,"RM052","C.S. ESERCITO","2006-05-26","1500m",253.57,1982,24
"BONORA Alessandra","https://www.fidal.it/atleta/BONORA-Alessandra/dqqRl5mhaWs%3D","MI221","BRACCO ATLETICA","2023-09-03","400m",52.85,"RM056","G.A. FIAMME GIALLE","2024-01-21","200m",24.25,2000,24
"RIVA Giulia","https://www.fidal.it/atleta/RIVA-Giulia/dq2Rk5SibGY%3D","MI218","N.ATL. FANFULLA LODIGIANA","2015-09-27","200m",24.51,"PD131","G.S. FIAMME ORO PADOVA","2016-07-17","100m",12.03,1992,24
"BOGLIOLO Luminosa","https://www.fidal.it/atleta/BOGLIOLO-Luminosa/dayRkpKga2g%3D","GE002","A.S.D.  C.U.S. GENOVA","2019-03-03","60Hs_h84-8.50",8.11,"PD131","G.S. FIAMME ORO PADOVA","2019-05-25","100Hs_h84-8.50",13.21,1995,24
"GHERCA Maria roberta","https://www.fidal.it/atleta/GHERCA-Maria-roberta/f62Rkpagb2k%3D","RM363","SSD NISSOLINO SPORT SRL ASU","2023-07-30","asta",4.3,"RM053","C.S. AERONAUTICA MILITARE","2024-01-13","asta",4.3,2000,24
"LOPEZ Brayan","https://www.fidal.it/atleta/LOPEZ-Brayan/dK6RlpWfcGk%3D","BZ066","ATHLETIC CLUB 96 ALPERIA","2021-02-21","400m",47.33,"RM002","G.S. FIAMME AZZURRE","2021-04-16","300m",33.85,1997,24
"ROMAGNOLO Elena","https://www.fidal.it/atleta/ROMAGNOLO-Elena/dKAAARk5Woamo%3D","BO008","C.U.S. BOLOGNA","2005-10-08","3000m",587.96,"RM052","C.S. ESERCITO","2006-02-19","3000m",556.85,1982,24
"ANDREUTTI Giada","https://www.fidal.it/atleta/ANDREUTTI-Giada/eayRk5KmcWc%3D","UD030","ATLETICA MALIGNANI LIBERTAS UD","2019-06-12","disco_1kg",55.01,"RM053","C.S. AERONAUTICA MILITARE","2019-06-15","peso_4kg",11.88,1995,24
"ACCAME Ilaria elvira","https://www.fidal.it/atleta/ACCAME-Ilaria-elvira/dayRkpSjaWY%3D","LI035","ATL.LIBERTAS UNICUSANO LIVORNO","2025-02-08","400m",53.4,"RM053","C.S. AERONAUTICA MILITARE","2025-06-08","400m",55.56,2001,24
"ANTONELLI Michele","https://www.fidal.it/atleta/ANTONELLI-Michele/e6uRkpKgbms%3D","MC007","ATL. RECANATI","2017-04-23","Marcia_10000m",2579.29,"RM053","C.S. AERONAUTICA MILITARE","2018-04-22","Marcia_10000m",2581.53,1994,24
"IHEMEJE Chiebuka emmanuel","https://www.fidal.it/atleta/IHEMEJE-Chiebuka-emmanuel/dqmRl5inb2M%3D","BG248","ATL. ESTRADA","2022-05-15","triplo",16.71,"RM053","C.S. AERONAUTICA MILITARE","2022-05-27","triplo",16.9,1998,24
"MURARO Alice","https://www.fidal.it/atleta/MURARO-Alice/eK6RkpalcGQ%3D","VI626","ATL.VICENTINA","2023-08-03","400Hs_h76",55.48,"RM053","C.S. AERONAUTICA MILITARE","2024-01-27","60Hs_h84-8.50",8.22,2000,24
"FRANCARIO Giulia","https://www.fidal.it/atleta/FRANCARIO-Giulia/fqiRkpumcGY%3D","PG004","ATL.LIBERTAS A.R.C.S. PERUGIA","2007-07-27","1500m",264.42,"RM052","C.S. ESERCITO","2009-05-10","1500m",275.29,1985,24
"BROGIATO Sara","https://www.fidal.it/atleta/BROGIATO-Sara/dK6RlJmia2Y%3D","TO001","C.U.S. TORINO","2013-05-01","1000m",176.69,"RM053","C.S. AERONAUTICA MILITARE","2014-05-17","10000m",2088.83,1990,24
"ZOGHLAMI Ala","https://www.fidal.it/atleta/ZOGHLAMI-Ala/h6iRlZqib2w%3D","PA001","A.S.D. C.U.S. PALERMO","2018-06-24","5000m",884.48,"PD131","G.S. FIAMME ORO PADOVA","2018-07-07","3000st_h91",521.42,1994,24
"GUALTIERI Gegia","https://www.fidal.it/atleta/GUALTIERI-Gegia/f6iRlJWicGc%3D","MI218","N.ATL. FANFULLA LODIGIANA","2006-05-21","5000m",1007.97,"RM052","C.S. ESERCITO","2006-05-27","1500m",290.84,1982,24
"CECCARELLI Samuele","https://www.fidal.it/atleta/CECCARELLI-Samuele/fa6RkpOgaWw%3D","FI002","ATLETICA FIRENZE MARATHON S.S.","2023-09-06","100m",11.13,"PD131","G.S. FIAMME ORO PADOVA","2024-01-20","60m",6.69,2000,24
"NALDI Elisa","https://www.fidal.it/atleta/NALDI-Elisa/fa2RkpSfbGY%3D","LU100","A.S. ATLETICA VIRTUS LUCCA","2021-09-19","lungo",6.26,"BO011","C.S. CARABINIERI SEZ. ATLETICA","2022-01-22","lungo",6.11,1998,24
"TECUCEANU Catalin","https://www.fidal.it/atleta/TECUCEANU-Catalin/eK2Rkpelamo%3D","TV348","SILCA ULTRALITE VITTORIO V.TO","2023-02-19","800m",105.99,"PD131","G.S. FIAMME ORO PADOVA","2023-03-02","800m",107.24,1999,24
"MAGNANI Margherita","https://www.fidal.it/atleta/MAGNANI-Margherita/eqiRlZaoamM%3D","BO008","C.U.S. RIPRESA BOLOGNA A.S.D.","2010-09-26","800m",128.97,"RM056","G.A. FIAMME GIALLE","2011-02-19","1500m",271.49,1987,24
"QUATTROCIOCCHI Mauro","https://www.fidal.it/atleta/QUATTROCIOCCHI-Mauro/f6iRl5SkaGc%3D","RI223","ATL. STUDENTESCA CA.RI.RI","2009-02-22","triplo",15.56,"RM056","G.A. FIAMME GIALLE","2009-05-16","triplo",15.51,1985,24
"COLLI Gaia","https://www.fidal.it/atleta/COLLI-Gaia/eKmRlJaka2Y%3D","BG223","ATL. VALLE BREMBANA","2022-07-19","5000m",984.77,"BO011","C.S. CARABINIERI SEZ. ATLETICA","2023-05-07","10000m",2055.23,1999,24
"D'ASCOLI Alessandro","https://www.fidal.it/atleta/D-ASCOLI-Alessandro/gKiRlJija2Q%3D","RM057","FIAMME GIALLE G. SIMONI","2010-10-10","5000m",894.11,"RM053","C.S. AERONAUTICA MILITARE","2012-06-09","1500m",241.74,1988,24
"BELLINO Giovanni","https://www.fidal.it/atleta/BELLINO-Giovanni/hKiSmZema2o%3D","FI002","ATLETICA FIRENZE MARATHON S.S.","2011-09-25","800m",111.03,"RM056","G.A. FIAMME GIALLE","2012-02-25","1500m",236.43,1988,24
"DEMATTEIS Bernard","https://www.fidal.it/atleta/DEMATTEIS-Bernard/dKyRk5ihbWk%3D","CN007","A.S.D.PODISTICA VALLE VARAITA","2011-04-17","10000m",1810.51,"RM052","C.S. ESERCITO","2011-07-27","5000m",867.33,1986,25
"PROSERPIO Giacomo","https://www.fidal.it/atleta/PROSERPIO-Giacomo/dquRkpWibWc%3D","CO208","ATL. LECCO-COLOMBO COSTRUZ.","2021-09-19","martello_7kg",67.84,"BO011","C.S. CARABINIERI SEZ. ATLETICA","2022-05-15","martello_7kg",65.42,1997,25
"DEMATTEIS Martin","https://www.fidal.it/atleta/DEMATTEIS-Martin/dKyRk5ihbWo%3D","CN007","A.S.D.PODISTICA VALLE VARAITA","2011-04-17","10000m",1794.33,"RM052","C.S. ESERCITO","2011-07-27","5000m",864.42,1986,25
"ZOGHLAMI Osama","https://www.fidal.it/atleta/ZOGHLAMI-Osama/h6iRlZqicGM%3D","PA001","A.S.D. C.U.S. PALERMO","2018-09-09","3000st_h91",515.28,"RM053","C.S. AERONAUTICA MILITARE","2019-05-12","5000m",844.55,1994,25
"BALLONI Francesca","https://www.fidal.it/atleta/BALLONI-Francesca/faiRkpOhbms%3D","FI013","ATL. SESTESE FEMMINILE","2005-07-09","Marcia_5000m",1429.1,"RM052","C.S. ESERCITO","2006-07-08","Marcia_5000m",1431.22,1981,25
"COLOMBI Nicole","https://www.fidal.it/atleta/COLOMBI-Nicole/dqmRl5WjaGo%3D","BS181","ATL. BRESCIA 1950 ISPA GROUP","2019-07-28","Marcia_10km",2743.24,"BO011","C.S. CARABINIERI SEZ. ATLETICA","2020-10-03","Marcia_5000m",1312.12,1995,25
"MATTUZZI Isabel","https://www.fidal.it/atleta/MATTUZZI-Isabel/d6iRk5OlbWM%3D","TN109","U.S. QUERCIA TRENTINGRANA","2019-09-06","3000st_h76",596.76,"RM056","G.A. FIAMME GIALLE","2020-07-15","3000st_h76",606.13,1995,25
"GEREVINI Sveva","https://www.fidal.it/atleta/GEREVINI-Sveva/dqiSl5SkaWQ%3D","CR041","CREMONA SPORTIVA ATL. ARVEDI","2020-08-29","800m",137.02,"BO011","C.S. CARABINIERI SEZ. ATLETICA","2021-01-17","60m",7.73,1996,25
"MARCHIANDO Eleonora","https://www.fidal.it/atleta/MARCHIANDO-Eleonora/jKiRlJWob2c%3D","AO004","ATLETICA SANDRO CALVESI","2021-09-04","100m",11.82,"BO011","C.S. CARABINIERI SEZ. ATLETICA","2022-01-23","60m",7.61,1997,25
"BELTRAMI Ilaria","https://www.fidal.it/atleta/BELTRAMI-Ilaria/dqiRlZSibWg%3D","MI259","CUS ATL. 2000 MILANO","2005-09-10","lungo",5.95,"RI224","G.S. FORESTALE","2006-02-05","lungo",6.04,1981,25
"MORARA Marta","https://www.fidal.it/atleta/MORARA-Marta/eqmRkpOgamw%3D","RA093","ATL. LUGO","2023-07-09","alto",1.68,"RM053","C.S. AERONAUTICA MILITARE","2024-01-28","alto",1.74,1999,25
"FRANZON Giovanna","https://www.fidal.it/atleta/FRANZON-Giovanna/eKiRkpSma2Y%3D","MI221","CAMELOT","2006-02-09","triplo",12.99,"RI224","G.S. FORESTALE","2006-02-18","lungo",3.81,1981,25
"CANALI Lorenza","https://www.fidal.it/atleta/CANALI-Lorenza/d6iRkpSmbGo%3D","TN104","GS VALSUGANA TRENTINO","2008-09-28","800m",128.05,"RM002","G.S. FIAMME AZZURRE","2009-01-24","800m",128.07,1984,25
"VALENTE Daniela","https://www.fidal.it/atleta/VALENTE-Daniela/hKiRkpKmamM%3D","BA015","A.S. OLIMPIA CLUB","2005-05-22","200m",26.28,"RM052","C.S. ESERCITO","2006-02-18","400m",59.42,1981,25
"NAIDON Lorenzo","https://www.fidal.it/atleta/NAIDON-Lorenzo/d6iRk5imbGY%3D","TN109","U.S. QUERCIA","2023-09-24","lungo",7.49,"RM056","G.A. FIAMME GIALLE","2024-01-05","asta",5.05,1999,25
"VASARI Giorgia","https://www.fidal.it/atleta/VASARI-Giorgia/f6iRl5iobGk%3D","RS195","RUNNING CLUB FUTURA","2009-07-04","1500m",273.78,"RI224","G.S. FORESTALE","2012-04-14","10000m",2167.44,1987,25
"GUARINI Alessio","https://www.fidal.it/atleta/GUARINI-Alessio/eqiRlJalbGQ%3D","BO007","S.E.F. VIRTUS EMILSIDER BO","2009-09-27","lungo",7.17,"PD131","G.S. FIAMME ORO PADOVA","2010-02-07","lungo",7.38,1985,25
"DOMINICI Eleonora","https://www.fidal.it/atleta/DOMINICI-Eleonora/f6iRmZekbWM%3D","RM131","A.S.D. ACSI ITALIA ATLETICA","2019-06-15","Marcia_5000m",1329.23,"RM056","G.A. FIAMME GIALLE","2021-04-18","Marcia_10000m",2823.52,1996,25
"GAZZOTTI Gloria","https://www.fidal.it/atleta/GAZZOTTI-Gloria/eqiRlJSfamM%3D","RE128","REGGIO EVENT'S","2009-09-22","asta",3.6,"RM052","C.S. ESERCITO","2010-01-10","asta",4.0,1984,26
"BERTONI Francesca","https://www.fidal.it/atleta/BERTONI-Francesca/eqiRlZqkcGQ%3D","MO052","A.S. LA FRATELLANZA 1874","2018-09-09","3000st_h76",601.56,"RM053","C.S. AERONAUTICA MILITARE","2019-05-26","3000m",570.73,1993,26
"CATTANEO Federico","https://www.fidal.it/atleta/CATTANEO-Federico/dquRkpSja2w%3D","MI080","ATL. RICCARDI MILANO 1946","2018-09-12","200m",21.56,"RM053","C.S. AERONAUTICA MILITARE","2019-05-29","100m",10.52,1993,26
"HERRERA ABREU Johanelis","https://www.fidal.it/atleta/HERRERA-ABREU-Johanelis/eKAAARkpembWk%3D","BS181","ATL. BS '50 METALLURG. S.MARCO","2021-02-21","60m",7.47,"RM053","C.S. AERONAUTICA MILITARE","2021-05-13","100m",11.66,1995,26
"RINALDI Marco","https://www.fidal.it/atleta/RINALDI-Marco/dqiRlJWgaGY%3D","BS199","ATL. VALLECAMONICA","2006-04-08","10000m",1840.42,"RI224","G.S. FORESTALE","2009-04-19","10000m",1800.14,1983,26
"BOTTERO Giuseppina","https://www.fidal.it/atleta/BOTTERO-Giuseppina/dKiRkpKfaWY%3D","CA001","C.U.S. CAGLIARI","2006-09-23","Marcia_5000m",1376.87,"RM052","C.S. ESERCITO","2007-02-17","Marcia_3000m",806.21,1981,26
"GRENOT Libania","https://www.fidal.it/atleta/GRENOT-Libania/iKiSmpKjbms%3D","CA001","C.U.S. CAGLIARI","2008-09-28","200m",23.88,"RM056","G.A. FIAMME GIALLE","2009-05-08","400m",51.74,1983,26
"BORTOLOTTI Fabio","https://www.fidal.it/atleta/BORTOLOTTI-Fabio/eayRkpembWY%3D","UD115","ATLETICA ALTO FRIULI","2010-08-28","800m",115.48,"RM053","C.S. AERONAUTICA MILITARE","2011-01-22","800m",118.85,1985,26
"MESLEK Ossama","https://www.fidal.it/atleta/MESLEK-Ossama/eK6Rk5Onbmw%3D","VI626","ATL.VICENTINA","2023-07-30","1500m",227.2,"RM052","C.S. ESERCITO","2023-08-19","1500m",215.12,1997,26
"EL OTMANI Said","https://www.fidal.it/atleta/EL-OTMANI-Said/gKiRlpSkbmc%3D","RE128","ATL. REGGIO ASD","2016-02-19","3000m",470.7,"RM052","C.S. ESERCITO","2017-05-27","5000m",814.34,1991,26
"TSCHURTSCHENTHALER Agnes","https://www.fidal.it/atleta/TSCHURTSCHENTHALER-Agnes/iaiRkpSocGw%3D","BZ013","ASV  STERZING VB LATELLA NB","2007-09-22","5000m",969.11,"RI224","G.S. FORESTALE","2008-02-23","1500m",260.15,1982,26
"IUCOLANO Ferdinando","https://www.fidal.it/atleta/IUCOLANO-Ferdinando/h6iRkpagcWw%3D","PA001","A.S.D. C.U.S. PALERMO","2005-08-06","lungo",7.58,"RM053","C.S. AERONAUTICA MILITARE","2006-02-18","lungo",7.88,1980,26
"FILIPPI Giovanni","https://www.fidal.it/atleta/FILIPPI-Giovanni/dqmRl5emaWo%3D","MO052","ASD LA FRATELLANZA 1874","2024-07-14","1500m",223.44,"RM052","C.S. ESERCITO","2024-09-12","1500m",221.36,1998,26
"SOUFYANE Laila","https://www.fidal.it/atleta/SOUFYANE-Laila/f6iRlJKkamM%3D","RI223","ATL. STUDENTESCA CA.RI.RI","2009-09-27","5000m",976.64,"RM052","C.S. ESERCITO","2010-09-04","3000m",580.84,1983,27
"ORLANDO Roberto","https://www.fidal.it/atleta/ORLANDO-Roberto/gK2RkpKlbGw%3D","LU100","A.S. ATLETICA VIRTUS LUCCA","2022-05-28","giavellotto_800g",72.59,"RM053","C.S. AERONAUTICA MILITARE","2022-06-11","giavellotto_800g",75.11,1995,27
"OUHDA Ahmed","https://www.fidal.it/atleta/OUHDA-Ahmed/dqmRmJOnbGY%3D","BR165","ASD IMPERIALI ATLETICA","2023-07-29","5000m",848.66,"RM052","C.S. ESERCITO","2024-04-27","5000m",832.38,1997,27
"TONTODONATI Federico","https://www.fidal.it/atleta/TONTODONATI-Federico/dK6RlJmkcGM%3D","TO001","C.U.S. TORINO","2015-09-26","Marcia_5000m",1259.49,"RM053","C.S. AERONAUTICA MILITARE","2016-05-21","Marcia_10000m",2424.57,1989,27
"PEDROSO Yadisleidy","https://www.fidal.it/atleta/PEDROSO-Yadisleidy/gK2RkpOkaGk%3D","PI071","CUS PISA ATLETICA CASCINA","2014-06-27","400Hs_h76",55.42,"RM053","C.S. AERONAUTICA MILITARE","2014-07-06","400Hs_h76",55.7,1987,27
"CECCARELLI Benedetta","https://www.fidal.it/atleta/CECCARELLI-Benedetta/fqiRkpOjbmY%3D","RM131","FONDIARIA - SAI ATLETICA","2006-01-14","400m",55.42,"BO011","C.S. CARABINIERI SEZ. ATLETICA","2007-01-28","400m",54.08,1980,27
"CAVAGNA Nadir","https://www.fidal.it/atleta/CAVAGNA-Nadir/dqmRl5Sfa2o%3D","BG223","ATL. VALLE BREMBANA","2021-07-13","5000m",842.57,"RM002","G.S. FIAMME AZZURRE","2022-04-09","10000m",1780.32,1995,27
"CASSANO Luca antonio","https://www.fidal.it/atleta/CASSANO-Luca-antonio/hKmRkpKfbmo%3D","FI002","ATLETICA FIRENZE MARATHON S.S.","2021-09-21","100m",10.28,"RM053","C.S. AERONAUTICA MILITARE","2022-01-23","60m",6.77,1995,27
"CASCAVILLA Maria chiara","https://www.fidal.it/atleta/CASCAVILLA-Maria-chiara/hKiSmpWibGU%3D","MO052","A.S. LA FRATELLANZA 1874","2020-09-27","10000m",2056.64,"RM053","C.S. AERONAUTICA MILITARE","2022-09-18","5000m",1009.15,1995,27
"WEIR Zane","https://www.fidal.it/atleta/WEIR-Zane/gKqRkpOmcWs%3D","AV208","ASD ENTERPRISE SPORT & SERVICE","2021-09-19","peso_7kg",21.66,"RM056","G.A. FIAMME GIALLE","2022-02-05","peso_7kg",21.65,1995,27
"LONEDO Rebecca","https://www.fidal.it/atleta/LONEDO-Rebecca/eK6RkpihbGw%3D","VI626","ATL.VICENTINA","2022-06-11","5000m",955.86,"PD131","G.S. FIAMME ORO PADOVA","2023-05-07","10000m",2019.7,1996,27
"DAL MOLIN Paolo","https://www.fidal.it/atleta/DAL-MOLIN-Paolo/dK6RlJmlaGQ%3D","BZ066","ATHLETIC CLUB 96 AE SPA","2013-09-28","110Hs_h106-9.14",14.35,"PD131","G.S. FIAMME ORO PADOVA","2014-01-12","60m",6.84,1987,27
"AOUANI Iliass","https://www.fidal.it/atleta/AOUANI-Iliass/dq2RlZijcWs%3D","PR568","ATL. CASONE NOCETO","2021-06-10","5000m",808.09,"RM002","G.S. FIAMME AZZURRE","2022-06-11","10000m",1679.62,1995,27
"CRIPPA Nekagenet","https://www.fidal.it/atleta/CRIPPA-Nekagenet/d6iRk5KnaWc%3D","TS044","TRIESTE ATLETICA","2019-09-14","5000m",840.87,"RM052","C.S. ESERCITO","2021-05-02","10000m",1733.34,1994,27
"CURTABBI Eleonora","https://www.fidal.it/atleta/CURTABBI-Eleonora/dK6RlZSlbWY%3D","TO004","ATLETICA GIO' 22 RIVERA","2024-06-30","3000st_h76",597.59,"RM056","G.A. FIAMME GIALLE","2025-04-17","800m",128.59,1997,28
"FASCETTI Sveva","https://www.fidal.it/atleta/FASCETTI-Sveva/f6yRkpahcGo%3D","RM057","FIAMME GIALLE G. SIMONI","2021-09-21","1500m",260.05,"RM056","G.A. FIAMME GIALLE","2022-01-15","1500m",265.37,1994,28
"D'ONOFRIO Fortunato","https://www.fidal.it/atleta/D-ONOFRIO-Fortunato/g6iRkpKga2w%3D","TE049","ASD BRUNI PUBBL. ATL. VOMANO","2008-06-27","Marcia_10000m",2693.34,"RM053","C.S. AERONAUTICA MILITARE","2009-04-19","Marcia_10km",2553.24,1981,28
"YAREMCHUK Sofiia","https://www.fidal.it/atleta/YAREMCHUK-Sofiia/f6yRlZaib2Q%3D","RM131","A.S.D. ACSI ITALIA ATLETICA","2021-06-13","3000m",549.51,"RM052","C.S. ESERCITO","2022-07-02","5000m",983.51,1994,28
"VITIELLO Sara","https://www.fidal.it/atleta/VITIELLO-Sara/erGRkpKfcWk%3D","RE105","G.S.SELF ATL. MONTANARI GRUZZA","2023-06-10","Marcia_5000m",1435.15,"PD131","G.S. FIAMME ORO PADOVA","2024-02-17","Marcia_3000m",782.99,1996,28
"MOLINAROLO Elisa","https://www.fidal.it/atleta/MOLINAROLO-Elisa/eKqRkpWicWQ%3D","VE473","ATLETICA RIVIERA DEL BRENTA","2022-01-23","asta",4.2,"PD131","G.S. FIAMME ORO PADOVA","2022-02-05","asta",4.25,1994,28
"CHIARELLI Berardino","https://www.fidal.it/atleta/CHIARELLI-Berardino/haiRkpOjcGY%3D","PD140","ASSINDUSTRIA SPORT PADOVA","2008-07-12","3000m",507.16,"RM002","G.S. FIAMME AZZURRE","2008-07-20","3000st_h91",533.58,1980,28
"PALMAS Sara","https://www.fidal.it/atleta/PALMAS-Sara/iKiRkpKmcWg%3D","CA001","C.U.S. CAGLIARI","2005-09-10","800m",132.55,"RM052","C.S. ESERCITO","2006-02-18","1500m",257.61,1977,29
"RUNGGER Renate","https://www.fidal.it/atleta/RUNGGER-Renate/iaiRkpOgbWQ%3D","MS090","JAKY-TECH APUANA","2007-07-27","10000m",2025.78,"RI224","G.S. FORESTALE","2008-05-10","10000m",2057.04,1979,29
"VISSA Sintayehu","https://www.fidal.it/atleta/VISSA-Sintayehu/eayRk5SjbWg%3D","PN039","ATL BRUGNERA PN FRIULINTAGLI","2025-03-21","1500m",254.25,"PD131","G.S. FIAMME ORO PADOVA","2025-05-24","800m",124.08,1996,29
"DIAZ HERNANDEZ Andy","https://www.fidal.it/atleta/DIAZ-HERNANDEZ-Andy/fayRkpuhcWg%3D","LI035","ATL.LIBERTAS UNICUSANO LIVORNO","2024-02-06","triplo",17.61,"RM056","G.A. FIAMME GIALLE","2024-02-18","triplo",17.6,1995,29
"RIGALI Roberto","https://www.fidal.it/atleta/RIGALI-Roberto/dqqRl5iob2c%3D","BG795","BERGAMO STARS ATLETICA","2023-07-29","100m",10.34,"BO011","C.S. CARABINIERI SEZ. ATLETICA","2024-05-15","100m",10.35,1995,29
"WEISSTEINER Silvia","https://www.fidal.it/atleta/WEISSTEINER-Silvia/iaiRkpOgbWY%3D","BZ013","ASV  STERZING VB LATELLA NB","2007-09-16","5000m",902.65,"RI224","G.S. FORESTALE","2008-02-02","3000m",535.04,1979,29
"BERLANDA Eleonora","https://www.fidal.it/atleta/BERLANDA-Eleonora/d6iRkpKhb2M%3D","TN109","U.S. QUERCIA ROVERETO","2005-09-13","800m",124.85,"PD131","G.S. FIAMME ORO PADOVA","2006-02-18","1500m",259.06,1976,30
"PISTONE Anita sebastiana","https://www.fidal.it/atleta/PISTONE-Anita-sebastiana/h6iRkpOkcWM%3D","MI221","CAMELOT","2005-09-17","100m",12.08,"RM052","C.S. ESERCITO","2006-02-19","60m",7.6,1976,30
"LEVORATO Manuela","https://www.fidal.it/atleta/LEVORATO-Manuela/f6iRk5SobGU%3D","MI221","CAMELOT","2007-06-15","100m",11.67,"RM053","C.S. AERONAUTICA MILITARE","2007-07-07","100m",11.79,1977,30
"GRAGLIA Daniela","https://www.fidal.it/atleta/GRAGLIA-Daniela/dK6RlJKjbWk%3D","RM131","FONDIARIA - SAI ATLETICA","2005-09-04","lungo",5.3,"RM052","C.S. ESERCITO","2006-02-19","60m",7.61,1976,30
"MARAOUI Fatna","https://www.fidal.it/atleta/MARAOUI-Fatna/dKAAARkpqja2s%3D","VB014","CO-VER SPORTIVA MAPEI","2007-04-07","10000m",1985.79,"RM052","C.S. ESERCITO","2008-04-12","5000m",1031.42,1977,31
"CARAVELLI Marzia","https://www.fidal.it/atleta/CARAVELLI-Marzia/eaqRkpeibWk%3D","CA001","C.U.S. CAGLIARI","2013-09-29","200m",23.83,"RM053","C.S. AERONAUTICA MILITARE","2014-01-11","200m",23.69,1981,33
