10.20,+0.7,2 BA-1,SCUDERI Francesco,77,RM002,G.S. FIAMME AZZURRE,NUORO,11-7
10.21,0.0,1 FI,SCUDERI,NUORO,11-7
10.26,+0.3,1,TORRIERI Marco,78,RM053,CS INTERFORZE AERON.,BRESSANONE,16-6
10.26,+0.5,7,TORRIERI,ROMA,29-6
10.26,+1.1,1,TILLI Stefano,62,MI064,S.S. METANOPOLI,AVEZZANO,19-8
10.27,+1.8,4,CHECCUCCI Maurizio,74,PD131,GS FIAMME ORO,RIETI,2-9
10.29,+1.4,4,TORRIERI,BREMA,23-6
10.32,-1.7,1 SE-1,TORRIERI,ALESSANDRIA,27-5
10.32,-1.7,1 FI,SCUDERI,CATANIA,7-7
10.32,0.0,3 FI,RABINO Andrea,78,BO011,C.S. CARABINIERI,NUORO,11-7
10.32,+1.8,5,SCUDERI,RIETI,2-9
10.33,+0.3,2,RABINO,BRESSANONE,16-6
10.33,+0.1,1 BA-1,RABINO,NUORO,11-7
10.34,+0.7,1 SE-2,TORRIERI,LA SPEZIA,26-5
10.34,0.0,3 FI,COLOMBO Andrea,74,MI064,S.S. METANOPOLI,INGOLSTADT,27-5
10.35,+0.3,3,COLOMBO,BRESSANONE,27-5
10.35,+0.3,4,CHECCUCCI,BRESSANONE,16-6
10.36,+1.6,1 BA-1,COLLIO Simone,79,RM056,G.A. FIAMME GIALLE,BELLINZONA,12-5
10.36,-0.4,1,TILLI,BARLETTA,6-9
10.36,-0.2,1,CHECCUCCI,CASTELFIDARDO,8-9
10.38,-1.7,2 FI,RABINO,CATANIA,7-7
10.38,+0.3,3,CHECCUCCI,PADOVA,26-8
10.39,0.0,5,COLLIO,MADRID,12-5
10.39,-0.1,5 SE-1,SCUDERI,MILANO,6-6
10.39,+0.3,3,CHECCUCCI,ROVERETO,29-8
10.40,+0.9,1 FI,COLLIO,BELLINZONA,12-5
10.40,+0.4,1 BA-1,COLLIO,MILANO,23-6
10.40,+0.3,4,SCUDERI,PADOVA,26-8
10.41,+0.2,6 SE-1,COLOMBO,ROMA,29-6
10.41,+0.3,5,TORRIERI,PADOVA,26-8
10.41,+0.3,4,SCUDERI,ROVERETO,29-8
10.42,+0.9,2 BA-2,COLOMBO,INGOLSTADT,27-5
10.42,-0.3,2,TORRIERI,FORMIA,14-7
10.43,+1.4,1 SE-1,PAGGI Michele,77,BO011,C.S. CARABINIERI,RAVENNA,19-5
10.43,-0.1,6 SE-1,CHECCUCCI,MILANO,6-6
10.43,+0.3,5,SCUDERI,BRESSANONE,16-6
10.43,+0.5,1 FI,COLLIO,MILANO,23-6
10.43,0.0,4 SE-2,TILLI,LINZ,20-8
10.43,+0.9,1 BA-1,CHECCUCCI,CASTELFIDARDO,8-9
10.43,+1.0,1 SE-1,SCUDERI,SULMONA,29-9
10.44,+1.4,2 SE-1,BELLOTTO Stefano,69,BO011,C.S. CARABINIERI,RAVENNA,19-5
10.45,-0.1,8 SE-1,COLLIO,MILANO,6-6
10.45,+0.3,6,COLLIO,BRESSANONE,10-6
10.45,-0.7,4 SF-1,COLOMBO,PECHINO,28-8
10.46,-0.1,1 SE-1,CHECCUCCI,CONEGLIANO V.,19-5
10.46,-0.8,1,TORRIERI,CATANZARO,7-9
10.47,+0.2,8 SE-1,SCUDERI,ROMA,29-6
10.47,-0.5,1 SE-1,TILLI,LIGNANO,21-7
10.48,+0.7,2 SE-2,CHECCUCCI,LA SPEZIA,26-5
10.48,+0.1,1 FI,BELLOTTO,NEMBRO,10-7
10.48,+0.1,1 FI-2,CHECCUCCI,MALLES,14-7
10.48,-1.1,2 FI-1,COLOMBO,LA CHAUX-D-F,19-8
10.49,+0.3,5,TORRIERI,ROVERETO,29-8
10.50,+0.8,1 SE-1,DONATI Massimiliano,79,RM056,G.A. FIAMME GIALLE,RIETI,29-5
(10),10.50,-0.1,1 SE-2,DONATI,MILANO,3-6
100 METRI - 100 metres,"PI  10.01  Mennea Pietro   Città del Messico, 04 09 1979",GRADUATORIE ITALIANE 2001,2001 OUTDOOR ITALIAN LISTS,UOMINI/MEN,,10.50,+1.7,1,CAPATI Gianluca,74,RM056,G.A. FIAMME GIALLE,ROMA,20-6
10.50,+1.8,1 BA-1,GERMANO Lorenzo,75,RM002,G.S. FIAMME AZZURRE,BELLINZONA,29-8
10.50,+1.8,1 BA-3,DI GREGORIO Emanuele,80,RM053,CS INTERFORZE AERON.,ASCOLI PICENO,1-9
10.52,+1.7,2,TEGLIELLI Stefano,78,RM053,CS INTERFORZE AERON.,ROMA,20-6
10.52,+0.6,1 BA-3,CHIAPPERINI Paolo,69,MI080,ATL. RICCARDI MILANO,MILANO,22-6
10.53,0.0,1 BA-2,SIMONI Luca,77,PD131,GS FIAMME ORO,CATANIA,7-7
10.56,0.0,4 FI,VERDECCHIA Luca,78,PD131,GS FIAMME ORO,NUORO,11-7
10.57,+1.4,3 SE-1,CELLARIO Stefano,72,RE128,REGGIO EVENT'S,RAVENNA,19-5
10.60,-0.3,1 SE-1,DENTALI Massimiliano,80,MI090,G.S. NYLSTAR,CHIASSO,20-6
10.61,+0.9,1 SE-1,MORBIDELLI Giorgio,74,RI224,C.S. FORESTALE,PESCARA,28-8
(20),10.62,+1.6,3 FI,BERARDI Gian Nicola,79,SM118,C.A. TRACK & FIELD S.M.,SAN MARINO,30-5
10.65,+1.7,4,TURRI Mirko,81,RM053,CS INTERFORZE AERON.,ROMA,20-6
10.65,+0.1,4 FI,MARSADRI Marco,81,MI064,S.S. METANOPOLI,NEMBRO,10-7
10.65,+0.3,PM,FRULLANI William,79,FI018,TOSCANA ATL GENSAN,AMSTERDAM,12-7
10.65,-0.8,1 SE-2,HOWE Andrew,85,RI223,ATL. STUD. CA.RI.RI,RIETI,6-10
10.67,+1.3,1 BA-1,PUGGIONI Giovanni,66,RM056,G.A. FIAMME GIALLE,NUORO,10-6
10.68,+2.0,2 SE-3,DI DONATO Marco,75,VR784,"I.C. ""M. BENTEGODI""",ROVERETO,6-5
10.69,+1.0,1 SE-1,MANGIALARDI Raffaele,73,BA007,CUS BARI,BOLOGNA,27-5
10.70,-0.1,2 SE-1,MARRAS Giorgio,71,PD131,GS FIAMME ORO,CONEGLIANO V.,19-5
10.71,-0.8,1 BA-1,MADONIA Ezio,66,GE002,C.U.S. GENOVA,BRESCIA,16-6
(30),senza riscontro anemometrico - no wind gauge,10.49,1,VERDECCHIA Luca,78,PD131,GS FIAMME ORO,SAN MARINO,27-6
con vento favorevole superiore ai 2 m/s - wind assisted,10.09,+3.5,1 Q-3,CHECCUCCI Maurizio,74,PD131,GS FIAMME ORO,TUNISI,11-9
10.15,+2.5,2 FI,CHECCUCCI,TUNISI,11-9
10.22,+2.5,4 FI,SCUDERI,TUNISI,11-9
10.25,+2.4,2 Q-2,SCUDERI,TUNISI,11-9
10.31,+3.1,1 SE-1,RABINO Andrea,78,BO011,C.S. CARABINIERI,GAVA',10-6
10.32,+2.1,4,COLOMBO Andrea,74,MI064,S.S. METANOPOLI,TORINO,9-6
10.35,+2.1,5,SCUDERI,TORINO,9-6
10.38,+4.2,1 BA-1,CAPATI Gianluca,74,RM056,G.A. FIAMME GIALLE,ROMA,20-6
10.38,+2.5,1 FI,DONATI Massimiliano,79,RM056,G.A. FIAMME GIALLE,MILANO,29-6
10.43,+2.5,2,COLLIO,MILANO,29-6
10.44,+6.6,1 SE-1,MADONIA Ezio,66,GE002,C.U.S. GENOVA,VILLANOVA D'ALB.,19-5
10.46,+2.1,6,CHECCUCCI,TORINO,9-6
10.47,+4.3,1 BA-2,TEGLIELLI Stefano,78,RM053,CS INTERFORZE AERON.,ROMA,20-6
10.48,+2.3,1,HOWE Andrew,85,RI223,ATL. STUD. CA.RI.RI,PERGINE V.,30-6
10.48,+2.2,5 FI,COLLIO,AMSTERDAM,13--7,10.49,+2.3,3 BA-4,SIMONI Luca,77,PD131,GS FIAMME ORO,MALLES,14-7
10.49,+2.4,1 FI-1,GERMANO Lorenzo,75,RM002,G.S. FIAMME AZZURRE,PERGINE V.,20-7
(10),10.50,+2.4,1 BA-2,TILLI,BARLETTA,6-9
10.51,+2.6,1 SE-1,SACCO Omar,77,RM002,G.S. FIAMME AZZURRE,ROMA,2-6
10.53,+2.6,2 SE-1,MORBIDELLI Giorgio,74,RI224,C.S. FORESTALE,ROMA,2-6
10.54,+2.5,3 FI,DENTALI Massimiliano,80,MI090,G.S. NYLSTAR,MILANO,29-6
10.58,+2.4,7 FI,RIVA Sergio,83,MI060,ATL. LEGNANO,GROSSETO,20-7
10.60,+2.6,4 SE-1,VECCHI Alessandro,76,RM046,ACSI CAMPIDOGLIO P.,ROMA,2-6
10.60,+3.6,1 SE-1,SINOPOLI Gregory,78,PA354,POL. A.P.B. BAGHERIA,PALERMO,2-6
10.61,+2.6,5 SE-1,ALAIMO Aldo Marco,76,RM002,G.S. FIAMME AZZURRE,ROMA,2-6
10.62,+4.9,1 BA-3,AMORE Ottone,79,RM053,CS INTERFORZE AERON.,ROMA,20-6
10.64,+3.5,2 SE-1,MARCIANO' Carlo,77,PA001,CUS PALERMO,PALERMO,2-6
10.65,+2.5,5 FI,MARE' Simone,81,AP003,ASS. SPORT ATL. FERMO,MILANO,29-6
(20),10.70,+2.3,1 SE-2,BARONE Gaetano,81,BA007,CUS BARI,MOLFETTA,2-6
10.70,+2.7,1 SE-1,ZUCCA Michele,79,CA002,S G AMSICORA,CAGLIARI,2-6
10.71,+4.3,2 BA-2,D'AGOSTINIS Marco,81,RM042,CUS ROMA,ROMA,20-6
10.71,+2.4,3 BA-3,MAZZILLI Luciano,82,FG271,ATL. UNIVERSITARIA FG,BARLETTA,6-9
cronometraggio manuale - hand timing,10.3,1 SE-4,BERARDI Gian Nicola,79,SM118,C.A. TRACK & FIELD S.M.,SAN MARINO,28-4
10.4,w,1 SE-2,LA MASTRA Antonio,78,CT322,LIB. CONDANI SPORT,CATANIA,5-9
200 METRI - 200 metres,,20.38,+0.7,5 SF-2,TORRIERI Marco,78,RM053,CS INTERFORZE AERON.,EDMONTON,8-8
20.43,+1.1,2 QU-2,TORRIERI,EDMONTON,7-8
20.54,+0.7,1,TORRIERI,MILANO,6-6
20.56,-0.4,1,CAVALLARO Alessandro,80,RM056,G.A. FIAMMA GIALLE,BRESSANONE,17-6
20.58,-0.6,3,CAVALLARO,MADRID,27-5
20.60,+1.4,2 FI,COLOMBO Andrea,74,MI064,S.S. METANOPOLI,TUNISI,13-9
20.63,+0.4,2 SE-2,CAVALLARO,ATENE,11-6
20.63,+1.0,2 BA-2,TORRIERI,EDMONTON,7-8
20.64,-1.0,1,TORRIERI,CATANIA,8-7
20.72,-0.4,2,ATTENE Alessandro,77,RM002,G.S. FIAMME AZZURRE,BRESSANONE,17-6
20.74,+1.4,4 FI,TORRIERI,TUNISI,13-9
20.75,+0.8,6,TORRIERI,RIETI,2-9
20.78,0.0,1,COLOMBO,INGOLSTADT,27-5
20.78,-0.4,3,TORRIERI,BRESSANONE,17-6
20.80,+0.7,3,COLOMBO,MILANO,6-6
20.81,-0.4,4,CHECCUCCI Maurizio,74,PD131,GS FIAMME ORO,BRESSANONE,17-6
20.84,-0.7,5,CAVALLARO,BREMA,24-6
20.85,-0.3,3 SE-1,ATTENE,FORMIA,14-7
20.87,0.0,1 SE-2,ATTENE,MACERATA,26-5
20.87,-1.0,2 FI,ATTENE,CATANIA,8-7
20.87,+1.7,1 SE-2,BELLOTTO Stefano,69,BO011,C.S. CARABINIERI,MEZZANO DI PR,19-8
20.92,-1.0,3 FI,CAVALLARO,CATANIA,8-7
20.94,+0.9,4,ATTENE,DOHA,18-5
20.94,-0.2,1 BA-2,TORRIERI,CATANIA,8-7
20.96,-0.2,2,COLOMBO,OSTRAVA,31-5
20.96,+1.6,3,PAGGI Michele,77,BO011,C.S. CARABINIERI,TORINO,9-6
20.96,+1.6,4,COLLIO Simone,79,RM056,G.A. FIAMME GIALLE,TORINO,9-6
20.99,0.0,1 SE-2,HOWE Andrew,85,RI223,ATL. STUD. CA.RI.RI,BRESSANONE,3-6
20.99,-1.0,1 BA-3,CAVALLARO,CATANIA,8-7
21.00,+1.2,5,ATTENE,LINZ,20-8
21.02,-1.7,1 FI,DONATI Massimiliano,79,RM056,G.A. FIAMME GIALLE,BEIRUT,4-7
(10),21.09,+1.7,1 SE-1,SCUDERI Francesco,77,RM002,G.S. FIAMME AZZURRE,SULMONA,30-9
21.12,-1.0,5 FI,CUNEO Marco,80,BO011,C.S. CARABINIERI,CATANIA,8-7
21.16,-1.0,6 FI,DI GREGORIO Emanuele,80,RM053,CS INTERFORZE AERON.,CATANIA,8-7
21.24,+0.5,3,SINOPOLI Gregory,78,PA354,POL. A.P.B. BAGHERIA,BRESSANONE,16-6
21.27,-1.7,4 FI,CAPATI Gianluca,74,RM056,G.A. FIAMME GIALLE,BEIRUT,4-7
21.32,+0.5,1 SE-1,DENTALI Massimiliano,80,MI090,G.S. NYLSTAR,CHIASSO,20-6
21.32,-0.1,1 SE-1,CHIAPPERINI Paolo,69,MI080,ATL. RICCARDI MILANO,MILANO,24-6
21.33,0.0,2 SE-2,VERDECCHIA Luca,78,PD131,GS FIAMME ORO,MACERATA,26-5
21.36,0.0,1 FI,MANGIALARDI Raffaele,73,BA007,CUS BARI,CAGLIARI,12-5
21.37,+0.3,2 SE-3,MARSADRI Marco,81,MI064,S.S. METANOPOLI,CLUSONE,22-7
(20),21.39,+1.7,2 SE-2,GROFF Walter,74,RM056,G.A. FIAMME GIALLE,MEZZANO DI PR,19-8
21.40,+0.8,1 SE-1,GALLETTI Luca,80,BO011,C.S. CARABINIERI,RAVENNA,20-5
21.47,-0.5,1,REINA Filippo Michele,77,RM053,CS INTERFORZE AERON.,MACERATA,19-7
21.48,0.0,1 SE-1,TENDI Lorenzo,75,PD131,GS FIAMME ORO,MARCON,3-6
21.51,+0.3,5 SE-3,SARACENI Enrico Giorgio,64,MI080,ATL. RICCARDI MILANO,CLUSONE,22-7
21.52,+1.6,6,DELL'AQUILA Federico,77,TO015,ATL. CANAVESANA,TORINO,9-6
21.54,+0.5,4,CIVIDINO Giona,74,PA354,CUS TORINO,BRESSANONE,16-6
21.56,0.0,2 SE-1,FOGLIATO Andrea,75,RM053,CS INTERFORZE AERON.,AVELLINO,13-6
21.62,+1.1,1 BA-1,GAUDIO Valerio,79,CT075,LIB. S. CLUB CATANIA,MILANO,1-7
21.63,+0.6,1 BA-2,ANCESCHI Stefano,84,RE128,REGGIO EVENT'S,FANO,22-9
(30),con vento favorevole superiore ai 2 m/s - wind assisted,20.91,+2.7,1,HOWE Andrew,85,RI223,ATL. STUD. CA.RI.RI,RIETI,2-9
21.02,+6.8,1 SE-1,CAPATI Gianluca,74,RM056,G.A. FIAMME GIALLE,ROMA,3-6
21.07,+4.4,1 BA-1,DI GREGORIO Emanuele,80,RM053,CS INTERFORZE AERON.,ROMA,21-6
21.18,+2.2,1 SE-1,SINOPOLI Gregory,78,PA354,POL. A.P.B. BAGHERIA,PALERMO,3-6
21.23,+6.8,2 SE-1,VECCHI Alessandro,76,RM046,ACSI CAMPIDOGLIO PAL.,ROMA,3-6
21.34,+2.6,1 SE-1,SARACENI Enrico Giorgio,64,MI080,ATL. RICCARDI MILANO,MILANO,3-6
21.36,+2.3,1 SE-2,MANGIALARDI Raffaele,73,BA007,CUS BARI,BRESCIA,17-6
21.39,+2.6,3 SE-1,BAGATTINI Fabio,78,BG042,EASY SPEED 2000,MILANO,3-6
21.50,+4.4,1 BA-4,BRACIOLA Stefano,75,RM046,ACSI CAMPIDOGLIO PAL.,ROMA,21-6
21.52,+2.3,2 SE-2,BOTTOS Ivano,72,GO050,A. CASSA RISPARMIO GO,BRESCIA,17-6
(10),21.59,+6.8,3 SE-1,PAGLIARA Pietro,73,RM002,G.S. FIAMME AZZURRE,ROMA,3-6
"PI  19.72  Mennea Pietro   Città del Messico, 12 09 1979",,21.60,+6.8,4 SE-1,MORBIDELLI Giorgio,74,RI224,C.S. FORESTALE,ROMA,3-6
cronometraggio manuale - hand timing,21.3,-0.6,1 SE-2,FOGLIATO Andrea,75,RM053,CS INTERFORZE AERON.,RIETI,20-5
45.92,5,ATTENE Alessandro,77,RN002,G.S. FIAMME AZZURRE,BREMA,23-6
46.33,1 SE-2,CAVALLARO Alessandro,80,RM056,G.A. FIAMMA GIALLE,CATANIA,3-5
46.36,3 SE-1,ATTENE,NUORO,11-7
46.42,1 FI,BARBERI Andrea,79,RM056,G.A. FIAMME GIALLE,CATANIA,8-7
46.53,2 FI,SABER Ashraf,73,RM056,G.A. FIAMMA GIALLE,CATANIA,8-7
46.54,1 SE-2,SABER,AVEZZANO,19-8
46.56,6 BA-2,ATTENE,EDMONTON,4-8
46.58,1 FI,GALLETTI Luca,80,BO011,C.S. CARABINIERI,MILANO,30-6
46.61,1,ATTENE,BRESSANONE,16-6
46.64,3 FI,GALLETTI,CATANIA,8-7
46.64,2 SE-2,BARBERI,AVEZZANO,19-8
46.70,1 SE-1,GALLETTI,MODENA,2-6
46.72,1 BA-3,BAGATTINI Fabio,78,BG042,EASY SPEED 2000,CATANIA,7-7
46.73,4 FI,BAGATTINI,CATANIA,8-7
46.77,3,BARBERI,AVELLINO,13-6
46.77,1 BA-1,GROFF Walter,74,RM056,G.A. FIAMME GIALLE,CATANIA,7-7
46.77,1 BA-2,BARBERI,CATANIA,7-7
46.79,2,GALLETTI,BRESSANONE,16-6
46.81,4 BA-3,BARBERI,AMSTERDAM,12-7
46.83,5,BARBERI,ROVERETO,29-8
46.84,2 SE-1,GINI Leonardo,78,LI036,PIXAR ATLETICA LIVORNO,LUCCA,5-5
46.85,1,SABER,LIGNANO,21-7
46.86,3,SARACENI Enrico Giorgio,64,MI080,ATL. RICCARDI MILANO,BRESSANONE,16-6
46.88,1 SE-2,ATTENE,BARLETTA,6-9
46.92,4,GIAMBITTI Michele,77,BO011,C.S. CARABINIERI,PADOVA,26-8
(10),47.03,2 SE-3,SALVUCCI Marco,76,BO011,C.S. CARABINIERI,CASTELFIDARDO,8-9
47.09,1 SE-4,MENICOCCI Luca,80,RM056,G.A. FIAMME GIALLE,CASTELFIDARDO,8-9
47.20,2 BA-2,REINA Filippo Michele,77,RM053,CS INTERFORZE AERON.,CATANIA,7-7
47.22,4,CUNDO' Francesco,74,MI064,S.S. METANOPOLI,BRESSANONE,16-6
47.25,5,GIORGI Alessandro,77,RM053,CS INTERFORZE AERON.,AVELLINO,13-6
47.27,2,PIROVANO Walter,75,PD131,GS FIAMME ORO,BRESSANONE,16-6
47.28,2 SE-2,CARABELLI Gianni,79,BO011,C.S. CARABINIERI,LA SPEZIA,26-5
47.28,1 SE-1,GALVANINI Tommaso,78,VR784,"I.C. ""M. BENTEGODI""",MARCON,2-6
47.38,2 FI,SANNA Pierpaolo,80,CA001,CUS CAGLIARI,MILANO,30-6
47.45,1 SE-1,MURRONI Nicola,77,SS019,C.U.S. SASSARI,SASSARI,23-6
(20),47.45,4 BA-2,FUCCILLO Lucio,79,RM056,G.A. FIAMME GIALLE,CATANIA,7-7
47.49,1 FI,PAVAN Gianpietro,82,PD143,C.U.S. PADOVA,MILANO,30-6
47.50,2 BA-2,AGUZZI Stefano,81,RM053,CS INTERFORZE AERON.,MILANO,29-6
47.53,3 SE-1,BRACCIALI Alessandro,76,PD131,GS FIAMME ORO,PERGINE V.,20-7
47.64,2 SE-1,MANGIALARDI Raffaele,73,BA007,CUS BARI,BRESCIA,16-6
47.64,1 SE-1,NERVI Fabio,77,TO001,CUS TORINO,PINEROLO,19-6
47.71,2 SE-1,RAO Domenico,77,BO011,C.S. CARABINIERI,RAVENNA,19-5
47.71,2 SE-1,MALITO Raffaele,70,PA001,C.U.S. PALERMO,BOLOGNA,27-5
47.78,1 SE-1,VALLET Edoardo,77,PD131,GS FIAMME ORO PD,ROVIGO,23-6
47.78,1 SE-5,SCHUTZMANN Stefano,78,PD131,GS FIAMME ORO,ASCOLI PICENO,27-7
(30),cronometraggio manuale - hand timing,46.6,1,RAO Domenico,77,BO011,C.S. CARABINIERI,COSENZA,9-6
1:44.55,1,LONGO Andrea,75,PD131,GS FIAMME ORO,MILANO,6-6
1:45.35,7,LONGO,ROMA,29-6
1:46.09,1,LONGO,TORINO,9-6
1:46.76,7,GIOCONDI Andrea,69,RM056,G.A. FIAMME GIALLE,MILANO,6-6
1:46.92,2,GIOCONDI,FUNCHAL,30-6
1:47.17,3,DE MEO Massimo,73,BO011,C.S. CARABINIERI,NUORO,11-7
1:47.53,2,DE MEO,VIAREGGIO,22-8
800 METRI - 800 metres,"PI  1:43.7  Fiasconaro Marcello   Milano, 27 06 1973",400 METRI - 400 metres,"PI  45.26  Zuliani Mauro   Roma, 05 09 1981",,1:47.67,11,NEUNHÄUSERER Christian,78,RI224,C.S. FORESTALE,MILANO,6-6
1:47.76,7,GIOCONDI,POZNAN,8-6
1:47.87,2,DE MEO,LIGNANO,21-7
1:47.96,2,CADONI Davide,73,PD131,GS FIAMME ORO,ALCALA,30-6
1:48.0,1,OBRIST Christian,80,BO011,C.S. CARABINIERI,TRENTO,31-7
1:48.05,1,NEUNHÄUSERER,MEZZANO DI PR,19-8
1:48.08,6 SF-1,NEUNHÄUSERER,PECHINO,31-8
1:48.32,4,GIOCONDI,NUORO,11-7
1:48.37,7,CADONI,TORINO,9-6
1:48.41,3,LETTIERI Fabio,80,RM053,CS INTERFORZE AERON.,LIGNANO,21-7
1:48.47,12,CECCARELLI Andrea,72,RM056,G.A. FIAMME GIALLE,MILANO,6-6
1:48.5,1,PERRONE Lorenzo,81,RM056,G.A. FIAMME GIALLE,PALERMO,1-9
1:48.53,1,GIOCONDI,CATANIA,8-7
1:48.54,2,LONGO,BREMA,24-6
1:48.55,2,CADONI,CATANIA,8-7
1:48.58,2 SE-1,NEUNHÄUSERER,MALLES,14-7
1:48.67,9,LETTIERI,TORINO,9-6
1:48.71,9,DE MEO,ROVERETO,29-8
1:48.72,5,GIOCONDI,MADRID,27-5
1:48.75,3,D'URSO Giuseppe,69,RM002,G.S. FIAMME AZZURRE,CATANIA,8-7
(10),1:48.93,4,ALESSANDRONI Stefano,81,MI064,S.S. METANOPOLI,VIAREGGIO,22-8
1:49.26,2 SE-2,SCIANDRA Livio,80,TO001,CUS TORINO,MEZZANO DI PR,19-8
1:49.43,2,BARTOLI Luca,79,PD131,GS FIAMME ORO,AVELLINO,13-6
1:49.66,1,CHIAVARINI Marco,72,BO011,C.S. CARABINIERI,CUNEO,8-9
1:49.71,3,LA QUAGLIA Pietro,76,MI080,ATL. RICCARDI MILANO,AVELLINO,13-6
1:49.79,6,ANNIS Giorgio,75,CA001,C.U.S. CAGLIARI,ALCALA,30-6
1:49.95,4,LORENZO Luca,73,TO001,CUS TORINO,AVELLINO,13-6
1:50.04,2,BOBBATO Maurizio,79,BO011,C.S. CARABINIERI,ROVERETO,6-5
1:50.19,6,CARUANA Paolo,79,CA002,S G AMSICORA,NUORO,11-7
1:50.24,3,RONCALLI Francesco,80,BO011,C.S. CARABINIERI,ROVERETO,6-5
(20),1:50.38,2 SE-2,LAZZARI Lorenzo,74,PD131,GS FIAMME ORO,ROVERETO,29-8
1:50.43,3SE-2,DEGIULI Ennio,77,RM056,G.A. FIAMME GIALLE,ROVERETO,29-8
1:50.66,4,PARMA Stefano,66,MI064,S.S. METANOPOLI,ROVERETO,29-8
1:50.7,2,DALLA BRIDA Manuel,73,PD140,ASSINDUSTRIA SPORT PD,TRENTO,31-7
1:51.02,1 SE-4,RACHEDI Omar,84,LI036,PIXAR ATL. LIVORNO,LIVORNO,14-7
1:51.26,6 SE-1,TARQUINI Antonio,77,RM053,CS INTERFORZE AERON.,AVELLINO,13-6
1:51.27,3,BALDUZZI Carlo,82,AT001,S.S. VITTORIO ALFIERI,NAMUR,17-8
1:51.40,2 SE-1,RODIA Davide,81,TO001,CUS TORINO,PINEROLO,21-6
1:51.47,1 SE-1,DI CARO Giuseppe,81,MI080,ATL. RICCARDI MILANO,SARONNO,20-5
1:51.62,5,BALDI Lorenzo,82,RM053,CS INTERFORZE AERON. MIL.,VIAREGGIO,22-8
(30),3:38.52,1,PERRONE Lorenzo,81,RM056,G.A. FIAMME GIALLE,MILANO,1-7
3:38.74,8,VICARI Ferdinando,73,RI224,C.S. FORESTALE,RIETI,2-9
3:39.44,5,DI NAPOLI Gennaro,68,MI064,S.S. METANOPOLI,PADOVA,26-8
3:39.49,4,LONGO Andrea,75,PD131,GS FIAMME ORO,DOHA,18-5
3:39.58,4,OBRIST Christian,80,BO011,C.S. CARABINIERI,AMSTERDAM,14-7
3:39.68,2 SE-2,PERRONE,ZURIGO,17-8
3:40.02,6,VICARI,PADOVA,26-8
3:40.27,2,OBRIST,MILANO,1-7
3:40.40,5,VICARI,FORMIA,14-7
3:40.55,7,LAZZARI Lorenzo,74,PD131,GS FIAMME ORO,PADOVA,26-8
3:40.98,9,ALESSANDRONI Stefano,81,MI064,S.S. METANOPOLI,PADOVA,26-8
3:42.08,1 SE-1,OBRIST,MODENA,2-6
3:42.34,7,LAZZARI,FORMIA,14-7
3:42.40,1,LAZZARI,CATANIA,8-7
3:42.82,1,DI PARDO Luciano,75,RM056,G.A. FIAMME GIALLE,CLES,23-8
3:42.86,11,DALLA BRIDA Manuel,73,PD140,ASSINDUSTRIA SPORT PD,PADOVA,26-8
3:43.11,2,VICARI,CATANIA,8-7
3:43.26,11,PEGORETTI Massimo,74,RM002,G.S. FIAMME AZZURRE,FORMIA,14-7
(10),3:43.76,2 SE-1,CALIANDRO Cosimo,82,RM056,G.A. FIAMME GIALLE,CONEGLIANO,22-6
3:43.76,1,FLORIANI Yuri,81,RM053,CS INTERFORZE AERON.,TRENTO,2-9
3:43.92,3 SE-1,BOBBATO Maurizio,79,BO011,C.S. CARABINIERI,CONEGLIANO,22-6
1500 METRI - 1500 metres,"PI  3:32.78  Di Napoli Gennaro   Rieti, 09 09 1990",,3:44.63,4,DEGIULI Ennio,77,RM056,G.A. FIAMME GIALLE,CATANIA,8-7
3:45.03,6 SE-1,GULLI' Valerio,82,TO016,A.P.ATL. PINEROLO 3 VALLI,CONEGLIANO,22-6
3:45.17,2 SE-1,NEUNHAUSERER Christian,78,RI224,C.S. FORESTALE,ROMA,2-6
3:45.59,5,DI SAVERIO Vittorio,67,RM056,G.A. FIAMME GIALLE,PONZANO V.TO,13-7
3:45.69,14,PARMA Stefano,66,MI064,S.S. METANOPOLI,PADOVA,26-8
3:45.81,5,DE MARCO Tiziano,80,AP023,PODISTICA MORETTI C.,CATANIA,8-7
3:46.15,6,PELUSI Pietro,78,RM056,G.A. FIAMME GIALLE,CATANIA,8-7
(20),3:46.16,11,SUTTI Fabrizio,76,PD131,GS FIAMME ORO,CONEGLIANO,22-6
3:46.51,1 SE-3,CESARI Fabio,77,BO011,C.S. CARABINIERI,NERETO,25-7
3:46.56,4,RICATTI Domenico,79,RM053,CS INTERFORZE AERON.,MILANO,1-7
3:46.71,8,PLONER Markus,80,BZ013,S.V. STERZING VB BAYERNLAND,TRENTO,2-9
3:46.77,13 SE-1,ZANON Simone,75,PD131,GS FIAMME ORO,CONEGLIANO,22-6
3:46.88,14 SE-1,ANNIS Giorgio,75,CA001,C.U.S. CAGLIARI,CONEGLIANO,22-6
3:47.08,9,BARTOLETTI STELLA Marco,78,FO049,A. ENDAS MASCH CESENA,TRENTO,2-9
3:47.74,10,TIRELLI Davide,66,RM002,G.S. FIAMME AZZURRE,PONZANO V.TO,13-7
3:48.02,3 SE-2,FRACASSINI Francesco,75,PG018,CUS PERUGIA,CONEGLIANO,22-6
3:48.23,4,VINCENTI Salvatore,72,RM056,G.A. FIAMME GIALLE,BRESSANONE,16-6
(30),7:47.14,11,MAZZA Marco,77,RM056,G.A. FIAMME GIALLE,RIETI,2-9
7:50.39,13,ZANON Simone,75,PD131,GS FIAMME ORO,RIETI,2-9
7:54.51,2,DI NAPOLI Gennaro,68,MI064,S.S. METANOPOLI,POZNAN,8-6
7:55.68,2,DI PARDO Luciano,75,RM056,G.A. FIAMME GIALLE,PERGINE V.,20-7
7:55.95,4,VINCENTI Salvatore,72,RM056,G.A. FIAMME GIALLE,LIGNANO,21-7
7:56.16,1 SE-1,BALDINI Stefano,71,RE106,CALCESTRUZZI CORRADINI,RAVENNA,20-5
7:56.87,2 SE-1,BARTOLETTI STELLA Marco,78,FO049,A. ENDAS MASCH CESENA,RAVENNA,20-5
7:57.68,3 SE-1,CESARI Fabio,77,BO011,C.S. CARABINIERI,RAVENNA,20-5
7:58.49,7,VICARI Ferdinando,73,RI224,C.S. FORESTALE,BREMA,24-6
7:59.28,4 SE-1,D'AMBROSIO Domenico,75,BO011,C.S. CARABINIERI,RAVENNA,20-5
(10),8:00.45,3,DI SAVERIO Vittorio,67,RM056,G.A. FIAMME GIALLE,PERGINE V.,20-7
8:01.70,3,PEGORETTI Massimo,74,RM002,G.S. FIAMME AZZURRE,BRESSANONE,17-6
8:03.11,5,LAZZARI Lorenzo,74,PD131,GS FIAMME ORO,BRESSANONE,17-6
8:03.5,1,DE NARD Gabriele,74,RM056,G.A. FIAMME GIALLE,BELLUNO,16-6
8:04.0,2,MACCAGNAN Mattia,80,RM056,G.A. FIAMME GIALLE,BELLUNO,16-6
8:04.5,1,D'URSO Giuseppe,69,RM002,G.S. FIAMME AZZURRE,CATANIA,27-4
8:05.6,4,CIALLELLA Stefano,74,RM002,G.S. FIAMME AZZURRE,BARLETTA,6-9
8:06.19,7,OBRIST Christian,80,BO011,C.S. CARABINIERI,PERGINE V.,20-7
8:07.69,2,SUTTI Fabrizio,76,PD131,GS FIAMME ORO,CONEGLIANO V.,20-5
8:10.26,10 SE-1,FLORIANI Yuri,81,RM053,CS INTERFORZE AERON.,PERGINE V.,20-7
(20),8:10.32,9§,MAFFEI Giuseppe,74,MI064,S.S. METANOPOLI,LUCERNA,27-6
8:11.7,1,ROTONDO Nicolo',78,BO011,C.S. CARABINIERI,BARLETTA,30-6
8:12.22,3,PAPES Giampaolo,70,TV361,GS IL BECHER ATL S.G.,CONEGLIANO V.,20-5
8:12.5,6,RICATTI Domenico,79,RM053,CS INTERFORZE AERON.,BARLETTA,6-9
8:12.8,2 SE-1,CALIANDRO Cosimo,82,RM056,G.A. FIAMME GIALLE,RIETI,20-5
8:12.94,11,BECCHIO Davide,76,RM053,CS INTERFORZE AERON.,PERGINE V.,20-7
8:13.3,3 SE-1,CANNATA Lorenzo,80,RM053,CS INTERFORZE AEROAN.,RIETI,20-5
8:13.64,6,GULLI' Valerio,82,TO016,A.P.ATL. PINEROLO 3 VALLI,CUNEO,8-9
8:14.29,12,PARMA Stefano,66,MI064,S.S. METANOPOLI,PERGINE V.,20-7
8:14.54,13,PAROLIN Roberto,77,MI064,S.S. METANOPOLI,PERGINE V.,20-7
(30),13:26.26,5,CAIMMI Daniele,72,RM056,G.A. FIAMME GIALLE,MILANO,6-6
13.32.61,23,ZANON Simone,75,PD131,GS FIAMME ORO,ROMA,29-6
13:34.12,9,MAZZA Marco,77,RM056,G.A. FIAMME GIALLE,MILANO,6-6
13:35.80,11,ARLATI Andrea,70,RM002,G.S. FIAMME AZZURRE,MILANO,6-6
13:42.74,2,MAZZA,BRESSANONE,16-6
13:42.88,3,BERRADI Rachid,75,RI224,C.S. FORESTALE,BRESSANONE,16-6
13:44.58,14,BATTOCLETTI Giuliano,75,VB014,COVER SPORTIVA A.V.O,MILANO,6-6
5000 METRI - 5000 metres,"PI  13:05.59  Antibo Salvatore   Bologna, 18 07 1990",3000 METRI - 3000 metres,"PI  7:39.54  Di Napoli Gennaro   Formia, 18 05 1996",,13:44.71,7,MACCAGNAN Mattia,80,RM056,G.A. FIAMME GIALLE,ROVERETO,29-8
13:45.79,15,DI SAVERIO Vittorio,67,RM056,G.A. FIAMME GIALLE,MILANO,6-6
13:46.13,16,D'AMBROSIO Domenico,75,BO011,C.S. CARABINIERI,MILANO,6-6
13:48.07,4,ZANON,BRESSANONE,16-6
13:49.59,8,CURZI Denis,75,BO011,C.S. CARABINIERI,ROVERETO,29-8
(10),13:51.32,17,DE NARD Gabriele,74,RM056,G.A. FIAMME GIALLE,MILANO,6-6
13:55.23,1,BARTOLETTI STELLA Marco,78,FO049,A. ENDAS MASCH CESENA,RAVENNA,19-5
13:55.64,1,VINCENTI Salvatore,72,RM056,G.A. FIAMME GIALLE,CATANIA,7-7
13:56.84,18,MAFFEI Davide,76,MI064,S.S. METANOPOLI,MILANO,6-6
13:57.18,2,LEONE Maurizio,73,BO011,C.S. CARABINIERI,RAVENNA,19-5
13:59.22,1,DI PARDO Luciano,75,RM056,G.A. FIAMME GIALLE,ROMA,2-6
13:59.4,1,ERREBBAH Mostafa,71,VB014,COVER SPORTIVA A.V.O,SALUZZO,12-6
13:59.5,2,RINALDI Fabio,73,VB014,COVER SPORTIVA A.V.O,SALUZZO,12-6
14:00.47,3,CESARI Fabio,77,BO011,C.S. CARABINIERI,CATANIA,7-7
14:00.76,4,DAIDONE Rosario,74,PA001,C.U.S. PALERMO,CATANIA,7-7
(20),14:02.72,5,MODICA Vincenzo,71,PD131,GS FIAMME ORO,CATANIA,7-7
14:03.1,3 SE-2,BONFANTI Fabio,75,BG236,G.S. LA RECASTELLO,BRESCIA,12-5
14:06.14,3,PALUMBO Matteo,73,BO011,C.S. CARABINIERI,RAVENNA,19-5
14:06.51,2,CAROSI Angelo,64,RI224,C.S. FORESTALE,ROMA,2-6
14:07.1,2,PERRONE Lorenzo,81,RM056,G.A. FIAMME GIALLE,PALERMO,26-6
14:08.9,3,DEL SOGLIO Roberto,79,VB014,COVER SPORTIVA AVO,SALUZZO,12-6
14:10.8,3,INGARGIOLA Francesco,73,RM056,G.A. FIAMME GIALLE,PALERMO,26-6
14:10.87,5,PAPES Giampaolo,70,TV361,GS IL BECHER ATL S.G.,PONZANO V.TO,13-7
14:11.51,6,BRIGNONE Valerio,74,SV021,ATLETICA CAIRO,PONZANO V.TO,13-7
14:12.8,4,GULLI' Valerio,82,TO016,A.P.ATL. PINEROLO 3 VALLI,SALUZZO,12-6
(30),27:54.25,3,MAZZA Marco,77,RM056,G.A. FIAMME GIALLE,MATARO',15-7
28:08.00,14,MAZZA,EDMONTON,8-8
28:21.38,1,BALDINI Stefano,71,RE106,CALCESTRUZZI CORRADINI,CAMAIORE,27-5
28:25.77,1,BERRADI Rachid,75,RI224,C.S. FORESTALE,CONEGLIANO,22-6
28:28.40,2,BARTOLETTI STELLA Marco,78,FO049,A. ENDAS MASCH. CESENA,CONEGLIANO,22-6
28:45.64,4,INGARGIOLA Francesco,73,RM056,G.A. FIAMME GIALLE,CONEGLIANO,22-6
28:46.34,5,D'AMBROSIO Domenico,75,BO011,C.S. CARABINIERI,CONEGLIANO,22-6
28:46.96,13,MAZZA,BARAKALDO,7-4
28:49.35,6,PALUMBO Matteo,73,BO011,C.S. CARABINIERI,CONEGLIANO,22-6
28:49.37,7,ERREBBAH Mostafa,71,VB014,COVER SPORTIVA A.V.O,CONEGLIANO,22-6
28:52.92,2,BARTOLETTI STELLA,CAMAIORE,27-5
28:54.10,3,RINALDI Fabio,73,VB014,COVER SPORTIVA A.V.O,CAMAIORE,27-5
28:54.9,1,DI CECCO Alberico,74,BO011,C.S. CARABINIERI,RUBIERA,22-4
(10),28:55.04,4,MACCAGNAN Mattia,80,RM056,G.A. FIAMME GIALLE,CAMAIORE,27-5
28:55.53,5,GOFFI Danilo,72,BO011,C.S. CARABINIERI,CAMAIORE,27-5
28:58.0,2,CREPALDI Gianni,68,BO011,C.S. CARABINIERI,RUBIERA,22-4
29:03.2,3,CURZI Denis,75,BO011,C.S. CARABINIERI,RUBIERA,22-4
29:03.24,8,LEONE Maurizio,73,BO011,C.S. CARABINIERI,CONEGLIANO,22-6
29:05.99,6,PERTILE Ruggero,74,PD140,ASSINDUSTRIA SPORT PD,CAMAIORE,27-5
29:14.15,9,PAOLINI Mirko,69,RM053,CS INTERFORZE AERON.,CONEGLIANO,22-6
29:21.68,11,DEL SOGLIO Roberto,79,VB014,COVER SPORTIVA AVO,CONEGLIANO,22-6
29:25.26,18,CAIMMI Daniele,72,RM056,G.A. FIAMME GIALLE,BRUXELLES,24-8
29:30.1,1,BERNARDINI Mauro,75,VB014,COVER SPORTIVA AVO,SALUZZO,25-4
(20),29:30.7,6,CESARI Fabio,77,BO011,C.S. CARABINIERI,RUBIERA,22-4
29:31.9,1,IANNELLI Angelo,76,RM002,G.S. FIAMME AZZURRE,ROMA,29-4
29:33.6,2,PETREI Antonello,72,RM555,ATL. FUTURA ROMA,ROMA,29-4
29:36.3,3,CATASTIMENI Giovanni,79,RM053,CS INTERFORZE AER,ROMA,29-4
29:38.8,5,LANDI Antonello,75,RM002,G.S. FIAMME AZZURRE,ROMA,29-4
29:39.35,2,BOURIFA Migidio,69,BG223,ATL. VALLE BREMBANA,BERGAMO,8-4
29:40.8,6,GAETA Cristian,82,RM053,CS INTERFORZE AERON.,ROMA,29-4
29:44.4,2,GALLIANO Massimo,74,CN020,G.S. ROATA CHIUSANI,SALUZZO,25-4
29:48.37,3,CHIESA Sergio,72,BG223,ATL. VALLE BREMBANA,BERGAMO,8-4
29:50.32,4,REGAZZONI Andrea,78,BG223,ATL. VALLE BREMBANA,BERGAMO,8-4
10000 METRI - 10000 metres,"PI  27:16.50  Antibo Salvatore   Helsinki, 29 06 1989",,(30),8:29.13,6,CAROSI Angelo,64,RI224,C.S. FORESTALE,MILANO,6-6
8:29.50,7,IANNELLI Angelo,76,RM002,G.S. FIAMME AZZURRE,MILANO,6-6
8:32.84,8,DI PARDO Luciano,75,RM056,G.A. FIAMME GIALLE,MILANO,6-6
8:34.08,11,CREPALDI Gianni,68,BO011,C.S. CARABINIERI,MILANO,6-6
8:34.66,3,IANNELLI,FORMIA,14-7
8:34.66,6,MAFFEI Giuseppe,74,MI064,S.S. METANOPOLI,LINZ,20-8
8:38.62,4,GIARDIELLO Angelo,70,PD131,GS FIAMME ORO,FORMIA,14-7
8:38.69,12,MAFFEI,OSTRAVA,31-5
8:41.07,13,GIARDIELLO,MILANO,6-6
8:41.14,1,GIARDIELLO,CONEGLIANO V.,20-5
8:42.75,5,DI PARDO,BREMA,24-6
8:43.04,1,MAFFEI,CATANIA,8-7
8:44.47,2,CAROSI,CATANIA,8-7
8:45.85,16,IANNELLI,ROMA,29-6
8:46.16,3,DI PARDO,MADRID,26-5
8:46.32,3,IANNELLI,CATANIA,8-7
8:47.71,5§,DI PARDO,LUCERNA,27-6
8:47.80,1,DI PARDO,BRESSANONE,17-6
8:48.4,1,IANNELLI,RIETI,20-5
8:48.77,4,ROTONDO Nicolo',78,BO011,C.S. CARABINIERI,CATANIA,8-7
8:49.25,8,DI PARDO,TUNISI,12-9
8:50.08,1 SE-1,FLORIANI Yuri,81,RM053,CS INTERFORZE AERON.,SULMONA,29-9
8:50.35,2,MAFFEI,BRESSANONE,16-6
8:50.36,2 SE-1,IANNELLI,SULMONA,29-9
8:51.39,1,BANCHINI Daniele,74,RE106,CALCESTRUZZI CORRADINI,FIRENZE,3-10
8:51.61,1,FLORIANI,MILANO,30-6
8:51.72,3,CREPALDI,BRESSANONE,16-6
8:51.9,2,FLORIANI,RIETI,20-5
8:52.30,7 BA-1,FLORIANI,AMSTERDAM,12-7
8:53.05,15,MOSCA Alberto,78,RI224,C.S. FORESTALE,MILANO,6-6
(10),8:54.72,2,MERIGHI Luca,76,PD131,GS FIAMME ORO,CONEGLIANO V.,20-5
8:58.20,6,CANAGLIA Mirko,79,RM053,CS INTERFORZE AERON.,CATANIA,8-7
8:58.8,1,GIBERTONI Cristian,70,RI224,C.S. FORESTALE,MODENA,6-6
8:59.11,2,FERRACIN Riccardo,79,PD140,ASSINDUSTRIA SPORT PD,MILANO,30-6
8:59.67,7,ZANATTA Paolo,82,TV339,ATL. PONZANO OMP,GROSSETO,22-7
9:00.1,1,BUTTAZZO Giammarco,77,BR101,ATL. SUD PUGLIA BRINDISI,BRINDISI,10-6
9:01.08,1,NAPOLI Antonio,77,CT075,LIB. S. CLUB CATANIA,PALERMO,22-6
9:04.2,1,VILLANI Matteo,82,MO052,A.S. LA FRATELLANZA,RUBIERA,10-7
9:05.21,1,MAGAGNOLI Rudy,77,BO014,ATL. IMOLA SACMI AVIS,SCANDIANO,23-6
9:07.37,4,PELUSI Gianluca,79,TE049,ATL. VOMANO,MILANO,30-6
(20),9:07.41,2,NATALI Paolo,80,BO008,CUS UNIVERSO ASSIC. BO,MODENA,3-6
9:07.94,2,MAGGIO Sebastiano,79,ME442,A.S. ATL. BARCELLONA,PALERMO,22-6
9:10.84,1,SPERNANZONI Marco,82,GR065,S. ATL. M. PELLEGRINI,NOVE,10-6
9:11.41,1,ROSA Luca,77,BN026,LIB. POL. AMAT.ATL. BN,NAPOLI,20-5
9:11.5,1,SERAFIN Roberto,73,VA119,A.S.A. SARONNO LIB.,ROVELLASCA,12-7
9:11.70,1,PALLOTTA Gilberto,75,AP002,ATL. SANGIOGESE TECN.,FANO,23-6
9:13.18,3,PRIVITERA Mauro,82,CT073,POL. LIB. CATANIA,PALERMO,22-6
9:13.82,3,CAPOTOSTI Marcello,68,PA354,POL. A.P.B. BAGHERIA,BRESSANONE,16-6
9:14.85,1,LAHNER Eduard,75,BZ013,S.V. STERZING VB BAYER,ROVERETO,3-6
9:16.46,4,LO CICERO Alessandro,81,PA001,C.U.S. PALERMO,PALERMO,22-6
(30),13.68,+1.0,4 FI,PIZZOLI Emiliano,74,BO011,C.S. CARABINIERI,RIETI,2-9
13.71,+1.3,4,PIZZOLI,BREMA,24-6
13.76,0.0,1,PIZZOLI,BRESSANONE,16-6
13.76,-0.2,8,PIZZOLI,ROMA,29-6
13.77,+0.1,5 FI,FAVARO Devis,72,RI224,C.S. FORESTALE,MALLES,14-7
13.78,+1.3,5,PIZZOLI,TORINO,9-6
13.78,-1.2,1 FI,PIZZOLI,CATANIA,7-7
13.80,-0.8,4,PIZZOLI,PADOVA,26-8
3000 METRI SIEPI - 3000 metres steeplechase,"PI  8:08.57  Panetta Francesco   Roma, 05 09 1987",110 METRI OSTACOLI - 110 metres hurdles,"PI  13.42  Ottoz Laurent   Berlino, 30 08 1994",,13.81,+1.5,1 BA-3,PIZZOLI,CATANIA,7-7
13.81,+1.2,1 SE-1,FAVARO,NUORO,11-7
13.81,+0.2,2 BA-1,FAVARO,MALLES,14-7
13.82,+1.0,5 FI,GIACONI Andrea,74,RM056,G.A. FIAMME GIALLE,RIETI,2-9
13.84,+0.2,3 BA-1,PUTIGNANI Andrea,70,RM002,G.S. FIAMME AZZURRE,MALLES,14-7
13.84,+0.1,6 FI,PUTIGNANI,MALLES,14-7
13.84,+1.5,1 SE-2,PIZZOLI,RIESE,23-9
13.86,0.0,2,FAVARO,BRESSANONE,16-6
13.87,+0.2,1 FI,PIZZOLI,CASTELFIDARDO,8-9
13.88,-1.4,1,PIZZOLI,MEZZANO DI PR,19-8
13.88,+1.5,2 SE-2,FAVARO,RIESE,23-9
13.89,0.0,2 FI,FAVARO,TUNISI,12-9
13.90,+0.3,3 FI-1,FAVARO,GINEVRA,9-6
13.90,0.0,3,PUTIGNANI,BRESSANONE,16-6
13.91,0.0,1 SE-1,COMENCINI Nicola,78,VR784,"I.C. ""M. BENTEGODI""",MARCON,2-6
13.93,0.0,5 FI,GIACONI,LA CHAUX-D-F,19-8
13.94,-1.7,1 SE-2,DE SANCTIS Antonio,72,MI080,ATL. RICCARDI MILANO,ALESSANDRIA,27-5
13.94,+0.6,1 FI,DE SANCTIS,MILANO,22-6
13.94,+1.5,2 BA-3,GIOVANNELLI Luca,75,PD131,GS FIAMME ORO,CATANIA,7-7
13.95,+1.6,1 BA-1,DE SANCTIS,CATANIA,7-7
13.96,-0.5,0,COMENCINI,CONEGLIANO V.,22-6
13.96,0.0,7 FI,ALTERIO Andrea,73,RM056,G.A. FIAMME GIALLE,LA CHAUX-D-F,19-8
13.97,-0.1,1 BA-2,COMENCINI,GINEVRA,9-6
13.97,-1.4,2,FAVARO,MEZZANO DI PR,19-8
13.98,0.0,2 SE-1,GIOVANNELLI,MARCON,2-6
13.98,-1.0,1 FI-1,COMENCINI,BRESCIA,16-6
13.98,-0.8,5,GIACONI,PADOVA,26-8
13.99,+1.0,1 SE-1,PIZZOLI,MODENA,2-6
13.99,+0.7,1 SE-3,PUTIGNANI,NERETO,25-7
14.00,+0.8,1 SE-2,PUTIGNANI,LA SPEZIA,26-5
14.00,+0.3,1 BA-1,FAVARO,GINEVRA,9-6
14.01,+0.9,1 SE-2,COMENCINI,ROVERETO,6-5
14.01,+0.1,1 SE-1,PUTIGNANI,FORMIA,23-6
14.01,-0.6,1 SE-2,DE SANCTIS,LUCERNA,27-6
14.01,-1.2,2 FI,DE SANCTIS,CATANIA,7-7
14.03,-3.6,1 FI-1,DE SANCTIS,ALESSANDRIA,27-5
14.03,+0.3,1 FI-3,GIOVANNELLI,GINEVRA,9-6
14.03,0.0,4,GIOVANNELLI,BRESSANONE,16-6
14.03,-0.1,1 FI,PUTIGNANI,NEMBRO,10-7
14.04,-3.6,2 FI-1,PUTIGNANI,ALESSANDRIA,27-5
14.04,+1.3,8,PUTIGNANI,TORINO,9-6
14.04,+0.3,1 FI-2,COMENCINI,GINEVRA,9-6
14.05,+1.2,1 BA-1,DE SANCTIS,MILANO,22-6
14.05,-1.2,3,PUTIGNANI,CATANIA,7-7
14.06,+0.8,2 SE-2,DE SANCTIS,LA SPEZIA,26-5
14.06,-0.8,6,FAVARO,PADOVA,26-8
14.08,+0.2,2 FI-2,DE SANCTIS,GINEVRA,9-6
14.08,-0.1,2 FI,GIOVANNELLI,NEMBRO,10-7
14.08,-1.0,2 FI-2,DE SANCTIS,LA CHAUX-D-F,19-8
14.08,+1.5,3 SE-2,COMENCINI,RIESE,23-9
14.10,+0.2,1 SE-1,COMENCINI,CONEGLIANO V.,19-5
14.10,+0.2,1 SE-1,DE SANCTIS,SARONNO,19-5
14.10,-3.6,3 FI-1,FAVARO,ALESSANDRIA,27-5
14.10,+1.2,2 SE-1,DE SANCTIS,NUORO,11-7
14.10,+0.3,2 BA-3,GIOVANNELLI,MALLES,14-7
14.10,-0.1,1,GIACONI,VIAREGGIO,22-8
14.11,0.0,3 SE-1,BRACCIALI Francesco,78,PD140,ASSINDUSTRIA SPORT PD,MARCON,2-6
14.11,+1.2,3 SE-1,GIOVANNELLI,NUORO,11-7
14.12,-0.1,3 FI,BRACCIALI,NEMBRO,10-7
14.12,+0.3,3 BA-3,DE SANCTIS,MALLES,14-7
14.13,-0.6,3 SE-1,FAVARO,LIGNANO,21-7
14.14,-0.1,1 FI,GASPERINI Daniele,81,PD131,GS FIAMME ORO,MILANO,30-6
(10),14.14,+0.2,4 BA-1,COMENCINI,MALLES,14-7
14.18,+1.5,3 BA-3,MACCARONE Gabriele,69,RM002,G.S. FIAMME AZZURRE,CATANIA,7-7
14.19,+0.2,2 SE-1,MAININI Carlo Alberto,82,MI064,S.S. METANOPOLI,SARONNO,19-5
14.26,+0.6,PM,CASARSA Paolo,75,RI224,C.S. FORESTALE,RIED,1-7
14.32,+0.2,3 SE-1,LONGONI Stefano,75,CO208,A.ATL. LECCO-COLOMBO,SARONNO,19-5
14.33,0.0,1,ANGELOZZI Massimo,77,CH010,CUS ATLETICA CHIETI,MACERATA,19-7
14.35,+2.0,1,ROCCATI Christian,79,GE001,A.A.A. GENOVA,GENOVA,23-6
14.35,+1.5,5 BA-3,BERDINI Giorgio,79,RM053,CS INTERFORZE AERON.,CATANIA,7-7
14.36,+0.6,1 SE-1,PERONI Nicola,81,TN135,ATLETICA ALTO GARDA,ROVERETO,6-5
14.45,-1.5,1 FI-2,MAFFEIS Marco,73,FI018,TOSCANA ATL. GENSAN,ALESSANDRIA,27-5
,14.52,0.0,1,FRULLANI William,79,FI018,TOSCANA ATL GENSAN,GROSSETO,21-6
(20),14.53,+0.7,2 SE-2,BUTTARI Daniel,82,RI223,ATL. STUD. CA.RI.RI,RIETI,6-10
14.55,-0.9,2 SE-1,MENCHINI Davide,76,PD131,GS FIAMME ORO PD,FERRARA,3-7
14.57,-0.7,2 SE-2,COCCHI Andrea,82,AP003,ASS. SPORT ATL. FERMO,FAENZA,17-6
14.60,-1.0,2 FI-1,BONALDO Giorgio,80,SP046,C.S. MARINA MILITARE A.,BRESCIA,16-6
14.62,+0.5,1 SE-1,PETRONCINI Alessandro,65,BO014,ATL. IMOLA SACMI AVIS,BOLOGNA,12-7
14.63,+1.7,PM,CEGLIE Luca,79,BA007,CUS BARI,RIED,1-7
14.64,-0.1,4 FI,MACALE Daniele,81,RM056,G.A. FIAMME GIALLE,MILANO,30-6
14.68,+0.6,2 SE-1,MOTTADELLI Paolo,79,MI064,S.S. METANOPOLI,ROVERETO,6-5
14.73,0.0,2,SALVADORI Paolo,76,FI002,A. ASICS FI MARATHON,GROSSETO,21-6
14.75,+0.9,2 SE-2,INNOCENTI Davide,74,GE002,C.U.S. GENOVA,LA SPEZIA,26-5
(30),con vento favorevole superiore ai 2 m/s - wind assisted,13.83,+4.5,2 Q-2,FAVARO,TUNISI,12-9
13.88,+3.0,1 SE-1,FAVARO,PERGINE V.,20-7
13.92,+3.0,2 SE-1,GIOVANNELLI Luca,75,PD131,GS FIAMME ORO,PERGINE V.,20-7
13.95,+5.2,1 SE-1,FAVARO,ROMA,2-6
13.96,+3.0,3 SE-1,COMENCINI,PERGINE V.,20-7
13.97,+2.6,1 BA-2,PUTIGNANI,CATANIA,7-7
14.00,+2.4,1 SE-1,DE SANCTIS,CHIASSO,20-6
14.02,+2.7,1 BA-1,COMENCINI,NEMBRO,10-7
14.05,+5.2,2 SE-1,PUTIGNANI,ROMA,2-6
14.06,+3.0,1 BA-2,GIOVANNELLI,NEMBRO,10-7
14.11,+3.0,1 SE-1,FAVARO,GORIZIA,6-5
14.14,+2.6,2 BA-2,COMENCINI,CATANIA,7-7
14.29,+2.6,4 BA-2,LONGONI Stefano,75,CO208,A.ATL. LECCO-COLOMBO,CATANIA,7-7
14.33,+2.6,5 BA-2,ANGELOZZI Massimo,77,CH010,CUS ATLETICA CHIETI,CATANIA,7-7
14.40,+4.4,6 BA-2,BUTTARI Daniel,82,RI223,ATL. STUD. CA.RI.RI,GROSSETO,20-7
14.56,+5.2,3 SE-1,MACALE Daniele,81,RM056,G.A. FIAMME GIALLE,ROMA,2-6
cronometraggio manuale - hand timing,13.7,1 SE-2,GIACONI,BRESCIA,9-9
13.9,1 SE-1,COMENCINI,VERONA,12-9
14.5,1 PM-1,POSERINA Beniamino,70,RM002,G.S. FIAMME AZZURRE,CESANO BOSCONE,15-7
47.54,2,MORI Fabrizio,69,RM056,G.A. FIAMME GIALLE,EDMONTON,10-8
48.30,1,MORI,TORINO,9-6
48.39,1,MORI,BREMA,23-6
48.49,1 SF-1,MORI,EDMONTON,8-8
48.52,3,MORI,ZURIGO,17-8
48.54,2,MORI,ROMA,29-6
48.72,1,MORI,PADOVA,26-8
48.72,1,MORI,ROVERETO,29-8
48.77,2,MORI,YOKOHAMA,15-9
48.86,1,MORI,RIETI,2-9
49.04,3,FRINOLLI PUZZILLI Giorgio,70,RM002,G.S. FIAMME AZZURRE,MILANO,6-6
49.10,1,MORI,MADRID,26-5
49.16,1 FI,MORI,BEIRUT,4-7
49.29,1 BA-1,MORI,EDMONTON,7-8
49.37,1,MORI,VIAREGGIO,22-8
49.41,7 SE-2,OTTOZ Laurent,70,RM056,G.A. FIAMME GIALLE,ZURIGO,17-8
49.47,1 FI,OTTOZ L.,CATANIA,8-7
49.47,6,OTTOZ L.,MONTECARLO,20-7
49.51,2,FRINOLLI PUZZILLI,TORINO,9-6
49.53,1 SE-3,OTTOZ L.,CLUSONE,22-7
49.59,2,OTTOZ L.,FORMIA,14-7
49.67,3,OTTOZ L.,TORINO,9-6
49.68,8,FRINOLLI PUZZILLI,ROMA,29-6
49.78,1 BA-2,OTTOZ L.,CATANIA,8-7
49.80,5,OTTOZ L.,RETHYMNO,1-7
49.83,7,FRINOLLI PUZZILLI,MONTECARLO,20-7
49.83,1,FRINOLLI PUZZILLI,BRESSANONE,17-6
49.97,1,OTTOZ L.,AVEZZANO,19-8
49.98,3,FRINOLLI PUZZILLI,FORMIA,14-7
49.98,3,OTTOZ L.,VIAREGGIO,22-8
50.09,2,CARABELLI Gianni,79,BO011,C.S. CARABINIERI,BRESSANONE,17-6
50.19,5,OTTOZ L.,LUCERNA,27-6
400 METRI OSTACOLI - 400 metres hurdles,"PI  47.54  Mori Fabrizio   Edmonton, 10 08 2001",,50.19,1 FI,CARABELLI,MILANO,1-7
50.22,2 FI,AGRILLO Corrado,74,MI080,ATL. RICARDI MILANO,CATANIA,8-7
50.27,2 BA-2,CARABELLI,AMSTERDAM,13-7
50.32,3 FI,GALVANINI Tommaso,78,VR784,"I.C. ""M. BENTEGODI""",CATANIA,8-7
50.35,1,OTTOZ L.,RIETI,30-5
50.41,2,RUBECA Federico,81,CT073,POL. LIB. CATANIA,MILANO,1-7
50.45,1 SE-1,AGRILLO,SARONNO,20-5
50.47,3,OTTOZ L.,BRESSANONE,17-6
50.59,5,CARABELLI,VIAREGGIO,22-8
50.62,3 SE-3,AGRILLO,CLUSONE,22-7
50.63,1 SE-1,GALVANINI,BRESCIA,17-6
50.64,1,GALVANINI,ROVIGO,24-6
50.67,4 FI,CITTERIO Claudio,79,PD131,GS FIAMME ORO,CATANIA,8-7
50.69,2,CARABELLI,AVEZZANO,19-8
50.70,1,MORI,SAMASSI,22-9
50.71,4 SE-3,CARABELLI,CLUSONE,22-7
50.73,1,CARABELLI,ROVERETO,6-5
50.74,1,GALVANINI,LIGNANO,21-7
50.75,3 FI,OTTOZ L.,TUNISI,11-9
50.79,1 SE-3,AGRILLO,CAGLIARI,11-5
50.82,2,OTTOZ L.,SAMASSI,22-9
50.83,1 SE-1,RUBECA,SULMONA,30-9
50.86,1 SE-1,GALVANINI,CONEGLIANO V.,20-5
50.89,1 SE-1,CARABELLI,MODENA,3-6
50.91,6,AGRILLO,PADOVA,26-8
50.95,5 BA-1,CARABELLI,PECHINO,30-8
51.00,7,CARABELLI,MILANO,6-6
51.03,6,AGRILLO,TORINO,9-6
51.07,4,AGRILLO,AVEZZANO,19-8
51.09,1 SE-1,AGRILLO,MILANO,24-6
51.09,2 SE-1,CITTERIO,SULMONA,30-9
51.10,1 SF-1,MORI,BEIRUT,3-7
51.15,1,RUBECA,BRESSANONE,16-6
51.15,3 FI,CITTERIO,MILANO,1-7
51.16,1 SE-1,CITTERIO,MARCON,3-6
51.19,7,GALVANINI,PADOVA,20-8
51.27,3,CITTERIO,BIELLA,22-9
51.37,8,CITTERIO,MILANO,6-6
51.38,6 FI,CARABELLI,AMSTERDAM,14-7
51.48,1,RUBECA,BARLETTA,6-9
51.49,4,AGRILLO,BRESSANONE,17-6
51.49,5 FI,CREPAZ Markus,81,BZ008,SSV BRUNECK VB,CATANIA,8-7
51.51,4 FI,CREPAZ,MILANO,1-7
51.54,6,RUBECA,VIAREGGIO,22-8
51.55,1 SE-2,CITTERIO,CLUSONE,22-7
51.57,1 SE-1,RUBECA,CATANIA,20-5
51.58,2 SE-1,CITTERIO,CONEGLIANO V.,20-5
51.58,2,DAMBRUOSO Carlo,79,VE471,ATL. CARREFOUR MARCON,ROVIGO,24-6
(10),51.58,5,GALVANINI,CLUSONE,22-7
51.63,5,OTTOZ Patrick,71,RI224,C.S. FORESTALE,BRESSANONE,17-6
51.64,2 SE-1,SARTORE Francesco,77,TV361,G.S. IL BECHER ATL. S.G.,MARCON,3-6
51.78,1 SE-1,BOTTOS Ivano,72,GO050,A. CASSA RISPARMIO GO,GORIZIA,4-7
51.87,1 SE-1,ROSSU Giorgio,69,CA002,S G AMSICORA,CLUSONE,22-7
51.91,1 SE-2,GIOVANNELLI Luca,75,PD131,GS FIAMME ORO,FIRENZE,3-10
51.99,2 SE-1,PINI Lorenzo,81,MI089,PRO SESTO ATL.,SARONNO,20-5
52.13,6,CRINO' Fabrizio,74,BZ066,ATHLETIC CLUB 96,CATANIA,8-7
52.17,1,FILISETTI Francesco,77,BO011,C.S. CARABINIERI,ALESSANDRIA,27-5
52.32,1 SE-1,FRANCIOSI Enzo,70,FE026,CUS FERRARA,SCANDIANO,24-6
52.43,1 BA-1,BONTUMASI Stefano,82,CT075,LIB. S. CLUB CATANIA,GROSSETO,20-7
(20),52.54,5 FI,SAVI Stefano,80,RM053,CS INTERFORZE AERON.,MILANO,1-7
52.73,2 SE-1,BARBON Lorenzo,73,BO007,S.E.F. VIRTUS EMISIDER,SCANDIANO,24-6
52.84,2 BA-2,BORTOLASO Luca,81,RM056,G.A. FIAMME GIALLE,MILANO,30-6
52.96,3 SE-1,PICCINI Daniele,75,MI064,S.S. METANOPOLI,SARONNO,20-5
52.98,7,BACCHIARELLO Paolo,77,RM053,CS INTERFORZE AERON.,BRESSANONE,17-6
53.02,1 SE-1,DE GIOIA Vincenzo,81,RM053,CS INTERFORZE AERON.,AVELLINO,13-6
53.19,3,BOLDRIN Enrico,77,CT073,POL. LIB. CATANIA,ROVIGO,23-6
53.23,3 BA-3,MACINA Emanuele,79,TO001,CUS TORINO,MILANO,30-6
53.30,1,SIMONAZZI Stefano,76,SO046,C.S. MARINA MILITARE A.,BERGAMO,19-7
cronometraggio manuale - hand timing,,48.8,1 SE-1,FRINOLLI PUZZILLI Giorgio,70,RM002,G.S. FIAMME AZZURRE,RIETI,20-5
49.6,2 SE-1,OTTOZ L.,RIETI,20-5
51.0,1,OTTOZ L.,NAPOLI,21-4
52.1,3 SE-1,BORTOLASO Luca,81,RM056,G.A. FIAMME GIALLE,RIETI,20-5
52.7,4 SE-1,BACCHIARELLO Paolo,77,RM053,CS INTERFORZE AERON.,RIETI,20-5
2.27,3,CIOTTI Giulio,76,RM002,G.S. FIAMME AZZURRE,BÜHL,27-7
2.27,3,CIOTTI Nicola,76,BO011,C.S. CARABINIERI,BÜHL,27-7
2.26,1,CIOTTI G.,BRESSANONE,17-6
2.25,1,CIOTTI G.,CATANIA,8-7
2.22,2,TALOTTI Alessandro,80,BO011,C.S. CARABINIERI,CATANIA,8-7
2.21,3,BERNASCONI Ivan,74,PD131,GS FIAMME ORO,MILANO,6-6
2.21,4,BETTINELLI Andrea,78,RM056,G.A. FIAMME GIALLE,MILANO,6-6
2.21,1,TALOTTI,MILANO,30-6
2.21,2,CIOTTI N.,LIGNANO,21-7
2.21,3,CIOTTI G.,ROVERETO,29-8
2.21,1,CIOTTI G.,SAMASSI,22-9
2.20,2,BERNASCONI,BRESSANONE,17-6
2.20,1,TALOTTI,GORIZIA,4-7
2.20,1,TAVELLA Mauro,71,RI224,C.S. FORESTALE,NEMBRO,10-7
2.20,1,CIOTTI N.,CARBONIA,20-9
2.20,1,CIOTTI G.,CARBONIA,20-9
2.20,1,TALOTTI,CARBONIA,20-9
2.20,1,CIOTTI G.,SULMONA,30-9
2.19,2,CIOTTI G.,TUNISI,13-9
2.18,1,MENEGUZZO Andrea,79,TN109,U.S. QUERCIA MARSILLI,LANA,20-5
2.18,5,CIOTTI G.,MILANO,6-6
2.18,1,BUIATTI Michele,70,RI224,C.S. FORESTALE,BELLUNO,16-6
2.18,1,CIOTTI G.,BEIRUT,1-7
2.18,2,TALOTTI,SAMASSI,22-9
2.18,4,CIOTTI N,SAMASSI,22-9
2.18,PM,SCHEMBRI Fabrizio,81,BO011,C.S. CARABINIERI,DESENZANO D.G.,22-9
2.17,1,TALOTTI,ROVERETO,6-5
2.17,3,TALOTTI,BRESSANONE,17-6
2.17,4,BETTINELLI,BRESSANONE,17-6
2.17,5,TAVELLA,BRESSANONE,17-6
2.17,2,CIOTTI N,NEMBRO,10-7
2.17,2,CAMPIOLI Filippo,82,MO052,A.S. LA FRATELLANZA,SULMONA,30-9
(10),2.14,2,ZAMPIERI Luca,74,MI076,GEAS A. COOP LOMBARDIA,CLUSONE,22-7
2.13,2,TOSO Luca,64,PD131,GS FIAMME ORO,GORIZIA,23-6
2.13,PM,FRULLANI William,79,FI018,TOSCANA ATL. GENSAN,AMSTERDAM,12-7
2.12,1,FINESI Sandro,80,RM053,CS INTERFORZE AERON.,MODENA,19-9
2.11,1,BELLONE Edoardo,82,VC004,ATLETICA VERCELLI 78,WILL,26-5
2.11,3,VALENTE Sergio,77,GE001,A.A.A. GENOVA,IMPERIA,27-6
2.11,3,BORRINI Hector,78,SP046,C.S. MARINA MILITARE,CLUSONE,22-7
2.11,3,SGHIRLANZONI Davide,83,MI064,S.S. METANOPOLI,SULMONA,30-9
2.11,4,TONELLO Luca,73,RM056,G.A. FIAMME GIALLE,SULMONA,30-9
2.10,1,LEMMI Andrea,84,LI036,PIXAR ATL. LIVORNO,FANO,22-9
(20),2.07,2,RODEGHIERO Federico,71,RM056,G.A. FIAMME GIALLE,ROMA,3-6
2.07,1,SPOSITO Luca,80,PA001,C.U.S. PALERMO,BRESSANONE,16-6
2.07,3,VISIN Fabio,78,GO050,A. CASSA RISPARMIO GO,GORIZIA,23-6
2.06,1,BIANCIARDI Andrea,82,FI002,A. ASICS FI MARATHON,GROSSETO,22-6
2.06,4,FAVARO Mattia,80,PD140,ASSINDUSTRIA SPORT PD,MILANO,30-6
2.05,6,CANALE Alessandro,69,MI064,S.S. METANOPOLI,BRESSANONE,17-6
2.05,3,DI FONZO Antonio,79,BN026,LIB. POL. AMAT. ATL. BN,BRESSANONE,16-6
2.05,1,QUARZO Lorenzo,76,TO001,CUS TORINO,COSSATO,24-6
2.04,1,CERVELLIN Matteo,79,MI080,ATL. RICCARDI MILANO,SARONNO,20-5
2.04,1,ABBAMONDI Marco,74,NA062,CENTRO ESTER ATL. LEGG.,NAPOLI,20-5
(30),2.04,2,FORTE Paolo,81,NA014,AGG. HINNA ARCHEOATLETICA,NAPOLI,20-5
2.04,2,FIZZOTTI Luca,81,NO007,P.S. STEFANO BORGOMANERO,TORINO,20-5
2.04,1,D'UVA Riccardo,83,CB019,ATL. 88 CAMPOMARINO,BENEVENTO,3-6
2.04,2,MONDUZZI Andrea,83,MO052,A.S. LA FRATELLANZA,MODENA,9-6
2.04,PM,CEGLIE Luca,79,BA007,CUS BARI,RIED,30-6
2.04,1,PIGHI Irish,82,PC084,A.S. ATL. PIACENZA,SARZANA,15-7
ALTO - high jump,"PI  2.33  Benvenuti Marcello   Verona, 12 09 1989",,2.04,3,PIZZOLI Alessio,83,RI223,ATL. STUDENT. CA.RI.RI,RIETI,7-10
5.55,1,ALLEVI Massimo,69,RM002,G.S. FIAMME AZZURRE,BEIRUT,2-7
5.50,1,ALLEVI,ROMA,2-6
5.50,1,ALLEVI,BRESSANONE,16-6
5.50,3 FI,GIBILISCO Giuseppe,79,RM056,G.A. FIAMME GIALLE,AMSTERDAM,15-7
5.45,1,GIANNINI Andrea,76,RM056,G.A. FIAMME GIALLE,TUNISI,14-9
5.40,1 FC,GIANNINI,GROSSETO,21-6
5.40,1,SCOTTI Ruben,76,BG003,ATL. BERGAMO 1959,CATANIA,7-7
5.40,2,PIZZOLATO Fabio,75,RM002,G.S. FIAMME AZZURRE,CATANIA,7-7
5.40,1,MARIANI Maurilio Mauro,73,BO011,C.S. CARABINIERI,ASCOLI PICENO,27-7
5.40,1,ALLEVI,BERNA,24-8
5.40,2,GIBILISCO,TUNISI,14-9
5.31,1,PIZZOLATO,OLGIATE OLONA,6-5
5.30,2,MARIANI,BRESSANONE,16-6
5.30,1,RUBBIANI Matteo,78,MO052,A.S. LA FRATELLANZA,BRESCIA,16-6
5.30,3,GIANNINI,CATANIA,7-7
5.30,4,REINSTADLER Stefan,78,BO011,C.S. CARABINIERI,CATANIA,7-7
5.30,4 Q,GIBILISCO,AMSTERDAM,13-7
5.30,1,GIANNINI,GROSSETO,7-9
5.20,1,REINSTADLER,PADOVA,1-5
5.20,1,REINSTADLER,RAVENNA,19-5
5.20,2,MARIANI,RAVENNA,19-5
5.20,1,RUBBIANI,MODENA,6-6
5.20,1,RUBBIANI,FERRARA,20-6
5.20,1,SCOTTI,MILANO,24-6
5.20,1,RUBBIANI,SCANDIANO,24-6
5.20,1,REINSTADLER,LAIVES,24-6
5.20,1,PIANTELLA Giorgio,81,PD131,GS FIAMME ORO,MILANO,29-6
5.20,5,ALLEVI,CATANIA,7-7
5.20,6,RUBBIANI,CATANIA,7-7
5.20,7,GIBILISCO,CATANIA,7-7
5.20,8,BEFANI Giacomo,70,MI080,ATL. RICCARDI MILANO,CATANIA,7-7
(10),5.20,2,ALLEVI,ASCOLI PICENO,27-7
5.20,1,SCOTTI,MEZZANO DI PR,19-8
5.10,1,MOTTA Alberto,81,GR065,S.ATL. M. PELLEGRINI,LIVORNO,2-6
5.10,1,ANDREINI Fulvio,67,CT073,POL. LIB. CATANIA,BRESSANONE,15-6
5.10,1,D'ORIO Sergio,78,PA354,POL. A.P.B. BAGHERIA,FOGGIA,23-6
5.10,1,TRONCA Nicola,78,FI002,A. ASICS FI MARATHON,CORREGGIO,14-7
5.00,1,BRESSAN Davide,75,PD131,GS FIAMME ORO,CONEGLIANO V.,19-5
5.00,1,CREPAZ Felix,80,BZ008,SSV BRUNECK VB,LANA,19-5
5.00,3,CORRINA Matteo,71,RM555,ATL. FUTURA ROMA,ASCOLI PICENO,27-7
5.00,1,CAMBON Alessandro,79,VA123,ATL. VARESE,BRESCIA,9-9
4.90,3,ANDREINI Marco,61,CA002,S G AMSICORA,BRESSANONE,15-6
4.90,2 FC,CASARSA Paolo,75,RI224,C.S. FORESTALE,GROSSETO,21-6
(20),4.90,1,TENTORINI Fabio,82,AP005,A.S. ASA ASCOLI PICENO,ASCOLI PICENO,13-10
4.90,1,DI GREGORIO Nicola,80,FG271,ATL. UNIVERISTARIA FG,FOGGIA,28-10
4.80,3,PASSINI Roberto,77,RI224,C.S. FORESTALE,CAGLIARI,11-5
4.80,2,VEZZANI Alessandro,73,MI064,S.S. METANOPOLI,SARONNO,19-5
4.80,2,PIETROGRANDE Massimo,81,PD140,ASSINDUSTRIA SPORT PD,MARCON,2-6
4.80,3,BEDA Gianfranco,68,TV361,G.S. IL BECHER,MARCON,2-6
4.80,4,BOLONDI Gianpaolo,70,TO001,CUS TORINO,BRESSANONE,15-6
4.80,1,GUIDI Matteo,75,PT115,ATL. C.R. PISTOIA E PESCIA,FAENZA,17-6
4.80,2,BOZZA Antonio,78,FG271,ATL. UNIVERSITARIA FG,FOGGIA,28-10
4.70,1,CRESPI Mauro,76,VA123,ATL. VARESE,REZZATO,26-5
(30),4.70,7,DEL FABBRO Lorenzo,75,RM053,CS INTERFORZE AER.,BRESSANONE,16-6
4.70,3,MANZO Mauro,79,BA007,CUS BARI,BRESCIA,16-6
4.70,2,BONANNI Luca,72,RM946,ACSI CAMPIDOGLIO PAL.,ROMA,17-6
4.70,1,BEDA Alessandro,73,CA001,CUS CAGLIARI,ROMA,17-6
4.70,5,VILLA Francesco,81,MI259,CUS MILANO,MILANO,29-6
4.70,4,DURANTE Roberto,73,TN109,U.S. QUERCIA MARSILLI,PONZANO V.TO,13-7
4.70,4,BALLONI Riccardo,75,RI223,ATL. STUDENT. CA.RI.RI,SULMONA,29-9
ASTA - pole vault,"PI  5.75  Pizzolato Fabio   Milano, 06 07 1997",,7.91,-1.4,2,D'APOLITO Giacomo,71,RM056,G.A. FIAMME GIALLE,MALLES,14-7
7.88,+0.8,1,TRENTIN Nicola,74,RM002,G.S. FIAMME AZZURRE,CATANIA,7-7
7.88,+1.4,5,RIMOLDI Alessio,76,BO011,C.S. CARABINIERI,PADOVA,26-8
7.86,0.0,1,RIMOLDI,BRESSANONE,16-6
7.84,0.0,1 FC,TRENTIN,CAGLIARI,11-5
7.84,+2.0,1,TRENTIN,ROMA,2-6
7.84,+1.5,4,CAMPUS Milko,69,RM002,G.S. FIAMME AZZURRE,MALLES,14-7
7.84,+2.0,5,TRENTIN,MALLES,14-7
7.83,0.0,2,RIMOLDI,CATANIA,7-7
7.83,+0.5,7,RIMOLDI,MALLES,14-7
7.33,+1.9,-,TRENTIN,TUNISI,12-9
7.80,+1.7,8,D'APOLITO,TORINO,9-6
7.80,0.0,1,RIMOLDI,IMPERIA,27-6
7.74,+0.9,6,D'APOLITO,MADRID,27-5
7.74,-1.3,1,RIMOLDI,ALESSANDRIA,27-5
7.73,+1.2,2,CAMPUS,BRESSANONE,16-6
7.73,-0.9,1,RIMOLDI,BEIRUT,3-7
7.73,-0.4,1,D'APOLITO,NUORO,11-7
7.73,+2.0,2,BALDI Andrea,70,RI224,C.S. FORESTALE,NUORO,11-7
7.72,0.0,1,RIMOLDI,NEMBRO,10-7
7.72,+0.6,6,TRENTIN,TUNISI,12-9
7.70,+1.9,1,MERLINO Nino,68,PA002,ATL. SANGIORGESE TECN.,PESCARA,2-6
7.70,+1.5,9,RIMOLDI,TORINO,9-6
7.67,+1.2,1,RIMOLDI,RAVENNA,19-5
7.67,+0.8,1,RIMOLDI,CLUSONE,22-7
7.66,+0.7,1,CAMPUS,LA SPEZIA,26-5
7.65,+0.9,-,BALDI,ROMA,2-6
7.64,+0.1,1,DACASTELLO Stefano,80,RM053,CS INTERFORZE AERON.,MILANO,29-6
7.64,+0.7,2,IUCOLANO Ferdinando,80,PA001,C.U.S. PALERMO,MILANO,29-6
7.64,-0.2,1,RIMOLDI,PERGINE V.,20-7
7.64,+0.1,2,DACASTELLO,CLUSONE,22-7
7.63,-1.0,4,RIMOLDI,BREMA,23-6
7.63,0.0,3,CAMPUS,CATANIA,7-7
7.63,-0.7,2,BALDI,CARBONIA,20-9
7.62,+1.4,2,CAMPUS,PERGINE V.,20-7
7.61,+1.0,1,CAMPUS,FORMIA,23-6
7.61,+0.5,3 FI,HOWE Andrew,85,RI223,ATL. STUD. CA.RI.RI,DEBRECEN,12-7
7.61,+1.3,8,RIMOLDI,TUNISI,12-9
7.61,-0.6,3,CAMPUS,CARBONIA,20-9
7.60,0.0,1,BOSCHIERO Diego,76,RM056,G.A. FIAMME GIALLE,AVELLINO,13-6
(10),7.58,+1.4,PM,FRULLANI William,79,FI018,TOSCANA ATL GENSAN,AMSTERDAM,12-7
7.55,+1.4,3,NUARA Mattia,81,MI085,GINN. MONZESE F.L.,MILANO,29-6
7.50,+1.1,2,AGRESTI Francesco,77,PD131,GS FIAMME ORO,FORMIA,23-6
7.50,+1.6,1,GRECO Giovanni,81,RM053,CS INTERFORZE AERON.,BRINDISI,12-7
7.49,+0.5,1,MANGANI Leandro,74,FI002,A. ASICS FI MARATHON,BRESCIA,16-6
7.48,+1.2,2,TARI' Stefano,71,BR101,ATL. SUD PUGLIA BR,BRINDISI,12-7
7.48,0.0,1,COLTRI Roberto,69,PD131,GS FIAMME ORO,ROVIGO,23-6
7.38,+1.1,1,FRINOLLI PUZZILLI Bruno,68,CA002,S G AMSICORA,SASSARI,24-6
7.36,+0.6,2,BORTOLOZZI Mario,73,VE471,ATL. CARREFOUR MARCON,CAGLIARI,12-5
7.35,-0.1,1 PM,VITI Marzio,73,BO011,C.S. CARABINIERI,DESENZANO D.G.,12-5
(20),7.34,+0.9,2,DI CESARE Fabrizio,77,PD131,GS FIAMME ORO,CONEGLIANO V.,22-6
7.34,+0.5,5,BAU' Luciano,79,VI619,S.S. ATL. BREGANZE ASI,CLUSONE,22-7
7.33,+0.5,1 EX,GASPARRO Cristian,74,RM002,G.S. FIAMME AZZURRE,MACERATA,26-5
7.32,+1.1,1,TURIN Antonio,76,VR784,"I.C. ""M. BENTEGODI""",FERRARA,20-6
7.30,+1.5,1,MARIN Gianluca,76,TO001,CUS TORINO,TORINO,19-5
7.29,0.0,3,ZEPPO Simone,77,RM056,G.A. FIAMME GIALLE,AVELLINO,13-6
7.29,0.0,1,TREMIGLIOZZI Marco,74,BN026,LIB. POL. AMAT. ATL. BN,SULMONA,30-9
7.28,+1.5,PM,POSERINA Beniamino,70,RM002,G.S. FIAMME AZZURRE,DESENZANO D.G.,22-9
7.26,+1.1,2,BORCHI Leonardo,76,LI036,PIXAR ATLETICA LIVORNO,LIVORNO,2-6
7.22,+0.9,2 PRO,CEGLIE Luca,79,BA007,CUS BARI,MACERATA,26-5
(30),7.22,+0.2,2,GIRAU Simone,77,CA001,C.U.S. CAGLIARI,SASSARI,24-6
senza riscontro anemometrico - no wind gauge,7.73,1,RIMOLDI,VIAREGGIO,22-8
7.66,1,CAMPUS,FERMO,10-5
LUNGO - long jump,"PI  8.43  Evangelisti Giovanni   S.Giovanni Val., 06 05 1987",,7.61,1,IUCOLANO,PALERMO,22-6
7.52,1,TARI' Stefano,71,BR101,ATL. SUD PUGLIA BR,BRINDISI,27-6
7.40,2,RECHICHI Orazio,76,CT075,LIB. S. CLUB CATANIA,CATANIA,19-5
7.37,1,ZEPPO Simone,77,RM056,G.A. FIAMME GIALLE,MONTALTO D.C.,9-6
7.35,1,ROMANO Sebastiano,77,RM053,CS INTERFORZE AERON.,SIRACUSA,18-10
7.34,1,CEGLIE Luca,79,BA007,CUS BARI,MATERA,28-4
7.33,1,MELLINO Giuseppe,80,FI018,TOSCANA ATL GENSAN,LUCCA,9-6
7.26,1,PUGLIESE Giuseppe,80,TP143,U.S. ACLI MARSALA,MAZARA D.V.,30-5
7.23,1,SALVADORI Cristian,71,LT280,USPI ATEN LATINA,LATINA,13-7
con vento favorevole superiore ai 2 m/s - wind assisted,8.18,+4.1,1,TRENTIN Nicola,74,RM002,G.S. FIAMME AZZURRE,RIETI,19-5
8.06,+3.4,1,TRENTIN,ROMA,2-6
7.96,+4.5,2,TRENTIN,SAMASSI,22-9
7.93,+2.8,3,TRENTIN,TUNISI,12-9
7.90,+3.1 2,D'APOLITO,RIETI,19-5
7.86,+3.4,3,CAMPUS Milko,69,RM002,G.S. FIAMME AZZURRE,SAMASSI,22-9
7.85,+6.0,4,RIMOLDI,SAMASSI,22-9
7.81,+3.3,2,BALDI Andrea,70,RI224,C.S. FORESTALE,ROMA,2-6
7.81,+5.0,6,DONATO Fabrizio,76,RM056,G.A. FIAMME GIALLE,SAMASSI,22-9
7.78,+3.5,3,CAMPUS,ROMA,2-6
7.73,+3.4,1,BOSCHIERO Diego,76,RM056,G.A. FIAMME GIALLE,ROMA,21-6
7.68,+4.5,8,BALDI,SAMASSI,22-9
7.66,+2.8,1,RIMOLDI,MODENA,2-6
7.60,+2.7,1,CEGLIE Luca,79,BA007,CUS BARI,MOLFETTA,13-10
7.56,+3.7,2,GOBBI Francesco,81,RM053,CS INTERFORZE AERON.,ROMA,21-6
7.38,+2.8,2,FRINOLLI PUZZILLI Bruno,68,CA002,S G AMSICORA,BRESSANONE,15-6
7.34,+3.0,3,ZEPPO Simone,77,RM056,G.A. FIAMME GIALLE,ROMA,21-6
7.30,+4.1,3,MARRAFFA Massimo,81,RM056,G.A. FIAMME GIALLE,RIETI,19-5
(10),7.28,+2.9,4 PM,ASTA Luciano,69,BO011,C.S. CARABINIERI,ARLES,9-6
7.28,+2.4,3,FERRARA Domenico,79,MT023,POL. ROCCO SCOTELLARO MT,MOLFETTA,13-10
7.23,+9.8,1,GIRAU Simone,77,CA001,C.U.S. CAGLIARI,SELARGIUS,7-7
17.34,+1.2,1,CAMOSSI Paolo,74,RM002,G.S. FIAMME AZZURRE,BRESSANONE,17-6
17.17,+0.5,1,CAMOSSI,BIELLA,22-9
17.11,+0.2,1,CAMOSSI,CATANIA,8-7
17.05,+1.8,1,DONATO Fabrizio,76,RM056,G.A. FIAMME GIALLE,TUNISI,11-9
16.97,0.0,3,CAMOSSI,BREMA,24-6
16.92,+1.0,1,CAMOSSI,NOVA GORICA,12-5
16.89,-0.2,4 q,CAMOSSI,EDMONTON,4-8
16.87,+1.1,1,DONATO,BARLETTA,6-9
16.82,+1.4,2,CAMOSSI,BARLETTA,6-9
16.79,-0.3,3,DONATO,MILANO,6-6
16.73,+1.6,2,DONATO,BRESSANONE,17-6
16.69,+0.9,-,CAMOSSI,MILANO,6-6
16.57,+0.6,3,CAMOSSI,GATESHEAD,19-8
16.50,+0.2,3,CAMOSSI,LAHTI,26-8
16.49,+1.2,2,MORELLO Salvatore,74,PA001,C.U.S. PALERMO,CATANIA,8-7
16.49,+0.8,6,CAMOSSI,LONDRA,22-7
16.49,0.0,4,DONATO,ROVERETO,29-8
16.48,-0.1,5,CAMOSSI,ROVERETO,29-8
16.38,-0.2,-,CAMOSSI,PADOVA,1-9
16.34,-0.2,1,DONATO,AVEZZANO,19-8
16.32,-0.5,1,SARDANO Emanuele,79,BO011,C.S. CARABINIERI,MILANO,30-6
16.18,-1.7,11 FI,CAMOSSI,EDMONTON,6-8
16.16,+1.1,1,HOWE Andrew,85,RI223,ATL. STUD. CA.RI.RI,ASCOLI PICENO,27-7
16.10,+1.4,3,SARDANO,CATANIA,8-7
16.08,+1.3,1,RIGO Luciano,73,PD131,GS FIAMME ORO,CONEGLIANO V.,20-5
16.07,+0.2,1,SARDANO,NERETO,25-7
16.00,+1.0,4,BUTTIGLIONE Daniele,66,RM002,G.S. FIAMME AZZURRE,CATANIA,8-7
15.99,-0.2,1,FERRARA Daniele,80,TO001,CUS TORINO,CAGLIARI,12-5
15.95,+0.1,2,SARDANO,AVEZZANO,19-8
15.94,-1.1,2,SARDANO,CAGLIARI,12-5
15.93,+0.2,8,SARDANO,MILANO,6-6
15.89,+0.8,5,SCHEMBRI Fabrizio,81,BO011,C.S. CARABINIERI,CATANIA,8-7
15.88,0.0,3,RIGO,BRESSANONE,17-6
15.84,+0.6,3,SARDANO,BARLETTA,6-9
TRIPLO - triple jump,"PI  17.60  Donato Fabrizio   Milano, 07 06 2000",,15.80,0.0,1,PAGLIANO Danilo,75,NA062,CENTRO ESTER ATL. LEGG.,NAPOLI,10-6
(10),15.76,+1.1,5,MATARAZZO Andrea,69,RM056,G.A. FIAMME GIALLE,MADRID,26-5
15.74,+0.8,4,MONOPOLI Natale,67,BO011,C.S. CARABINIERI,AVEZZANO,19-8
15.70,+1.7,1,LAMENTI Diego,72,PD131,GS FIAMME ORO,ROVIGO,24-6
15.63,+0.3,8,ALBORE' Francesco,77,BN026,LIB. POL. AMAT. ATL. BN,CATANIA,8-7
15.56,+1.9,4,GOBBI Francesco,81,RM053,CS INTERFORZE AERON.,ROMA,3-6
15.50,-0.5,3,LASCIALFARI Giulio,81,RM053,CS INTERFORZE AERON.,MILANO,30-6
15.48,+1.8,1,MELLINO Giuseppe,80,FI018,TOSCANA ATLETICA GENSAN,GROSSETO,22-6
15.48,+1.7,1,ARCIELLO Antonio,82,NA069,ASS. POL. PARTENOPE,MILANO,29-6
15.43,-0.1,1,MANGANI Leandro,74,FI002,ATL. ASICS FIRENZE MARATHON,LUCCA,20-5
15.43,0.0,3,FRINOLLI PUZZILLI Bruno,68,CA002,S G AMSICORA,BRESSANONE,16-6
(20),15.33,+0.4,3,BONI Michele,81,VR784,"I.C. ""M. BENTEGODI""",ROVERETO,6-5
15.32,-0.2,1,CANINO Marco,75,MI064,S.S. METANOPOLI,SARONNO,20-5
15.20,+0.0,4,SARCUNO Enrico,74,VA123,ATL. VARESE,CAGLIARI,12-5
15.20,+1.7,4,ZEPPO Simone,77,RM056,G.A. FIAMME GIALLE,BARLETTA,6-9
15.17,0.0,3,CEGLIE Luca,79,BA007,CUS BARI,SULMONA,29-9
15.09,+1.6,2,DI BIASE Sandro,77,BA005,AMATORI ATL. ACQUAVIVA,MOLFETTA,24-6
15.06,+0.4,2,FORMICHETTI Emanuele,83,RI223,ATL. STUD. CA.RI.RI,MILANO,29-6
15.01,+1.0,3,BORCHI Leonardo,76,LI036,PIXAR ATLETICA LIVORNO,GROSSETO,22-6
14.96,+1.9,1,CORVI Luca,76,MI080,ATL. RICCARDI MILANO,MILANO,23-6
14.93,+1.5,4,PARRINO Salvatore,78,PA358,POL. A.P.B. BAGHERIA,BRESSANONE,16-6
(30),senza riscontro anemometrico - no wind gauge,16.01,1,MORELLO,PALERMO,9-6
15.96,1,MORELLO,PALERMO,3-6
15.95,1,MORELLO,CATANIA,20-5
15.80,1,MORELLO,CATANIA,14-7
15.50,1,CANINO Marco,75,MI064,S.S. METANOPOLI,MILANO,3-6
15.30,3,SARCUNO Enrico,74,VA123,ATL. VARESE,MILANO,3-6
15.22,4,FOTI Domenico,71,MI080,ATL. RICCARDI MILANO,MILANO,3-6
15.15,1,FORMICHETTI Emanuele,83,RI223,ATL. STUD. CA.RI.RI,RIETI,19-6
15.14,1,DI BIASE Sandro,77,BA005,AMATORI ATL. ACQUAVIVA,MOLFETTA,10-6
15.07,1,TOMADA Michele,74,UD030,"POL. STUD. UDINESE A. MALIG,",UDINE,28-4
15.03,3,BORCHI Leonardo,76,LI036,PIXAR ATLETICA LIVORNO,SESTO FIORENTINO,6-5
15.01,2,QUAZZA Claudio,76,VC002,UNIONE GIOVANE BIELLA,TORINO,20-5
14.93,1,RANALLI Massimo,75,MC004,ATL. AVIS MACERATA,PESCARA,3-5
con vento favorevole superiore ai 2 m/s - wind assisted,16.76,+2.2,4,CAMOSSI,MILANO,6-6
16.68,+2.7,1,CAMOSSI,PADOVA,1-9
16.17,+4.1,1,MATARAZZO Andrea,69,RM056,G.A. FIAMME GIALLE,ROMA,3-6
16.01,+4.8,1,FERRARA Daniele,80,TO001,CUS TORINO,TORINO,3-6
16.00,+5.5,2,BUTTIGLIONE Daniele,66,RM002,G.S. FIAMME AZZURRE,ROMA,3-6
15.92,+8.2,3,LASCIALFARI Giulio,81,RM053,CS INTERFORZE AERON.,ROMA,3-6
15.91,+2.4,1,MONOPOLI Natale,67,BO011,C.S. CARABINIERI,RAVENNA,20-5
15.84,+2.4,1,SARDANO,ROVERETO,6-5
15.82,+3.3,8 q,SARDANO,AMSTERDAM,12-7
15.79,+3.9,1,GOBBI Francesco,81,RM053,CS INTERFORZE AERON.,ROMA,20-6
15.66,+3.1,1,MELLINO Giuseppe,80,FI018,TOSCANA ATLETICA GENSAN,LIVORNO,3-6
15.51,+2.2,1,CEGLIE Luca,79,BA007,CUS BARI,MOLFETTA,3-6
15.48,+3.0,2,MANGANI Leandro,74,FI002,ATL. ASICS FIRENZE MARATHON,GROSSETO,22-6
15.30,+4.1,5,ZEPPO Simone,77,RM056,G.A. FIAMME GIALLE,ROMA,3-6
(10),15.21,+3.4,4,LEVANTINO Tommaso,81,RM053,CS INTERFORZE AERON.,ROMA,20-6
15.11,+3.8,2,DI BIASE Sandro,77,BA005,AMATORI ATL. ACQUAVIVA,ASCOLI PICENO,27-7
20.86,1,DAL SOGLIO Paolo,70,BO011,C.S. CARABINIERI,CUNEO,8-9
20.85,1,DAL SOGLIO,BRESCIA,9-9
20.69,1,DAL SOGLIO,BUSSOLENGO,31-8
20.67,1,DAL SOGLIO,PADOVA,26-8
20.60,1,DAL SOGLIO,PERGINE V.,20-7
20.60,2,DAL SOGLIO,TUNISI,13-9
20.49,1,DAL SOGLIO,VIAREGGIO,22-8
PESO - shot put,"PI  22.91  Andrei Alessandro   Viareggio, 12 08 1987",,20.25,4,DAL SOGLIO,REILINGEN,19-8
20.23,1,DAL SOGLIO,BIELLA,22-9
20.09,1,DAL SOGLIO,CATANIA,7-7
20.02,1,DAL SOGLIO,BRESSANONE,17-6
20.02,3,DAL SOGLIO,BREMA,23-6
20.01,1,DAL SOGLIO,IMPERIA,27-6
19.97,1,DAL SOGLIO,MODENA,3-6
19.96,2,DAL SOGLIO,NIZZA,18-3
19.88,5,DAL SOGLIO,OSTRAVA,31-5
19.87,1,DAL SOGLIO,FORLI',6-10
19.80,9 q,DAL SOGLIO,EDMONTON,4-8
19.73,1,DAL SOGLIO,COPPARO,16-5
19.68,1,DAL SOGLIO,ROVERETO,6-5
19.52,1,DAL SOGLIO,BEIRUT,1-7
19.51,2,DODONI Marco,72,RI224,C.S. FORESTALE,BIELLA,22-9
19.48,1,DODONI,AVEZZANO,19-8
19.47,3,MOTTIN Sergio,76,RM002,G.S. FIAMME AZZURRE,BIELLA,22-9
19.46,1,DAL SOGLIO,RIESE,23-9
19.32,2,MOTTIN,CUNEO,8-9
19.24,2,CAPPONI Paolo,76,PD131,GS FIAMME ORO,PERGINE V.,20-7
19.17,2,MOTTIN,BRESSANONE,17-6
19.07,3,DODONI,PERGINE V.,20-7
19.06,2,MOTTIN,AVEZZANO,19-8
19.05,4,MOTTIN,PERGINE V.,20-7
19.04,1,CAPPONI Pa,ASCOLI PICENO,27-7
18.97,3,CAPPONI Pa,BRESSANONE,17-6
18.95,2,CAPPONI Pa,CATANIA,7-7
18.94,4,ANDREI Alessandro,59,MI064,S.S. METANOPOLI,BRESSANONE,17-6
18.92,1,FANTINI Corrado,67,RM056,G.A. FIAMME GIALLE,BRESCIA,10-5
18.90,5,FANTINI,PERGINE V.,20-7
18.89,2,FANTINI,ASCOLI PICENO,27-7
18.84,3,FANTINI,AVEZZANO,19-8
18.78,2,MOTTIN,IMPERIA,27-6
18.75,1,MOTTIN,TRENTO,2-9
18.75,8,CAPPONI Pa,PECHINO,30-8
18.72,1,MOTTIN,NEMBRO,10-7
18.71,2,FANTINI,NEMBRO,10-7
18.71,1,FANTINI,SAVONA,14-7
18.70,4,FANTINI,CATANIA,7-7
18.69,1,FANTINI,FERRARA,3-7
18.65,1,ANDREI,MILANO,3-6
18.63,3,TUBINI Giovanni,64,MI080,ATL. RICCARDI MILANO,NEMBRO,10-7
18.63,4,DODONI,TUNISI,13-9
18.62,3,FANTINI,PADOVA,26-8
18.61,4,DODONI,CATANIA,7-7
18.61,4,DODONI,NEMBRO,10-7
18.60,1,DODONI,MODENA,19-9
18.59,5,DODONI,BRESSANONE,17-6
18.57,1,DODONI,MODENA,19-6
18.57,1,CAPPONI Pa,CONEGLIANO V.,22-6
18.57,1,CAPPONI Pa,NERETO,25-7
18.56,1,DODONI,CASTELNOVO M.TI,17-7
18.54,1,DODONI,ALESSANDRIA,27-5
18.54,4,MOTTIN,PADOVA,26-8
18.52,2,DODONI,COPPARO,16-5
18.52,1,MOTTIN,ROMA,3-6
18.52,2,CAPPONI Pa,CASTELNOVO M.TI,17-7
18.51,2,MOTTIN,RIESE,23-9
18.48,3,VENTURI Giorgio,66,RM002,G.S. FIAMME AZZURRE,IMPERIA,27-6
18.47,1,DODONI,BRESCIA,5-6
18.47,5,CAPPONI Pa,NEMBRO,10-7
18.47,2,DODONI,VIAREGGIO,22-8
18.45,3,FANTINI,COPPARO,16-5
18.45,5,FANTINI,MADRID,27-5
18.45,6,FANTINI,BRESSANONE,17-6
18.44,3,DODONI,RIESE,23-9
18.43,2,FANTINI,CONEGLIANO V.,22-6
18.40,1,FANTINI,MODENA,25-4
18.39,1,ZERBINI Luciano,60,PD131,GS FIAMME ORO,BRESCIA,12-5
18.39,3,DODONI,CONEGLIANO V.,22-6
18.39,1,TUBINI,MILANO,23-6
18.39,1,DODONI,BIELLA,23-9
18.36,2,FANTINI,BRESCIA,12-5
18.36,2,FANTINI,TRENTO,2-9
,18.36,2,FANTINI,TRENTO,5-6
18.34,4,CAPPONI Pa,AVEZZANO,19-8
18.32,3,MOTTIN,VIAREGGIO,22-8
18.30,2,MOTTIN,ALESSANDRIA,27-5
18.30,5,CAPPONI Pa,BIELLA,22-9
18.29,3,VENTURI,BRESCIA,12-5
18.29,3,FANTINI,CASTELNOVO M.TI,17-7
18.29,5,DODONI,PADOVA,26-8
18.28,5,TUBINI,CATANIA,7-7
18.28,3,FANTINI,CUNEO,8-9
18.27,4,CAPPONI Pa,IMPERIA,27-6
18.25,2,DODONI,SAVONA,14-7
18.25,2,FANTINI,BUSSOLENGO,1-9
18.25,2,CAPPONI Pa,BIELLA,23-9
18.24,1,DODONI,RIETI,20-5
18.24,2,FANTINI,NERETO,25-7
18.23,4,MOTTIN,CONEGLIANO V.,22-6
18.23,3,VENTURI,SAVONA,14-7
18.22,3,CAPPONI Pa,ALESSANDRIA,27-5
18.16,4,TUBINI,SAVONA,14-7
18.15,6,ZERBINI,CATANIA,7-7
18.15,6 Q-6,CAPPONI Pa,PECHINO,29-8
18.14,1,ZERBINI,BOLZANO,4-6
18.12,6,TUBINI,PERGINE V.,20-7
18.10,6,VENTURI,NEMBRO,10-7
18.10,7,VENTURI,PERGINE V.,20-7
18.07,3,MOTTIN,BUSSOLENGO,1-9
18.06,6,FANTINI,BIELLA,22-9
18.05,3,VENTURI,BRESCIA,5-6
18.05,7,VENTURI,CATANIA,7-7
18.03,2,TUBINI,FERRARA,3-7
18.02,4,CAPPONI Pa,VIAREGGIO,22-8
18.01,14,DODONI,NIZZA,18-3
18.01,2,VENTURI,RIETI,20-5
18.00,5,VENTURI,CONEGLIANO V.,22-6
18.00,5,FANTINI,IMPERIA,27-6
18.00,3,FANTINI,BIELLA,23-9
17.98,7,ANDREI,BIELLA,22-9
17.95,1,CAPPONI Pa,CONEGLIANO V.,20-5
17.95,4,MOTTIN,BRESCIA,5-6
17.89,2,TUBINI,MILANO,3-6
17.88,1,MOTTIN,SCANDIANO,25-9
17.87,1,CAPPONI Pa,GIULIANOVA,21-7
17.87,2,FANTINI,BRESCIA,9-9
17.86,5,FANTINI,VIAREGGIO,22-8
17.84,8,MOTTIN,CATANIA,7-7
17.84,4,VENTURI,CUNEO,8-9
17.83,3,MOTTIN,BRESCIA,9-9
17.82,2,ZERBINI,CONEGLIANO V.,20-5
17.81,2,TUBINI,MILANO,3-6
17.77,3,ZERBINI,FERRARA,3-7
17.76,1,ZERBINI,TRENTO,21-4
17.75,7,TUBINI,BRESSANONE,17-6
17.68,4,VENTURI,ALESSANDRIA,27-5
17.65,4,ZERBINI,COPPARO,16-5
17.63,1,CAPPONI Pa,FORMIA,23-6
17.63,7,ZERBINI,NEMBRO,10-7
17.62,1,ANDREI,SULMONA,29-9
17.60,9,LA PLACA Antonino,68,PA354,POL. A.P.B. BAGHERIA,CATANIA,7-7
(10),17.45,1,SGRAZZUTTI Matteo,79,RM056,G.A. FIAMME GIALLE,MATERA,22-9
17.15,1,TIOZZO Daniele,73,RM056,G.A. FIAMME GIALLE,CREMONA,28-4
17.05,2,BALDAN Andrea,69,PD140,ASSINDUSTRIA SPORT PD,BRESSANONE,16-6
16.93,1,GABRIELLI Vittorio,77,TN109,U.S. QUERCIA MARSILLI,ROVERETO,3-6
16.71,4,CAPPONI Primo,69,AP002,ATL. SANGIORGESE TECNOLIFT RR SULMONA,29-9
16.70,1,LOMATER Stefano,74,PD131,GS FIAMME ORO,LOCARNO,29-9
16.33,1,SACCHETTI Simone,75,RM053,C.S. INTERFORZE AERON.,RIETI,16-9
16.28,1,PUCCIONI David,74,LU100,ATL. VIRTUS C.R. LUCCA,LUCCA,20-5
16.13,2,CIBOLINI Matteo,73,CR041,CREMONA SPORTIVA ATL. ARVEDI,BRESCIA,10-5
16.11,3,ESPOSITO Vincenzo,66,CT075,LIB. S. CLUB CATANIA,BRESSANONE,16-6
(20),15.93,1,LINGUA Marco,78,RM056,G.A. FIAMME GIALLE,PINEROLO,21-6
15.90,1,TOGNON Livio Tito,75,TV361,GS IL BECHER ATL. S.GIACOMO,PADOVA,1-5
,15.82,4,ZARPELLON Daniel,74,PA001,C.U.S. PALERMO,BRESSANONE,16-6
15.71,6,CAVALLERI Fabrizio,75,RM053,C.S. INTERFORZE AERON.,ROMA,3-6
15.65,1,SCURTI Adamo,67,PE001,U.S. ATERNO PESCARA,PESCARA,28-8
15.60,1,KIRCHLER Hannes,78,BO011,C.S. CARABINIERI,BOLZANO,29-9
15.56,1,FANCELLI Marco,75,FI002,ATL. ASICS FIRENZE MARATHON,PISTOIA,13-7
15.45,1,VALENTI Gianluca,72,GO050,ATL. CASSA RISPARMIO GORIZIA,S. VITO AL TAGLIAMENTO,20-5
15.32,6,SIENI Dino,67,CA002,S G AMSICORA,BRESSANONE,16-6
15.29,1,BARONI Fernando,58,MT023,POL. SCOTELLARO MT,MATERA,20-5
(30),64.40,1,FORTUNA Diego,68,BO011,C.S. CARABINIERI,TUNISI,12-9
63.16,1,FORTUNA,BRESSANONE,16-6
62.89,1,FORTUNA,RAVENNA,19-5
62.48,1,FORTUNA,PERGINE V.,20-7
62.29,1,FORTUNA,PADOVA,20-6
62.28,4,FORTUNA,MILANO,6-6
61.72,1,FORTUNA,CATANIA,7-7
61.46,1,FORTUNA,BIELLA,22-9
61.18,1,FORTUNA,PADOVA,1-9
60.80,1§,FORTUNA,PISTOIA,13-7
60.77,4,FORTUNA,NIZZA,17-3
60.75,1,ANDREI Cristiano,73,RM056,G.A. FIAMME GIALLE,PIETRASANTA,4-3
60.73,1,ANDREI,PISTOIA,9-6
60.62,8,FORTUNA,HENGELO,4-6
60.59,1,FORTUNA,BEIRUT,2-7
60.40,1,FORTUNA,PISTOIA,13-7
60.37,1,FORTUNA,RONCADE,8-6
60.35,1,FORTUNA,SAVONA,14-7
59.94,2,FORTUNA,LIGNANO,21-7
59.81,5,FORTUNA,BREMA,24-6
59.74,2,ANDREI,PISTOIA,13-7
59.59,2,FORTUNA,TARVISIO,19-8
59.46,2,LOMATER Stefano,74,PD131,GS FIAMME ORO,BIELLA,22-9
59.10,1,FORTUNA,LA SPEZIA,26-5
58.98,1,FORTUNA,FORLI',6-10
58.85,8,ANDREI,NIZZA,17-3
58.68,1,ANDREI,MEZZANO DI PR,19-8
58.41,1,LOMATER,LOCARNO,29-9
58.36,1,LOMATER,CASTELFIDARDO,8-9
58.30,2,LOMATER,CATANIA,7-7
58.24,2,LOMATER,FORLI',6-10
57.77,2,ZERBINI Luciano,60,PD131,GS FIAMME ORO,PERGINE V.,20-7
57.65,3,LOMATER,PERGINE V.,20-7
57.57,2,ANDREI,BRESSANONE,16-6
57.57,2,ANDREI,PADOVA,20-6
57.55,5,ANDREI,MILANO,6-6
57.48,2,ANDREI,PADOVA,1-9
57.46,3,LOMATER,PISTOIA,13-7
57.42,1,LOMATER,TRENTO,2-9
57.38,1,ANDREI,RIETI,19-5
57.27,1,NICOLETTI Andrea,79,RM053,C.S. INTERFORZE AERON.,MILANO,1-7
57.21,2,SBROGIO' Simone,74,PD131,GS FIAMME ORO,PIETRASANTA,4-3
57.21,1,FORTUNA,SCANDIANO,25-9
57.06,4,ANDREI,MADRID,27-5
56.88,1,ZERBINI,CONEGLIANO V.,19-5
56.88,3,ANDREI,CATANIA,7-7
56.76,1,NICOLETTI,GROSSETO,28-6
56.76,7 Q-1,LOMATER,PECHINO,28-8
56.70,3,PONTON Cristian,72,UD015,NUOVA ATLETICA DAL FRIULI,LIGNANO,21-7
56.67,2,LOMATER,SAVONA,14-7
56.62,3,LOMATER,PIETRASANTA,4-3
56.59,1,NICOLETTI,BRESCIA,5-6
56.54,1,SBROGIO',MARCON,2-6
56.53,6,LOMATER,MILANO,6-6
56.48,1,ANDREI,ANCONA,15-7
56.37,2,LOMATER,ANCONA,15-7
56.33,1,LOMATER,FERRARA,20-6
56.27,3,ZERBINI,ANCONA,15-7
56.25,2,SBROGIO',CONEGLIANO V.,19-5
56.22,9,ANDREI,TUNISI,12-9
DISCO - discus throw,"PI  67.62  Martino Marco   Spoleto, 28 05 1989",,56.21,2,LOMATER,MEZZANO DI PR,19-8
56.15,1,LOMATER,SCHIO,4-2
56.15,1,LOMATER,SAVONA,30-6
55.92,1,BARBOLINI Fabio,72,RI224,C.S. FORESTALE,CORREGGIO,14-7
55.88,3,LOMATER,PADOVA,1-9
55.86,4,NICOLETTI,PERGINE V.,20-7
55.86,5,PONTON,TARVISIO,19-8
55.76,2,LOMATER,MARCON,2-6
55.69,2,SBROGIO',RONCADE,8-6
55.45,5,BARBOLINI,PERGINE V.,20-7
55.37,6,PANZARIN Alberto,66,RM002,G.S. FIAMME AZZURRE,PERGINE V.,20-7
55.31,3,PANZARIN,PADOVA,20-6
55.26,1,BARBOLINI,SCANDIANO,23-6
55.20,1,ZERBINI,VERONA,18-4
55.14,4,ZERBINI,CATANIA,7-7
55.13,7,PARACCIANI Riccardo,73,RI224,C.S. FORESTALE,PERGINE V.,20-7
(10),54.75,2,KIRCHLER Hannes,78,BO011,C.S. CARABINIERI,CASTELFIDARDO,8-9
54.55,1,GARLASSI Alessandro,74,RE105,G.S. PACE SELF ATLETICA,FAENZA,17-6
54.43,1,DONNINI Alessio,72,MI064,S.S. METANOPOLI,MILANO,11-2
54.20,1,CADORE Adriano,76,RM053,C.S. INTERFORZE AERON.,VITERBO,6-5
52.94,1,VALENTI Gianluca,72,GO050,ATL. CASSA RISPARMIO GORIZIA,BRESCIA,16-6
51.29,1,SGRAZZUTTI Matteo,79,RM056,G.A. FIAMME GIALLE,VALMONTONE,10-5
51.23,1,CRETONI Gianpaolo,60,CA002,S G AMSICORA,CAGLIARI,2-6
50.65,1,ZITELLI Marco,82,RM053,C.S. INTERFORZE AERON.,VITERBO,8-9
50.55,1,DI LIDDO Biagio,68,BA001,"POLISPORTIVA ""F. LANDOLFI""",MOLFETTA,8-4
50.33,1,LA PLACA Antonino,68,PA354,POL. A.P.B. BAGHERIA,PALERMO,1-2
(20),50.25,2,VENTURELLI Emanuele,76,MO052,A.S. LA FRATELLANZA 1874,BRESCIA,16-6
50.23,1,TEPEDINO Michele,78,RM046,ACSI CAMPIDOGLIO PALATI NO,RIETI,12-9
49.93,2,CASARSA Paolo,75,RI224,C.S. FORESTALE,SULMONA,30-9
49.55,1,LIORNI Danilo,82,RM053,C.S. INTERFORZE AERON.,S.GIULIANO TERME,8-9
49.50,1,VENTURI Giorgio,66,RM002,G.S. FIAMME AZZURRE,MILANO,5-5
49.26,2,LINGUA Marco,78,RM056,G.A. FIAMME GIALLE,MACERATA,6-10
49.12,3,ORSELLI Tiziano,62,RA094,A.S. ATLETICA 85 FAENZA,RAVENNA,19-5
48.76,2,OSSOLI Marco,82,BS318,ATL. CHIARI 1964 LIB.,TENERO,22-9
48.64,1,FANCELLI Marco,75,FI002,ATL. ASICS FIRENZE MARATHON,SESTO FIOR.,26-5
48.58,1,FAVILLI Rinaldo,82,GR065,S.ATL. MASSIMO PELLEGRINI,TIRRENIA,25-5
(30),48.58,1,MARESO Franco,65,BZ066,ATHLETIC CLUB 96,LAIVES,23-6
80.50,1,VIZZONI Nicola,73,RM056,G.A. FIAMME GIALLE,FORMIA,14-7
80.38,1,VIZZONI,MILANO,6-6
80.13,2,VIZZONI,BREMA,23-6
80.13,4,VIZZONI,EDMONTON,5-8
79.99,1,VIZZONI,MADRID,26-5
79.46,1,VIZZONI,TORINO,9-6
79.36,2,VIZZONI,ROMA,29-6
79.23,4,VIZZONI,BRISBANE,7-9
78.98,1,VIZZONI,VIAREGGIO,22-8
78.84,3,VIZZONI,REILINGEN,19-8
78.81,1,VIZZONI,CATANIA,8-7
78.66,5 q,VIZZONI,EDMONTON,4-8
78.49,2,VIZZONI,TUNISI,14-9
78.41,1,VIZZONI,PECHINO,28-8
78.16,1,VIZZONI,BRESSANONE,17-6
78.14,1,VIZZONI,PIETRASANTA,4-3
77.93,1,VIZZONI,BEIRUT,3-7
77.75,1,VIZZONI,LOCARNO,29-9
77.60,1,VIZZONI,CAGLIARI,11-5
76.42,1,CERRA Juan,76,MI064,S.S. METANOPOLI,TRIESTE,25-7
75.33,5,PAOLUZZI Loris,74,RM002,G.S. FIAMME AZZURRE,MILANO,6-6
74.90,2,CERRA,BRESSANONE,17-6
74.85,6,VIZZONI,NIZZA,18-3
74.77,1,CERRA,SAVONA,14-7
74.75,10 q,PAOLUZZI,EDMONTON,4-8
74.70,1,CERRA,GORIZIA,4-7
74.40,1,LINGUA Marco,78,RM056,G.A. FIAMME GIALLE,ROMA,3-6
MARTELLO - hammer throw,"PI  81.64  Sgrulletti Enrico   Roma, 09 03 1997",,74.32,3,PAOLUZZI,BRESSANONE,17-6
74.04,1,CERRA,MILANO,22-6
73.87,3,PAOLUZZI,VIAREGGIO,22-8
73.62,4,CERRA,VIAREGGIO,22-8
73.33,1,LINGUA,MACERATA,6-10
72.96,1,LINGUA,MATERA,22-9
72.83,2,CERRA,CATANIA,8-7
72.78,1 fg,LINGUA,PINEROLO,22-6
72.69,9,PAOLUZZI,NIZZA,4-3
72.56,1,LINGUA,LOCARNO,23-6
72.48,2,LINGUA,TRIESTE,25-7
72.39,1,LINGUA,ROMA,10-2
72.39,2,LINGUA,SAVONA,14-7
72.38,1,LINGUA,SAVONA,30-6
72.18,1,SANGUIN Giovanni,69,PD131,GS FIAMME ORO,CONEGLIANO V.,20-5
72.10,2,SGRULLETTI Enrico,65,RM056,G.A. FIAMME GIALLE,PIETRASANTA,4-3
72.01,3,LINGUA,PIETRASANTA,4-3
71.92,3,LINGUA,CATANIA,8-7
71.69,5,LINGUA,VIAREGGIO,22-8
71.39,4,PAOLUZZI,PIETRASANTA,4-3
71.24,1,LINGUA,RIETI,20-5
71.00,2,SANGUIN,GORIZIA,4-7
70.85,1,FELICE Marco,79,PD131,GS FIAMME ORO,FOGGIA,14-6
70.84,6,LINGUA,MILANO,6-6
70.70,15q,CERRA,EDMONTON,4-8
70.51,4,SANGUIN,BRESSANONE,17-6
70.35,5,LINGUA,TORINO,9-6
70.31,4,QUINTARELLI Marco,73,PD131,GS FIAMME ORO,CATANIA,8-7
69.96,1,QUINTARELLI,PADOVA,20-6
69.90,1,FELICE,MOLFETTA,17-6
69.81,1,LINGUA,LA SPEZIA,26-5
69.75,1,LINGUA,SULMONA,30-9
69.67,6,SANGUIN,VIAREGGIO,22-8
69.58,1,MARIONI Edi,76,BO011,C.S. CARABINIERI,GORIZIA,23-6
69.58,1,QUINTARELLI,MODENA,19-6
69.46,1,SANGUIN,PADOVA,18-2
69.44,1,QUINTARELLI,ROVIGO,24-6
69.31,7,SANGUIN,MILANO,6-6
69.22,1,NADALINI Gianni,66,BO011,C.S. CARABINIERI,FORLI',18-2
(10),68.52,1,BESCHI Alessandro,81,RM053,C.S. INTERFORZE AERON.,BRESCIA,10-5
67.18,1,MONDANARO Giovanni,77,RM053,C.S. INTERFORZE AERON.,ROMA,20-6
66.86,7,PATANI Pier Paolo,74,RM002,G.S. FIAMME AZZURRE,PIETRASANTA,4-3
65.97,1,DELLI CARRI Pellegrino,76,RM053,C.S. INTERFORZE AERON.,VITERBO,6-5
63.78,1,DESANTIS Francesco,68,RM002,G.S. FIAMME AZZURRE,VITERBO,8-9
63.34,10,DE SANTIS Bruno,74,RI224,C.S. FORESTALE,CATANIA,8-7
62.62,3,CARPENE Andrea,82,RI223,ATL. STUD. CA.RI.RI,SULMONA,30-9
62.38,1,FILIPPI Emilio,72,LU100,ATL. VIRTUS C.R. LUCCA,LUCCA,9-6
60.76,1,VOTONI Vito,82,CT073,POL. LIB. CATANIA,BRESSANONE,16-6
60.62,1,SCIALDONE Michele,73,BN026,LIB. POL. AMAT.ATL. BN,BENEVENTO,12-5
(20),60.61,1,ODORICO Paolo,79,SP045,C.S. MARINA MILITARE ATL.,FAENZA,12-9
60.53,1,TOMAINO Raffaele,62,CO013,S.G. COMENSE 1872,CLUSONE,17-6
60.32,1,MAGNAGUAGNO Luigi,66,TN101,ATL. TRENTO,LANA,20-5
59.90,1,FOGLIA Giovanni,80,PE001,U.S. ATERNO PESCARA,PESCARA,28-4
59.46,8,VITAGLIANO Luca,74,MI080,ATL. RICCARDI MILANO,BRESSANONE,17-6
59.40,1,RODRIGO Adriano,68,GE002,C.U.S. GENOVA,VILLANOVA D'ALB.,20-5
57.93,6,ALBERTINI Daniele,75,MI064,S.S. METANOPOLI,SULMONA,30-9
57.07,2,SIMONE Andrea,77,SP046,C.S. MARINA MILITARE ATL.,VILLANOVA D'ALB.,20-5
57.06,1,POVEGLIANO Lorenzo,84,UD030,POL. UDINESE A. MAL,GORIZIA,17-9
80.80,1,DESIDERIO Alberto,73,CT073,POL. LIB. CATANIA,CATANIA,19-5
79.13,1,DESIDERIO,BRESSANONE,15-6
78.01,1,DESIDERIO,CATANIA,8-7
77.80,1,DESIDERIO,CATANIA,3-5
76.42,1,DESIDERIO,PIETRASANTA,3-3
76.29,2,KERER Armin,72,RM056,G.A. FIAMME GIALLE,PIETRASANTA,3-3
75.84,1,KERER,BRESSANONE,16-6
75.59,8,DESIDERIO,ROMA,29-6
GIAVELLOTTO - javelin throw,"PI  84.60  Sonego Carlo   Osaka, 08 05 1999",,75.45,6,KERER,NIZZA,18-3
75.34,6,DESIDERIO,BREMA,24-6
75.17,1,PIGNATA Francesco,78,RM056,G.A. FIAMME GIALLE,REGGIO CALAB.,26-9
74.70,4,KERER,MADRID,26-5
74.60,3,DESIDERIO,ROVERETO,29-8
74.49,5,DESIDERIO,RIETI,2-9
74.21,2,KERER,CATANIA,8-7
74.20,1,DESIDERIO,SULMONA,29-9
73.88,8,DESIDERIO,NIZZA,9-7
73.86,9,DESIDERIO,NIZZA,18-3
73.78,1,KERER,NEMBRO,10-7
73.73,1,KERER,ROVERETO,6-5
73.46,6,DESIDERIO,TUNISI,14-9
73.43,2,VALT Paolo,72,BO011,C.S. CARABINIERI,BRESSANONE,16-6
73.34,1,PIGNATA,REGGIO CALAB.,9-9
73.17,1,PIGNATA,RIETI,19-5
72.85,1,PIGNATA,FOGGIA,23-6
72.63,3,PIGNATA,CATANIA,8-7
72.49,1,PIGNATA,REGGIO CALAB,14-7
72.49,1,KERER,BRUNICO,19-6
72.46,2,GIULIANELLI Gianluca,71,CT075,LIB. S. CLUB CATANIA,SULMONA,29-9
72.23,2,DESIDERIO,MALLES,14-7
72.19,1,PIGNATA,MESSINA,23-9
72.07,7,DESIDERIO,LINZ,20-8
71.75,3,PIGNATA,PIETRASANTA,3-3
71.75,1,GIULIANELLI,VITERBO,27-10
71.60,3,GUIDI Maurizio,77,PT115,ATL. C.R. PISTOIA E PESCIA,LOCARNO,29-9
71.54,1,TASCHLER Günter,66,BZ008,SSV BRUNIKO VOLKSBANK,CLUSONE,22-7
71.03,4,TASCHLER,CATANIA,8-7
70.92,1,GIULIANELLI,VITERBO,20-10
70.77,1,PIGNATA,REGGIO CALAB,15-9
70.52,5,MAZZA Gabriele,72,SM278,OLIMPUS SAN MARINO ATLETICA,NICOSIA,24-6
70.19,10,KERER,TUNISI,14-9
69.96,3,DE GASPARI Fabio,66,PD131,GS FIAMME ORO,BRESSANONE,16-6
69.92,5,GIULIANELLI,CATANIA,8-7
69.90,1,MAZZA,SAN MARINO,1-6
69.90,6,MAZZA,CATANIA,8-7
69.88,1,MAZZA,RAVENNA,19-5
69.77,1,DE GASPARI,MARCON,2-6
69.76,1,VALT,MODENA,2-6
69.72,2,TASCHLER,PORDENONE,11-9
69.59,2,TOMASELLI Davide,75,BO011,C.S. CARABINIERI,RAVENNA,19-5
(10),68.64,3,SOFFIATO Ivan,68,RM002,G.S. FIAMME AZZURRE,ROVERETO,6-5
68.52,2,BELLETTI Moreno,70,RM002,G.S. FIAMME AZZURRE,NEMBRO,10-7
68.33,1,MUSCI Pietro,75,PD131,GS FIAMME ORO,PADOVA,18-2
67.85,1,PAGANO Vincenzo,69,MI064,S.S. METANOPOLI,MILANO,2-6
67.73,1,DE JACO Daniele,73,GE002,C.U.S. GENOVA,SAVONA,14-7
67.55,1,GÖLLER Hubert,77,BZ011,S.V. LANA - RAIKA,TENERO,22-9
66.55,1,BAUDONE Alessandro,80,MO052,A.S. LA FRATELLANZA 1874,BRESCIA,16-6
65.93,2,NONINO Cristian,70,GO050,ATL. CASSA RISPARMIO GORIZIA,GORIZIA,6-5
65.65,1,MENZ Roland,78,BZ019,S.C. MERAN FORST - VB,MARCON,6-5
65.30,2,CRIVELLARO Daniel,82,RM053,C.S. INTERFORZE AERON.,MONTALTO D.C.,9-6
(20),65.20,1,BITETTI Andrea,82,CT073,POL. LIB. CATANIA,MILANO,29-6
65.03,3,VALENTI Gianluca,72,GO050,ATL. CASSA RISPARMIO GORIZIA,GORIZIA,4-7
64.52,1,TEMPORIN Alberto,72,PD142,C.U.S. PADOVA,TRIESTE,18-7
63.63,1,CATTANEO Marco,81,MI064,S.S. METANOPOLI,MILANO,11-2
63.02,MM,1,ALVAREZ HERNANDEZ Marti,59,AN002,ASS. ATL. FABRIANO,SAN MARINO,20-4
63.01,1,PERRELLA Gianluca,74,BN026,LIB. POL. AMAT. ATL. BN,BENEVENTO,7-4
62.97,1,PERESSON Tommaso,82,PN002,LIB. SANVITESE LENTI L.T.L.,GORIZIA,18-2
62.71,1,FAVI Claudio,82,AP002,ATL. SANGIORGESE TECNOLIFT,MACERATA,30-8
62.46,5,CASARSA Paolo,75,RI224,C.S. FORESTALE,RIETI,19-5
62.19,1,RICCO Marco,81,SA127,CLUB S. UNIVER ATL. AURORA,LAURIA,15-7
(30),39:34.59,1,BRUGNETTI Ivano,76,RM056,G.A. FIAMME GIALLE,BRESSANONE,15-6
39:37.79,1,DIDONI Michele,74,BO011,C.S. CARABINIERI,MODENA,2-6
MARCIA 10.000 METRI - 10.000 metres walk,"PI  38:38.0m  Arena Walter   Catania, 13 04 1990",,39:56.18,2,CIVALLERO Lorenzo,75,BO011,C.S. CARABINIERI,BRESSANONE,15-6
40:04.97,1,BRUGNETTI,ROMA,2-6
40:22.70,3,PERRICELLI Giovanni,67,RM002,G.S. FIAMME AZZURRE,BRESSANONE,16-6
40:37.57,1,GANDELLINI Alessandro,73,PD131,GS FIAMME ORO,MARCON,2-6
41:00.14,2,LANG Enrico,72,RI224,C.S. FORESTALE,ROMA,2-6
41:12.05,2,SABINO Pasquale,79,BO011,C.S. CARABINIERI,MODENA,2-6
41:14.5,-,GANDELLINI,CASTELNOVO M.TI,21-7
41:14.7,-,BRUGNETTI,CASTELNOVO M.TI,21-7
41:17.48,1,DIDONI,CATANIA,7-7
41:28.18,2,LANG,CATANIA,7-7
41:29.2,1,MUCCI Vittorino,74,CB005,G.S. VIRTUS CAMPOBASSO,BENEVENTO,2-6
41:42.23,3,MANFREDINI Andrea,78,RM056,G.A. FIAMME GIALLE,CATANIA,7-7
41:42.77,1,ZAPPALA' Alessio,79,BO011,C.S. CARABINIERI,RAVENNA,19-5
(10),41:43.03,3,CAFAGNA Diego,75,BO011,C.S. CARABINIERI,MODENA,2-6
42:02.57,4,DE SANTIS Tiziano,81,BO011,C.S. CARABINIERI,MODENA,2-6
42:15.78,5,GALDENZI Francesco,76,PD131,GS FIAMME ORO,BRESSANONE,15-6
42:23.67,3,TROMBETTI Gian Luca,77,BO007,S.E.F. VIRTUS EMILSIDER,RAVENNA,19-5
42:28.3,2,ENNEMOSER Patrick,81,RM056,G.A. FIAMME GIALLE,RIETI,19-5
42:33.0,1,MAGLIULO Vincenzo,76,CE033,ARCA ATL. AVERSA AGRO,VILLA LITERNO,14-7
42:46.48,1,BIANCHI Paolo,70,RM056,G.A. FIAMME GIALLE,ROMA,20-6
42:47.7,1,PRIVITERA Dario,79,RM053,CS INTERFORZE AERON.,CATANIA,1-9
43:02.0,1,MERCALDO Andrea,76,PD140,GS FIAMME ORO,ROVIGO,23-6
43:27.14,2,DE LUCA Marco,81,TO001,CUS TORINO,MILANO,1-7
(20),43:31.22,5,DE CEGLIA Domenico,78,BO011,C.S. CARABINIERI,RAVENNA,19-5
43:38.2,4,ERRICHIELLO Domenico,73,RM002,G.S. FIAMME AZZURRE,RIETI,19-5
43:49.18,1,MEDAGLI Ivano,81,CT073,POL. LIB. CATANIA,BRESSANONE,16-6
43:50.7,2,PALUMBO Gian Piero,81,BN026,LIB. POL. AMAT. ATL. BN,BENEVENTO,2-6
1h21:42,5,GANDELLINI Alessandro,73,PD131,GS FIAMME ORO,CALELLA,22-4
1h22:10,12,CIVALLERO Lorenzo,75,BO011,C.S. CARABINIERI,DUDINCE,19-5
1h22:20,3,GIUNGI Marco,74,RM056,G.A. FIAMME GIALLE,TURKU,3-6
1h22:22,1,GIUNGI,RICCIONE,22-4
1h23:19,2,CIVALLERO,RICCIONE,22-4
1h23:24,4,CORSARO Alfio Alfredo,79,RM056,G.A. FIAMME GIALLE,AMSTERDAM,15-7
1h24:05,12,GANDELLINI,EDMONTON,4-8
1h24:08,3,MUCCI Vittorino,74,CB005,G.S. VIRTUS CB,RICCIONE,22-4
1h24:12,-,GIUNGI,SESTO S.GIOV.,1-5
1h24:20,4,CORSARO,RICCIONE,22-4
1h24:38,5,BRUGNETTI Ivano,76,RM056,G.A. FIAMME GIALLE,RICCIONE,22-4
1h24:42,1,CIVALLERO,PECHINO,29-8
1h24:50,21,MUCCI,DUDINCE,19-5
1h24:58,22,CORSARO,DUDINCE,19-5
1h25:06,6,ENNEMOSER Patrick,81,RM056,G.A. FIAMME GIALLE,RICCIONE,22-4
1h25:14,7,DIDONI Michele,74,BO011,C.S. CARABINIERI,RICCIONE,22-4
1h25:28,16,CIVALLERO,EDMONTON,4-8
1h25:49,11,ENNEMOSER,AMSTERDAM,15-7
1h25:52,8,CATANIA Sebastiano,75,RM056,G.A. FIAMME GIALLE,RICCIONE,22-4
1h26:18,1,DE BENEDICTIS Giovanni,68,BO011,C.S. CARABINIERI,VITTORIO V.TO,24-6
(10),1h26:29,9,LANG Enrico,72,RI224,C.S. FORESTALE,RICCIONE,22-4
1h26:35,10,CAFAGNA Diego,75,BO011,C.S. CARABINIERI,RICCIONE,22-4
1h27:42,11,ZAPPALA' Alessio,79,BO011,C.S. CARABINIERI,RICCIONE,22-4
1h27:55,5,PERRICELLI Giovanni,67,RM002,G.S. FIAMME AZZURRE,HILDESHEIM,29-8
1h28:09,12,SABINO Pasquale,79,BO011,C.S. CARABINIERI,RICCIONE,22-4
1h28.40,13,TROMBETTI Gian Luca,77,BO007,S.E.F. VIRTUS EMILSIDER,RICCIONE,22-4
1h29:12,14,DE SANTIS Tiziano,81,BO011,C.S. CARABINIERI,RICCIONE,22-4
1h29:23,7,MISTRETTA Alessandro,71,RI224,C.S. FORESTALE,VITTORIO V.TO,24-6
1h29:32,15,PRIVITERA Dario,79,RM053,CS INTERFORZE AERON.,RICCIONE,22-4
1h29:40,16,DE LUCA Marco,81,TO001,CUS TORINO,RICCIONE,22-4
(20),1h31:15,17,DE CEGLIA Domenico,78,BO011,C.S. CARABINIERI,RICCIONE,22-4
1h32:55,11,MANFREDINI Andrea,78,RM056,G.A. FIAMME GIALLE,VITTORIO V.TO,24-6
1h33:24,18,MONTANARI Fabrizio,79,RM056,G.A. FIAMME GIALLE,RICCIONE,22-4
1h33:40,19,PALUMBO Gian Piero,81,BN026,LIB. POL. AMAT. ATL. BN,RICCIONE,22-4
MARCIA 20 KM STRADA - 20 kilometres walk,"PI  1h18:54  Damilano Maurizio   La Coruna, 06 06 1992",,1h33:44,20,DEFENDENTI Roberto,68,BG004,U.S. SCANZOROSCIATE,RICCIONE,22-4
1h34:37,14,BIANCHI Paolo,70,RM056,G.A. FIAMME GIALLE,VITTORIO V.TO,24-6
1h35:51,21,RONCHI Mauro,67,BG004,U.S. SCANZOROSCIATE,RICCIONE,22-4
1h35:55,22,ARAGONA Pasquale,80,TO015,ATL. CANAVESANA,RICCIONE,22-4
1h36:54,23,LOPETUSO Antonio,58,BA007,CUS BARI,RICCIONE,22-4
1h38:50,1 JUN,GASSEBNER Paul,82,BZ019,S.C. MERAN FORST-VB,VITTORIO V.TO,24-6
(30),3h51:09,8,GIUNGI Marco,74,RM056,G.A. FIAMME GIALLE,EDMONTON,11-8
3h53:01,13,GALDENZI Francesco,76,PD131,GS FIAMME ORO,DUDINCE,19-5
3h54:12,15,DE BENEDICTIS Giovanni,68,BO011,C.S. CARABINIERI,DUDINCE,19-5
3h54:16,1,GIUNGI,TERMOLI,18-3
3h54:42,13,GALDENZI,EDMONTON,11-8
3h58:24,20,MISTRETTA Alessandro,71,RI224,C.S. FORESTALE,DUDINCE,19-5
4h01:54,2,DE BENEDICTIS,TERMOLI,18-3
4h03:21,3,GALDENZI,TERMOLI,18-3
4h06:15,4,CAFAGNA Diego,75,BO011,C.S. CARABINIERI,TERMOLI,18-3
4h07:56,5,MISTRETTA,TERMOLI,18-3
4h08:35,6,BRUGNETTI Ivano,76,RM056,G.A. FIAMME GIALLE,TERMOLI,18-3
4h11:21,7,PASSONE Massimo,71,RM056,G.A. FIAMME GIALLE,TERMOLI,18-3
4h17:48,8,MERCALDO Andrea,76,PD140,GS FIAMME ORO,TERMOLI,18-3
4h18:02,9,CATANIA Sebastiano,75,RM056,G.A. FIAMME GIALLE,TERMOLI,18-3
4h19:23,10,DE CEGLIA Domenico,78,BO011,C.S. CARABINIERI,TERMOLI,18-3
(10),4h19:49,11,BIANCHI Paolo,70,RM056,G.A. FIAMME GIALLE,TERMOLI,18-3
4h22:55,12,MANFREDINI Andrea,78,RM056,G.A. FIAMME GIALLE,TERMOLI,18-3
4h25:01,13,DE SANTIS Tiziano,81,BO011,C.S. CARABINIERI,TERMOLI,18-3
4h33:43,14,PIREDDA Marco,81,SP046,C.S. MARINA MILITARE ATL.,TERMOLI,18-3
4h38:56,15,MONTANARI Fabrizio,79,RM056,G.A. FIAMME GIALLE,TERMOLI,18-3
4h46:14,16,SCAFURO Francesco,77,SP046,C.S. MARINA MILITARE ATL.,TERMOLI,18-3
4h50:08,9,DEFENDENTI Roberto,68,BG004,U.S. SCANZOROSCIATE,SCANZOROSCIATE,28-10
4h50:09,10,CERVI Roberto,52,BG004,U.S. SCANZOROSCIATE,SCANZOROSCIATE,28-10
4h59:19,15,RONCHI Mauro,66,BG004,U.S. SCANZOROSCIATE,SCANZOROSCIATE,28-10
5h00:44,16,VENTURI Franco,57,BG004,U.S. SCANZAROSCIATE,SCANZOROSCIATE,28-10
(20),5h01:29,17,DE AMICI Diego,81,MI212,N.ATL. D.D.S.,SCANZOROSCIATE,28-10
5h01:31,17,TAMBURINI Pierino,54,BO014,ATL. IMOLA SACMI AVIS,TERMOLI,18-3
5h06:26,18,MARCADINI Salvatore,81,CT262,C.A. S. PIETRO CLARENZA,TERMOLI,18-3
5h10:26,19,CORTINOVIS Renato,59,BG004,U.S. SCANZAROSCIATE,TERMOLI,18-3
5h46:39,22,VISCARDI Maurizio,47,CO208,A. ATL. LECCO COLOMBO C.,SCANZOROSCIATE,28-10
5h55:04,23,PERNICIARO Ettore,43,MO112,POD. PAGLIANI CARPI,SCANZOROSCIATE,28-10
1h01:30,3,BALDINI Stefano,71,RE106,CALCESTRUZZI CORRADINI EXCEL. TORINO,11-3
1h02:19,15,ERREBBAH Mostafa,71,VB014,COVER SPORTIVA A.V.O,BRISTOL,7-10
1h02:24,1,BATTOCLETTI Giuliano,75,VB014,COVER SPORTIVA A.V.O,ROMA,25-2
1h02:25,3,BATTOCLETTI,MILANO,31-3
1h02:27,2,ANDRIANI Ottaviano,74,PD131,GS FIAMME ORO,ROMA,25-2
1h02:32,3,INGARGIOLA Francesco,73,RM056,G.A. FIAMME GIALLE,ROMA,25-2
1h02:32,1,CAIMMI Daniele,72,RM056,G.A. FIAMME GIALLE,RAVENNA,4-3
1h02:38,4,GOFFI Danilo,72,BO011,C.S. CARABINIERI,MILANO,31-3
1h02:40,4,BARBI Roberto,65,VB014,COVER SPORTIVA A.V.O,ROMA,25-2
1h02:44,3,LEONE Giacomo,71,PD131,GS FIAMME ORO,FERRARA,18-2
1h02:45,7,BARBI,MILANO,31-3
1h03:03,1,BALDINI,AREZZO,16-9
1h03:06,4,CAROSI Angelo,64,RI224,C.S. FORESTALE,FERRARA,18-2
(10),1h03:17,4,RINALDI Fabio,73,VB014,COVER SPORTIVA A.V.O,TORINO,11-3
1h03:20,5,PETREI Antonello,72,PE032,FARNESE VINI ELLESSE RCA,ROMA,25-2
1h03:24,2,DI CECCO Alberico,74,BO011,C.S. CARABINIERI,RAVENNA,4-3
1h03:35,3,BOURIFA Migidio,69,BG223,ATL. VALLE BREMBANA,AREZZO,16-9
1h03:54,5,D'AMBROSIO Domenico,75,BO011,C.S. CARABINIERI,AREZZO,16-9
1h03:55,2,MODICA Vincenzo,71,PD131,GS FIAMME ORO,PALERMO,5-11-00
MEZZA MARATONA - half marathon,"PI  1h00:50  Baldini Stefano   Malmoe, 12 06 2000",MARCIA 50 KM STRADA  - 50 kilometres walk,"PI  3h43:55  Perricelli Giovanni   Helsinki, 13 08 1994",,1h03:56,7,MAZZA Marco,77,RM056,G.A. FIAMME GIALLE,SETUBAL,6-5
1h04:03,-,CHIESA Sergio,72,BG223,ATL. VALLE BREMBANA,MILANO,2-12
1h04:09,8,PUSTERLA Umberto,67,BO011,C.S. CARABINIERI,AREZZO,16-9
1h04:14,9,GUALDI Giovanni,79,BG135,G. ALPINISTICO VERTOVESE,AREZZO,16-9
(20),1h04:21,6,RUGGIERO Giovanni,74,RI224,G.S. FORESTALE,ROMA,25-2
1h04:42,2,GUGLIELMO Nicola,74,NA371,G.P. SILMA CASALNUOVO,NAPOLI,18-3
1h04:44,11,LEONE Maurizio,73,BO011,C.S. CARABINIERI,AREZZO,16-9
1h04:48,5,BENNICI Francesco,71,BO011,C.S. CARABINIERI,PALERMO,5-11-00
1h04:53,12,LAZZARA Filippo,73,PA354,POL. A.P.B. BAGHERIA,MILANO,31-3
1h04:58,7,BETTIOL Salvatore,61,TV379,ATL. SERNAGLIA MOB. VILLANOVA,PALERMO,5-11-00
1h05:12,3,RINALDI Alessio,75,BS199,ATL. VALLECAMONICA,GARGNANO,30-9
1h05:18,4,LEONARDI Massimo,73,TN101,ATL. TRENTO,GARGNANO,30-9
1h05:19,14,CALANDRO Roberto,73,UD005,POL. NUOVA AURORA IL MALTESE,MILANO,31-3
1h05:20,16§,CALVARESI Graziano,66,BL015,TUVIA ATL. INTERLOZZO,UDINE,30-9
(30),2h07:52,2,LEONE Giacomo,71,PD131,GS FIAMME ORO,OTSU,4-3
2h08:50,2,BALDINI Stefano,71,RE106,CALCESTRUZZI CORRADINI EXCEL. TORINO,1-4
2h09:07,3,ANDRIANI Ottaviano,74,PD131,GS FIAMME ORO,MILANO,2-12
2h09:53,1,RUGGIERO Giovanni,74,RI224,C.S. FORESTALE,NAPOLI,18-3
2h09:59,1§,BALDINI,MADRID,28-10
2h10:26,3,CAIMMI Daniele,72,RM056,G.A. FIAMME GIALLE,VENEZIA,28-10
2h10:30,5,CHIESA Sergio,72,BG223,ATL. VALLE BREMBANA,MILANO,2-12
2h10:35,5,GOFFI Danilo,72,BO011,C.S. CARABINIERI,BERLINO,30-9
2h11:04,6,BOURIFA Migidio,69,BG223,ATL. VALLE BREMBANA,VENEZIA,28-10
2h11:19,1,BARBI Roberto,65,VB014,COVER SPORTIVA A.V.O,TRIESTE,6-5
2h11:22,2,CIAVARELLA Nicola,68,TO133,A.S.G.P. A.T.P. TORINO,NAPOLI,18-3
(10),2h11:22,7,INGARGIOLA Francesco,73,RM056,G.A. FIAMME GIALLE,MILANO,2-12
2h12:26,5,CHIESA Sergio,72,BG223,ATL. VALLE BREMBANA,TORINO,1-4
2h12:43,3,DI CECCO Alberico,74,BO011,C.S. CARABINIERI,ROMA,25-3
2h12:46,4,CAROSI Angelo,65,RI224,C.S. FORESTALE,CARPI,14-10
2h12:59,6,PALUMBO Matteo,73,BO011,C.S. CARABINIERI,CARPI,14-10
2h13:16,9,ERREBBAH Mostafa,71,VB014,COVER SPORTIVA A.V.O,MILANO,2-12
2h13:23,6,RINALDI Fabio,73,VB014,COVER SPORTIVA A.V.O,MILANO,3-12-00
2h14:37,11,MODICA Vincenzo,71,PD131,GS FIAMME ORO,VENEZIA,28-10
2h15:03,12,D'AMBROSIO Domenico,75,BO011,C.S. CARABINIERI,VENEZIA,28-10
2h15:03,13,CURZI Denis,75,BO011,C.S. CARABINIERI,VENEZIA,28-10
(20),2h15:51,1,ZENUCCHI Emanuele,69,PR068,C.U.S. CARIPARMA,REGGIO EMILIA,10-12-00
2h16:06,2,CALCATERRA Giorgio,72,RM557,ATL. VILLA AURELIA,LIVORNO,12-11-00
2h16:16,2,ZANOVELLO Mirko,74,BG223,ATL. VALLE BREMBANA,REGGIO EMILIA,10-12-00
2h16:33,11,LEONARDI Massimo,73,TN101,ATL. TRENTO,CARPI,14-10
2h17:20,4,SANTACHIARA Bruno,73,TO133,A.S.G.P. A.T.P. TORINO,FERRARA,11-3
2h17:21,5,MINICI Giuseppe,78,RI223,ATL. STUD. CA.RI.RI,PADOVA,29-4
2h17:45,5,GALEASSO Marco,73,TO001,CUS TORINO,FIRENZE,26-11-00
2h18:00,6,D'INNOCENTI Marco,75,RM557,ATL. VILLA AURELIA,NAPOLI,18-3
2h18:39,3,MURA Luca,68,BS284,ATL. C.S.S.R. BRESCIA,LIVORNO,12-11-00
2h18:58,2,CARELLA Giuseppe,71,RM053,CS INTERFORZE AERON. MIL.,STOCCOLMA,9-6
(30),38.95 1,RM056,G.A. FIAMME GIALLE,CAPATI-COLLIO-DONATO-CAVALLARO,BRESSANONE,16-6
39.35 2,BO011,C.S. CARABINIERI,RABINO-PAGGI-BELLOTTO-CUNEO,BRESSANONE,16-6
39.43 1 SE-21 RM053,CS INTERFORZE AERON.,TEGLIELLI-FOGLIATO-DI GREGORIO-TORRIERI CATANIA,7-7
39.59 2 SE-2 RM002,G.S. FIAMME AZZURRE,SCUDERI-ORLANDI-GERMANO-ATTENE,CATANIA,7-7
40.00 4,PD131,GS FIAMME ORO,MARRAS-LEVORATO-VERDECCHIA-SIMONI,BRESSANONE,16-6
40.92 4 SE-2 BA007,CUS BARI,OTTOLINO-MANGIALARDI-BARONE-CEGLIE,CATANIA,7-7
41.00 5,MI064,S.S. METANOPOLI,MONTI-MARSADRI-PREATONI-CUNDO',CATANIA,7-7
41.12 1,CT075,LIB. S. CLUB CATANIA,BONGINI-GAUDIO-PALLA-ALIU' (SR),BRESSANONE,15-6
41.24 1 SE-1 MI080,ATL. RICCARDI MILANO,BENATTI-VASCO-DE SANCTIS-CHIAPPERINI,MILANO,2-6
41.36 1 SE-1 MI090,G.S. NYLSTAR,BIASSONI-VERARDO-DENTALI-BIFFI,CATANIA,7-7
MARATONA - marathon,"PI  2h07:52  Leone Giacomo   Otsu, 04 03 2001",STAFFETTA 4 x 100 - 4 x 100 metres relay,"PI  38.95   G.A. Fiamme Gialle  Bressano, 16 06 2001",,(10),41.43 1 SE-1 RI224,C.S. FORESTALE,FAVARO-MORBIDELLI-MILARDI-DONATI,ROMA,2-6
41.45 2,PA354,POL. A.P.B. BAGHERIA,BARTOCCI-TAGLIAFERRI-LUCCIOLI-SINOPOLI,BRESSANONE,15-6
41.52 3,PA001,CUS PALERMO,PUTANO-CARTA-LAZAZZERA-MARCIANO',BRESSANONE,15-6
41.58 1,GE002,C.U.S. GENOVA,POPIA-INNOCENTI-AMERIO-MADONIA,VILLANOVA D'ALB.,19-5
41.61 2,SP046,C.S. MARINA MILITARE ATL.,CASTENETTO-ITALIANO-PETROGALLI-NOCCHI VILLANOVA D'ALB.,19-5
41.69 2 SE-1 PD143,C.U.S. PADOVA,PAVAN-RUBINI-RIPARELLI-PAVAN,CATANIA,7-7
41.78 3 SE-1 CO208,A.ATL. LECCO-COLOMBO C.,BALATTI-GADDI-DELL'ORO-CORTI,CATANIA,7-7
41.80 4,TO001,CUS TORINO,CIPOLLONE-CIVIDINO-NERVI-MARONGON,BRESSANONE,15-6
41.86 2 SE-1 MI085,GINN.MONZESE FORTI E LIBERI,BRAMBILLA-GASCHI-FIDUCCIA-REALDINI,MILANO,2-6
41.86 1,MC004,ATL. AVIS MACERATA,SCALPELLI-TOGNETTI-RUFFINI-CENTOLANZA,ANCONA,3-7
(20),41.90 2,MI089,PRO SESTO ATL.,BERRA-RIGOLDI-CORTELAZZO-BOGGIONI,SARONNO,19-5
42.00 5,CA002,S G AMSICORA,LAMPIS-LUIU-ZUCCA-POMILI,BRESSANONE,15-6
42.02 6,PD140,ASSINDUSTRIA SPORT PD,LIEVORE-RAVENNA-FATTORETTO-CIRAVOLO,BRESSANONE,15-6
42.05 2 SE-1 RE128,REGGIO EVENT'S,CELLARIO-MAPELLI-ARTONI-ANCESCHI (A),MODENA,2-6
42.08 5 SE-1 SS019,C.U.S. SASSARI,BIDDAU-PUGGIONI L.-PUGGIONI M.-MURRONI,SASSARI,27-4
42.19 4 SE-1 RM555,ATL. FUTURA ROMA,SCARPONI-BIASATTI-CRESCENZI-MANZO,ROMA,2-6
42.19 3 SE-1 MO052,A.S. LA FRATELLANZA 1874,ZUCCARO-CORRADINI (A)-MATERA-ROCCO,BRESCIA,16-6
42.20 4 jun,TO002,SISPORT FIAT,PIZZOLATO-BARBAGIOVANNI-FIORENZA-IOVINEMILANO,30-6
42.25 1 SE-1 BA005,AMATORI ATL. ACQUAVIVA,TOMASICCHIO-MOSCATELLI-NETTIS-DI PACE,MOLFETTA,2-6
42.30 5,MS064,ATL. MASSA CARRARA C.&B.,RATTI-LEONCINI-RIVIERI-VANGELI,MILANO,30-6
(30),cronometraggio manuale - hand timing,41.0 2 SE-1 RI224,C.S. FORESTALE,FAVARO-MORBIDELLI-MILARDI-DONATI,RIETI,19-5
41.9 1 SE-2 RI223,ATL. STUD. CA.RI.RI,SANTORI-BARBERI-HOWE (A)-DONATI,RIETI,19-5
38.69 1,RAPPR. NAZIONALE A,SCUDERI-CAVALLARO-CHECCUCCI-COLOMBO MILANO,6-6
38.71 5 SF-1,RAPPR. NAZIONALE A,SCUDERI-TORRIERI-CHECCUCCI-COLOMBO,EDMONTON,12-8
38.89 1,RAPPR. NAZIONALE,SCUDERI-CAVALLARO-CHECCUCCI-COLOMBO BREMA,23-6
38.97 3 BA-3,RAPPR. NAZIONALE A,SCUDERI-TORRIERI-CHECCUCCI-COLOMBO,EDMONTON,11-8
39.14 1,RAPPR. NAZIONALE,SCUDERI-CHECCUCCI-TORRIERI-COLOMBO,TUNISI,13-9
39.17 2,RAPPR. NAZIONALE B,CAPATI-PAGGI-TORRIERI-VERDECCHIA,MILANO,6-6
39.35 3,RAPPR. NAZIONALE UNIV.,RABINO-COLOMBO-VERDECCHIA-DONATI,PECHINO,1-9
39.63 3 Q-1,RAPPR. NAZIONALE UNIV.,RABINO-VERDECCHIA-DONATI-COLOMBO,PECHINO,29-8
39.75 1,RAPPR. NAZIONALE,TILLI-SCUDERI-CHECCUCCI-COLOMBO,SAMASSI,22-9
39.79 1,RAPPR. NAZIONALE MILITARE,RABINO-CHECCUCCI-DONATI-COLLIO,BEIRUT,4-7
(10),40.07 4 SF-1,RAPPR. NAZIONALE U23,DENTALI-DONATI-DI GREGORIO-CAVALLARO,AMSTERDAM,14-7
40.33 3,RAPPR. NAZIONALE GIOVANILE,OLIVERIO-MARSADRI-LA NAIA-RIVA,MILANO,6-6
41.31 1 SE-2,RAPPR. UNIVERS. MILANO,MOIOLI-DENTALI-MONTI-PREATONI,CAGLIARI,11-5
41.42 5 SF-2,RAPPR. NAZIONALE JUNIORES,LAURETTI-OLIVIERO-LA NAIA-RIVA,GROSSETO,22-7
41.49 1,RAPPR. LOMBARDIA,EZEKWEM-GUIZZARDI-MARSADRI-DENTALI,TENERO,22-9
41.90 1,RAPPR. TOSCANA,MERLINI-LEONCINI-RIVIERI-KURANAGE,SARZANA,15-7
3:08.81 1,RM056,G.A. FIAMME GIALLE,MENICOCCI-GROFF-FUCCILLO-SABER,BRESSANONE,17-6
3:09.18 2,PD131,GS FIAMME ORO,VALLET-GRANDO-SCHUTZMANN-PIROVANO,BRESSANONE,17-6
3:09.20 3,RM053,CS INTERFORZE AERON. MIL.,MARIANI-AGUZZI-REINA-DI GREGORIO,BRESSANONE,17-6
3:09.58 4,BO011,C.S. CARABINIERI,RAO-FILISETTI-DE MEO-GALLETTI,BRESSANONE,17-6
3:10.83 2,MI080,ATL. RICCARDI MILANO,MARIANI-TOMANELLI-AGRILLO-SARACENI,CATANIA,8-7
3:11.25 5,MI064,S.S. METANOPOLI,EZEKWEM-MARCHIORI-PICCINI-CUNDO',BRESSANONE,17-6
3:11.52 4,TO001,CUS TORINO,CAGNAZZI-SCIANDRA-PINTADU-NERVI,CATANIA,7-7
3:11.72 6,RM002,G.S. FIAMME AZZURRE,PAGLIARA-FRINOLLI PUZZILLI-GASPARRO-ATTEBRESSANONE,17-6
3:12.90 1,CT073,POL. LIB. CATANIA,BOLDRIN-RUZZ-RUBECA-BADA (SM),BRESSANONE,16-6
3:13.78 5,RM046,ACSI CAMPIDOGLIO PALATINO,LEPORI-DI TOMASSI-BRACIOLA-SERAFINI,CATANIA,7-7
(10),3:14.72 3,CT075,LIB. S. CLUB CATANIA,CORSARO-PALLA-BONTMASO-SAIELLO,BRESSANONE,16-6
3:15.80 4,PD140,ASSINDUSTRIA SPORT PD,ZOPPELLO-RAVENNA-MARAZZATO-CIRAVOLO BRESSANONE,16-6
3:16.77 2,PV410,LIBERTAS CENTO TORRI PAVIA,TERENGHI-SORA-BALLADORE-CIGNOLI,BRESCIA,1-5
3:17.02 6,SP046,C.S. MARINA MILITARE ATL.,ITALIANO-BALZANO-SIMONAZZI-NOCCHI,CATANIA,7-7
STAFFETTA 4 x 400 - 4 x 400 metres relay,"PI  3:03.67  G.A. Fiamme Gialle   Roma, 28 05 1997",STAFFETTA 4 x 100 Rappresentative - 4 x 100 relay national team,"PI  38.37  Squadra Nazionale (Tilli-Simionato-Pavoni-Mennea)   Helsinki, 10 08 1983",,3:18.05 1,BA007,C.U.S. BARI,SCIACOVELLI-CEGLIE-RESTA-MANGIALARDI,MATERA,20-5
3:18.07 5,BN026,LIB. POL. AMAT. ATL. BN,CANTONE-BELCAID (SR)-CAVALIERE-PAPA,BRESSANONE,16-6
3:18.42 3 SE-1 MI089,PRO SESTO ATL.,NOBILI-GHEZZI-TOSCANO-PINI,SARONNO,20-5
3:18.47 6,PA001,C.U.S. PALERMO,TURCO-LI VIGNI-BUDA-MALITO,BRESSANONE,16-6
3:19.45 7,CA002,S G AMSICORA,MELIS-CARUANA-ZUCCA-ROSSU,BRESSANONE,16-6
3:20.11 1 SE-2 RE105,G.S. PACE SELF ATLETICA,FERRARI-ARACRI-CAVALIERI-SARATI (tutti jun),MILANO,1-7
(20),3:20.38 1 SE-1 MO052,A.S. LA FRATELLANZA 1874,MANFREDINI-CORRADINI-MATERA-ARMANI,RAVENNA,20-5
3:20.55 3 SE-1 PA354,POL. A.P.B. BAGHERIA,TAGLIAFERRI-LORIA-BARTOLUCCI-LUCCIOLI,CATANIA,20-5
3:20.70 1 SE-1 VR784,"I.C. ""M.BENTEGODI""",BONUZZI-LELLA-TURATA-GALVANINI,CONEGLIANO VENETO,20-5
3:20.85 2 SE-1 PD143,C.U.S. PADOVA,ZILIO-QUAIA-DE RAHO-PAVAN,CONEGLIANO VENETO,20-5
3:21.31 1 SE-1 FI018,TOSCANA ATLETICA GENSAN,FRULLANI-PRATESI-ASSILLI-CESARI,LIVORNO,3-6
3:21.77 2,GE002,C.U.S. GENOVA,TREVISAN-ROMANO-VENTURINO-AMERIO,VILLANOVA D'ALB.,20-5
3:21.95 2,CA001,C.U.S. CAGLIARI,FLORIS-ANNIS-MARCELLI-SANNA,CAGLIARI,20-5
3:22.07 3 SE-1 FE026,CUS FERRARA,FRANCIOSI-ZIZIOLI-BERGHI-MARZANATI,RAVENNA,20-5
3:22.09 1,FI001,ASSI BANCA TOSCANA FIRENZE,CIANCIANAINI-DELLA MORTE-VOLPI-ZINGONI,LUCCA,20-5
3:22.13 1,BZ066,ATHLETIC CLUB 96,TRENTINI-LINGERI-SANTANGELO-CRINO',LAIVES,24-6
(30),cronometraggio manuale - hand timing,3:17.6 2 SE-1 RI223,ATL. STUD. CA.RI.RI,NODOLSKI-PILOZZI-VECCHI-HOWE (A),RIETI,20-5
3:05.38 6,RAPPR. NAZIONALE,GINI-GALLETTI-SARACENI-ATTENE,BREMA,24-6
3:08.01 5,RAPPR. NAZIONALE U23,GALLETTI-SANNA-CARABELLI-BARBERI,AMSTERDAM,15-7
3:10.15 6 FI,RAPPR. NAZIONALE JUNIORES,GILIBERTO-SARATI-MORAGLIO-PAVAN,GROSSETO,22-7
3:10.16 2 SF-2,RAPPR. NAZIONALE U23,GALLETTI-SANNA-CARABELLI-BARBERI,AMSTERDAM,14-7
3:11.53 6,RAPPR. NAZIONALE,OTTOZ-GALLETTI-SABER-BERBERI,TUNISI,14-9
3:12.19 4 BA-2,RAPPR. NAZIONALE JUNIORES,GILIBERTO-SARATI-MORAGLIO-PAVAN,GROSSETO,21-7
3:17.16 1 SE-1,RAPPR. UNIVERISTARIA MILANO,GHEZZI-BORTOLASO-BASTINI-CITTERIO,CAGLIARI,12-5
3:18.47 1 SE-3,RAPPR. UNIVERISTARIA BARI,CAMANECU-CEGLIE-RESTA-MANGIALARDI,CAGLIARI,12-5
3:19.42 1,RAPPR. LOMBARDIA,PINI-EZEKWEM-MARCHIORI-MARIANI,TENERO,22-9
3:20.08 2 SE-3,RAPPR. UNIVERISTARIA CAGLIARI,PANI-MARCELLI-CARUANA-MURRONI,CAGLIARI,12-5
(10),3:20.90 1,RAPPR. LOMBARDIA,ZUCCHINALLI-CERON-BERTERA-ZANI,FRIEDRICHSHAFEN,16-9
7.871,3,FRULLANI William,79,FI018,TOSCANA ATLETICA GENSAN,AMSTERDAM,13-7
"10.65-7,58-13,80-2,13-48.78--14.68-41,61-4,40-43,89-4:45.42"
7.805,2,CASARSA Paolo,75,RI224,C.S. FORESTALE,DESENZANO D.G.,13-5
"11.06-6,66-15,16-1,94-51.38--14.56-49,13-4,81-56,11-4:46.93"
7.755,7,CASARSA,RIED,1-7
7.522,3,CASARSA,TUNISI,12-9
7.509,1,FRULLANI,DESENZANO D.G.,23-9
7.480,15,GASPARRO Cristian,74,RM002,G.S. FIAMME AZZURRE,RIED,1-7
7.470,2,VITI Marzio,73,BO011,C.S. CARABINIERI,DESENZANO D.G.,23-9
7.468,3,POSERINA Beniamino,70,RM002,G.S. FIAMME AZZURRE,DESENZANO D.G.,23-9
7.392,1 PRO,FRULLANI,MACERATA,27-5
7.339,21,VITI,RIED,1-7
7.317,4,GASPARRO,DESENZANO D.G.,23-9
7.290,5,VITI,DESENZANO D.G.,13-5
7.276,1,VITI,MACERATA,27-5
7.255,4,MOTTADELLI Paolo,79,MI064,S.S. METANOPOLI,BEDFORD,5-8
7.230,0,VITI,BEDFORD,5-8
7.157,22,CEGLIE Luca,79,BA007,CUS BARI,RIED,1-7
7.138,5,ASTA Luciano,69,BO011,C.S. CARABINIERI,DESENZANO D.G.,23-8
7.137,2 PRO,CEGLIE,MACERATA,27-5
7.133,16,ASTA,ARLES,10-6
7.085,1,CEGLIE,MATERA,29-4
7.077,7,CEGLIE,BEDFORD,5-8
7.055,6,CEGLIE,DESENZANO D.G.,23-9
7.043,7,MOTTADELLI,DESENZANO D.G.,23-9
6.786,2,GASPARRO,CESANO BOSCONE,15-7
6.728,1,CONTI Daniele,79,RM053,CS INTERFORZE AERON.,ROMA,29-4
6.710,2,BONANNI Luca,72,RM946,ACSI CAMPIDOGLIO PALATINO,ROMA,29-4
STAFFETTA 4 x 400 Rappresentative - 4x 400 realy national team,"PI  3:01.37  Squadra Nazionale (Bongiorni-Petrella-Zuliani-Ribaud)   Stoccarda, 31 08 1986",DECATHLON,"PI  8.169 p.  Poserina Beniamino    Formia, 06 10 1996",,(10),6.462,3,CALANDRINA Andrea,73,MI259,CUS MILANO,CESANO BOSCONE,15-7
6.298,1,CIAFFI Luca,69,MC004,ATL. AVIS MACERATA,MACERATA,29-4
6.241,1 PRO,DE VITA Salvatore,81,TP143,U.S. ACLI MARSALA,MARSALA,3-8
6.223,4,SAVI Stefano,80,RM053,CS INTERFORZE AERON.,MACERATA,27-5
6.208,9,PIRONE Angelo,83,NA014,AGG. INNA ARCHEOATLETICA,BEDFORD,5-8
6.208,9,GENCHI Domenico,82,BA007,CUS BARI,BEDFORD,5-8
6.195,9,BUCARELLI Matteo,81,FI018,TOSCANA ATLETICA GENSAN,DESENZANO D.G.,23-9
6.171,10,D'AMICO Francesco,73,RM002,G.S. FIAMME AZZURRE,DESENZANO D.G.,23-9
6.144,4,GIORDANI Ivan,73,VB041,SPORT E SPORTIVI CO-VER,CESANO BOSCONE,15-7
6.109,5,FRANZI Simone,78,MI259,CUS MILANO,CESANO BOSCONE,15-7
(20),6.100,12,STREMIZ Taras,79,BL001,ATL. LONGARONE,DESENZANO D.G.,23-9
6.098,1,MAYR Robert,74,BO011,C.S. CARABINIERI,FORLI',6-5
6.072,6,BORTOLASO Luca,81,RM056,G.A. FIAMME GIALLE,CESANO BOSCONE,15-7
6.013,13,NETTUNO Federico,75,MI218,N.ATL. FANFULLA LOD.,DESENZANO D.G.,23-9
5.960,1 JUN,PIPITONE Massimo,82,TP143,U.S. ACLI MARSALA,MARSALA,3-8
5.916,2,TURIN Antonio,76,VR784,"I.C. ""M. BENTEGODI""",MARCON,13-5
5.904,1,TRABUCCO Davide,74,RM046,ACSI CAMPIDOGLIO PALATINO,ROMA,13-5
5.897,5,SANFRATELLO Ivan,79,SP046,C.S. MARINA MILITARE ATL.,MACERATA,27-5
5.877,1,GÖLLER Hubert,77,BZ011,S.V. LANA - RAIKA,BRESSANONE,1-5
5.838,1,FRAONI Daniele,78,NU052,ASI CS FIAMMA MACOMER,SELARGIUS,6-5
