gara,prestazione,vento,atleta,anno,categoria,società,posizione,luogo,data,link_atleta,link_società
10000m,33.05.0,,GIAMBANCO Franco,1983,PM,RUNNER TEAM 99 SBV,9 su- 1,Novara,2005-04-24,https://www.fidal.it/atleta/GIAMBANCO-Franco/dK6RlJWoa2g%3D,https://www.fidal.it/societa/RUNNER-TEAM-99-SBV/TO185
1000m,3.15.69,,OSTILI Francesco,1993,CM,G.S. UISPORT AVIS TODI,1 su- 0,Spoleto,2008-03-30,https://www.fidal.it/atleta/OSTILI-Francesco/fqiRk5qla2s%3D,https://www.fidal.it/societa/G-S--UISPORT-AVIS-TODI/PG017
1000m,3.16.52,,FILIPPI Luca,1993,CM,2S ATLETICA SPOLETO,2 su- 0,Spoleto,2008-03-30,https://www.fidal.it/atleta/FILIPPI-Luca/fqiRk5qlaGU%3D,https://www.fidal.it/societa/2S-ATLETICA-SPOLETO/PG034
100m,22:42,+1.5,AMATO Michela,1993,AF,ASD SULCIS ATLETICA CARBONIA,7 su- 1,Cagliari,2010-09-18,https://www.fidal.it/atleta/AMATO-Michela/iKiSmZSla2o%3D,https://www.fidal.it/societa/ASD-SULCIS-ATLETICA-CARBONIA/CA129
1miglio,6.28.73,,BASILE Massimiliano,1974,SM50,MILANO ATLETICA,13 se- 5,Voghera,2024-04-06,https://www.fidal.it/atleta/BASILE-Massimiliano/dq2RlpaoaGw%3D,https://www.fidal.it/societa/MILANO-ATLETICA/MI798
2000m,7:21:49,,DEMETZ Sofia,2006,CF,SPORTCLUB MERANO,1 su- 1,Bolzano,2021-09-25,https://www.fidal.it/atleta/DEMETZ-Sofia/iaiRk5ahbGY%3D,https://www.fidal.it/societa/SPORTCLUB-MERANO/BZ019
2000m,8:41:39,,RAMPADO Sonia,2006,CF,S.A.F. BOLZANO,2 su- 1,Bolzano,2021-09-25,https://www.fidal.it/atleta/RAMPADO-Sonia/iaiRk5igcWQ%3D,https://www.fidal.it/societa/S-A-F--BOLZANO/BZ018
3000m,8.13.9,,RICATTI Domenico,1979,SM,C.S. AERONAUTICA MILITARE,9 su- 1,Lignano Sabbiadoro,2006-07-16,https://www.fidal.it/atleta/RICATTI-Domenico/hKiRkpSkcWg%3D,https://www.fidal.it/societa/C-S--AERONAUTICA-MILITARE/RM053
300m,1.09.85,,ONNIS Mirco,2004,EM,RIU MANNU GONNOSTRAMATZA,8 se- 4,Oristano,2012-10-28,https://www.fidal.it/atleta/ONNIS-Mirco/iKuRkpKjamk%3D,https://www.fidal.it/societa/RIU-MANNU-GONNOSTRAMATZA/OR011
400m,9999999999,,PANE Bruno,1976,SM,ATLETICA VERCELLI 78,2 se- 2,Donnas,2005-07-20,https://www.fidal.it/atleta/PANE-Bruno/dKAAARk5inamU%3D,https://www.fidal.it/societa/ATLETICA-VERCELLI-78/VC004
400m,9999999999,,ROSSODIVITA Luigi,1991,AM,GRUPPO SPORTIVO VIRTUS,3 se- 2,Giulianova,2008-07-18,https://www.fidal.it/atleta/ROSSODIVITA-Luigi/g6iRkpambGg%3D,https://www.fidal.it/societa/GRUPPO-SPORTIVO-VIRTUS/CB005
400m,1.08.66,,COPOLUTTI Irene,1983,SF,ATL.LIBERTAS A.R.C.S. PERUGIA,1 su- 0,Spoleto,2008-03-30,https://www.fidal.it/atleta/COPOLUTTI-Irene/fqiRkpqncWQ%3D,https://www.fidal.it/societa/ATL-LIBERTAS-A-R-C-S--PERUGIA/PG004
400m,1:02:44,,FELICI Noemi,1996,AF,ATL. ROMA SUD,1 se- 2,Roma,2012-06-29,https://www.fidal.it/atleta/FELICI-Noemi/f62RkpKnaGk%3D,https://www.fidal.it/societa/ATL--ROMA-SUD/RS521
400m,1:03:02,,RITA Natascia,1977,SF35,S.S. LAZIO ATLETICA LEGGERA,2 se- 2,Roma,2012-06-29,https://www.fidal.it/atleta/RITA-Natascia/f6iRlZWkbWQ%3D,https://www.fidal.it/societa/S-S--LAZIO-ATLETICA-LEGGERA/RM050
400m,1:03:14,,CIPRIANI Vanessa,1996,AF,ASD AUDACIA RECORD ATLETICA,3 se- 2,Roma,2012-06-29,https://www.fidal.it/atleta/CIPRIANI-Vanessa/f6yRkpeka2k%3D,https://www.fidal.it/societa/ASD-AUDACIA-RECORD-ATLETICA/RM131
400m,1:05:23,,LANDAHL Greta,1989,SF,ATL. ROMA ACQUACETOSA,4 se- 2,Roma,2012-06-29,https://www.fidal.it/atleta/LANDAHL-Greta/f6yRk5KnaGs%3D,https://www.fidal.it/societa/ATL--ROMA-ACQUACETOSA/RM161
400m,1:02:38,,DEGL'INNOCENTI Arianna,1997,AF,ASD ATLETICA  PRATO,6 su- 1,Firenze,2014-09-07,https://www.fidal.it/atleta/DEGL-INNOCENTI-Arianna/fbORkpKhbGU%3D,https://www.fidal.it/societa/ASD-ATLETICA-PRATO/PO149
400m,1:02:48,,CIRRI Cecilia,1997,AF,ASD ATLETICA  PRATO,7 su- 1,Firenze,2014-09-07,https://www.fidal.it/atleta/CIRRI-Cecilia/fbORkpKjaGM%3D,https://www.fidal.it/societa/ASD-ATLETICA-PRATO/PO149
400m,1:02:52,,BRUNI Carlotta,1997,AF,ASD ATLETICA  PRATO,8 su- 1,Firenze,2014-09-07,https://www.fidal.it/atleta/BRUNI-Carlotta/fbORkpKhbGs%3D,https://www.fidal.it/societa/ASD-ATLETICA-PRATO/PO149
400m,1:07:21,,GRECO Alessia,1999,AF,ATLETICA ARCOBALENO SAVONA,4 se- 1,Imperia,2015-07-04,https://www.fidal.it/atleta/GRECO-Alessia/daqRkpKnb2g%3D,https://www.fidal.it/societa/ATLETICA-ARCOBALENO-SAVONA/SV070
400m,1:09:00,,VERCESI Agnese,1999,AF,ILPRA ATL.VIGEVANO PARCO ACQU.,5 se- 1,Imperia,2015-07-04,https://www.fidal.it/atleta/VERCESI-Agnese/dqAAARl5Ofb2M%3D,https://www.fidal.it/societa/ILPRA-ATL-VIGEVANO-PARCO-ACQU-/PV410
5000m,15:27:20,,SCHEGGIA Valerio,1985,SM,S.E.F. STAMURA ANCONA A.S.D.,1 su- 1,Fano,2010-06-05,https://www.fidal.it/atleta/SCHEGGIA-Valerio/e6iRkpamamk%3D,https://www.fidal.it/societa/S-E-F--STAMURA-ANCONA-A-S-D-/AN010
5000m,20:54:11,,D'APRANO Luigi,1974,SM40,C.B.SPORT-PODISTICA CARAMAGNA,1 se- 1,Saluzzo,2018-07-11,https://www.fidal.it/atleta/D-APRANO-Luigi/dKyRlJqib2Y%3D,https://www.fidal.it/societa/C-B-SPORT-PODISTICA-CARAMAGNA/CN043
600m,9999999999,,RICCIARDI Federico,1997,EM,ATL. SAVIGLIANO A.S.D.,5 se- 1,Bra,2005-06-05,https://www.fidal.it/atleta/RICCIARDI-Federico/dKyRk5qoaGw%3D,https://www.fidal.it/societa/ATL--SAVIGLIANO-A-S-D-/CN011
600m,2.36.54,,NEMBRI Matteo,1999,EM,ATL. ESTRADA,11 se- 1,Castelleone,2010-05-15,https://www.fidal.it/atleta/NEMBRI-Matteo/dqiSl5efb2M%3D,https://www.fidal.it/societa/ATL--ESTRADA/BG248
600m,2:29:88,,PICARELLI Gabriele,2008,CM,ATLETICA CECCHINA AL.PA. ASD,12 se- 2,Colleferro,2022-03-26,https://www.fidal.it/atleta/PICARELLI-Gabriele/f62Rkpakb2o%3D,https://www.fidal.it/societa/ATLETICA-CECCHINA-AL-PA--ASD/RS022
600m,3:23,,FELIS Viviana,2008,CF,LAGARINA CRUS TEAM,1 su- 1,Arco,2022-04-23,https://www.fidal.it/atleta/FELIS-Viviana/d6iRlJWoaGU%3D,https://www.fidal.it/societa/LAGARINA-CRUS-TEAM/TN131
60m,113,,PITTI Lorenzo,1997,EM,C.U.S. PARMA,7 se- 2,Parma,2006-05-18,https://www.fidal.it/atleta/PITTI-Lorenzo/eqiRlpSmbGg%3D,https://www.fidal.it/societa/C-U-S--PARMA/PR068
60m,111,,ALUSHI Matteo,2003,EM,POL. UNIONE 90,1 se- 3,Modena,2010-04-24,https://www.fidal.it/atleta/ALUSHI-Matteo/eqyRkpOiaGc%3D,https://www.fidal.it/societa/POL--UNIONE-90/MO066
800m,2:34:05,,LUCAFO' Ilaria,2000,AF,ATL. UNIVERSALE  DON BOSCO,8 se- 1,Bressanone,2016-05-15,https://www.fidal.it/atleta/LUCAFO-Ilaria/daiUlpanb2k%3D,https://www.fidal.it/societa/ATL--UNIVERSALE-DON-BOSCO/GE016
800m,2:05:39,,BEVACQUA Nicolo,2003,JM,BATTAGLIO C.U.S. TORINO ATL,1 se- 6,Chieri,2021-04-24,https://www.fidal.it/atleta/BEVACQUA-Nicolo/dK6RlZelb2M%3D,https://www.fidal.it/societa/BATTAGLIO-C-U-S--TORINO-ATL/TO001
800m,2:06:44,,VOLPATTI Marco,1996,SM,POLISPORT. NOVATLETICA CHIERI,2 se- 6,Chieri,2021-04-24,https://www.fidal.it/atleta/VOLPATTI-Marco/dK6RlpekaGo%3D,https://www.fidal.it/societa/POLISPORT--NOVATLETICA-CHIERI/TO076
800m,2:07:21,,SCORZA Dario,2003,JM,ATLETICA VENARIA REALE,3 se- 6,Chieri,2021-04-24,https://www.fidal.it/atleta/SCORZA-Dario/dK6RlpSna2Y%3D,https://www.fidal.it/societa/ATLETICA-VENARIA-REALE/TO268
800m,2:08:57,,SCOGNAMIGLIO Salvatore,1993,SM,ATLETICA ASTI 2.2 A.S.D.,4 se- 6,Chieri,2021-04-24,https://www.fidal.it/atleta/SCOGNAMIGLIO-Salvatore/gKyRkpugb2o%3D,https://www.fidal.it/societa/ATLETICA-ASTI-2-2-A-S-D-/AT019
800m,2:13:17,,DONVITO Francesco,2000,PM,BATTAGLIO C.U.S. TORINO ATL,5 se- 6,Chieri,2021-04-24,https://www.fidal.it/atleta/DONVITO-Francesco/dK6RlZWfcWo%3D,https://www.fidal.it/societa/BATTAGLIO-C-U-S--TORINO-ATL/TO001
800m,2:15:20,,GIBELLATO Michael,2003,JM,POLISPORT. NOVATLETICA CHIERI,6 se- 6,Chieri,2021-04-24,https://www.fidal.it/atleta/GIBELLATO-Michael/dK6RlpiibWs%3D,https://www.fidal.it/societa/POLISPORT--NOVATLETICA-CHIERI/TO076
800m,2:19:41,,CAVACIUTI Gabriele,2003,JM,ASS. DILET. CANAVESE 2005,7 se- 6,Chieri,2021-04-24,https://www.fidal.it/atleta/CAVACIUTI-Gabriele/dK6Rl5ancWU%3D,https://www.fidal.it/societa/ASS--DILET--CANAVESE-2005/TO199
800m,2:39:16,,ACETO Tekalegne,1999,PM,ATLETICA VENARIA REALE,8 se- 6,Chieri,2021-04-24,https://www.fidal.it/atleta/ACETO-Tekalegne/dK6RlpKmbWQ%3D,https://www.fidal.it/societa/ATLETICA-VENARIA-REALE/TO268
80m,9999999999,+0.0,STINGONE Michele,1991,CM,A.P. AMATORI ATLETICA NAPOLI,4 se- 3,Marano,2005-06-12,https://www.fidal.it/atleta/STINGONE-Michele/gKiRlZqhbmg%3D,https://www.fidal.it/societa/A-P--AMATORI-ATLETICA-NAPOLI/NA064
80m,9999999999,+0.0,RUOTOLO Riccardo,1993,CM,A.P.D. AMATORI ATLETICA NAPOLI,7 se- 2,Napoli,2008-05-11,https://www.fidal.it/atleta/RUOTOLO-Riccardo/gKyRkpKgbWY%3D,https://www.fidal.it/societa/A-P-D--AMATORI-ATLETICA-NAPOLI/NA064
50m,89,,BIROLINI Giulio,1994,EM,ORATORIO ALBINO ATL.,3 se- 2,Albino,2005-09-03,https://www.fidal.it/atleta/BIROLINI-Giulio/dqmRl5Kkbmk%3D,https://www.fidal.it/societa/ORATORIO-ALBINO-ATL-/BG572
110Hs_h106-9.14,16:51,+1.0,MASCARO Gabriele,1985,SM,G.S.SELF ATL. MONTANARI GRUZZA,2 su- 1,Carpi,2008-06-24,https://www.fidal.it/atleta/MASCARO-Gabriele/eqiRlJijamc%3D,https://www.fidal.it/societa/G-S-SELF-ATL--MONTANARI-GRUZZA/RE105
400Hs_h76,1:13:11,,CORNERO Ginevra,2000,JF,S.S. VITTORIO ALFIERI ASTI,1 su- 1,Alba,2018-10-13,https://www.fidal.it/atleta/CORNERO-Ginevra/dKuRk5embWs%3D,https://www.fidal.it/societa/S-S--VITTORIO-ALFIERI-ASTI/AT001
400Hs_h91,1:17:45,,COLOMBO Marco,1987,SM,ATHLETIC CLUB 96 AE SPA,8 su- 1,Rovereto,2013-05-05,https://www.fidal.it/atleta/COLOMBO-Marco/iaiRkpmkcWM%3D,https://www.fidal.it/societa/ATHLETIC-CLUB-96-AE-SPA/BZ066
1200st_h76_SV,3:48:52,,BASSO Alessandro,2002,CM,SANTO STEFANO ATLETICA PLANUM,1 su- 1,Genova,2017-05-20,https://www.fidal.it/atleta/BASSO-Alessandro/daqRkpKkcWc%3D,https://www.fidal.it/societa/SANTO-STEFANO-ATLETICA-PLANUM/IM042
2000st_h76,8:21:53,,CARISSIMO Sophie addison,2002,AF,S.S. TRIONFO LIGURE,1 su- 1,Genova,2018-04-15,https://www.fidal.it/atleta/CARISSIMO-Sophie-addison/damRkpenaGY%3D,https://www.fidal.it/societa/S-S--TRIONFO-LIGURE/GE003
400m,10.007,,ORRU' Francesco,1992,AM,ASD SULCIS ATLETICA CARBONIA,7 se- 1,Cagliari,2009-06-18,https://www.fidal.it/atleta/ORRU-Francesco/iKiSmZWicWo%3D,https://www.fidal.it/societa/ASD-SULCIS-ATLETICA-CARBONIA/CA129
1miglio,6.28.73,,BASILE Massimiliano,1974,SM50,MILANO ATLETICA,13 se- 5,Voghera,2024-04-06,https://www.fidal.it/atleta/BASILE-Massimiliano/dq2RlpaoaGw%3D,https://www.fidal.it/societa/MILANO-ATLETICA/MI798
Marcia_10km,39.17,,RUBINO Giorgio,1986,SM,G.A. FIAMME GIALLE,1 su- 1,Bressanone,2012-07-06,https://www.fidal.it/atleta/RUBINO-Giorgio/f6iRlpakamU%3D,https://www.fidal.it/societa/G-A--FIAMME-GIALLE/RM056
Marcia_10km,39.57,,GIUPPONI Matteo,1988,SM,C.S. CARABINIERI SEZ. ATLETICA,2 su- 1,Bressanone,2012-07-06,https://www.fidal.it/atleta/GIUPPONI-Matteo/dqmRlpmgaGs%3D,https://www.fidal.it/societa/C-S--CARABINIERI-SEZ--ATLETICA/BO011
Marcia_10km,40.24,,NKOULOUKIDI Jean jacques,1982,SM,G.A. FIAMME GIALLE,3 su- 1,Bressanone,2012-07-06,https://www.fidal.it/atleta/NKOULOUKIDI-Jean-jacques/f6iRlJKlaGQ%3D,https://www.fidal.it/societa/G-A--FIAMME-GIALLE/RM056
Marcia_10km,40.52,,DI BARI Vito,1990,PM,G.A. FIAMME GIALLE,4 su- 1,Bressanone,2012-07-06,https://www.fidal.it/atleta/DI-BARI-Vito/hKiSmZmib2Q%3D,https://www.fidal.it/societa/G-A--FIAMME-GIALLE/RM056
Marcia_10km,41.30,,PARIS Daniele,1984,SM,C.S. AERONAUTICA MILITARE,5 su- 1,Bressanone,2012-07-06,https://www.fidal.it/atleta/PARIS-Daniele/dqiRlZunbmc%3D,https://www.fidal.it/societa/C-S--AERONAUTICA-MILITARE/RM053
Marcia_10km,41.36,,MACCHIA Riccardo,1990,PM,G.S. FIAMME ORO PADOVA,6 su- 1,Bressanone,2012-07-06,https://www.fidal.it/atleta/MACCHIA-Riccardo/gaiRk5ajbms%3D,https://www.fidal.it/societa/G-S--FIAMME-ORO-PADOVA/PD131
Marcia_10km,41.50,,CAFAGNA Diego,1975,SM35,C.S. CARABINIERI SEZ. ATLETICA,7 su- 1,Bressanone,2012-07-06,https://www.fidal.it/atleta/CAFAGNA-Diego/eaiRkpKia2Q%3D,https://www.fidal.it/societa/C-S--CARABINIERI-SEZ--ATLETICA/BO011
Marcia_10km,41.56,,DOLCI Mirko,1985,SM,C.S. AERONAUTICA MILITARE,8 su- 1,Bressanone,2012-07-06,https://www.fidal.it/atleta/DOLCI-Mirko/dqiRlpKmbWo%3D,https://www.fidal.it/societa/C-S--AERONAUTICA-MILITARE/RM053
Marcia_10km,43.01,,ADRAGNA Andrea,1989,SM,G.S. FIAMME ORO PADOVA,9 su- 1,Bressanone,2012-07-06,https://www.fidal.it/atleta/ADRAGNA-Andrea/dqmRlpqgb2g%3D,https://www.fidal.it/societa/G-S--FIAMME-ORO-PADOVA/PD131
Marcia_10km,43.04,,VIGANO' Giacomo,1991,PM,ATL. LECCO-COLOMBO COSTRUZ.,10 su- 1,Bressanone,2012-07-06,https://www.fidal.it/atleta/VIGANO-Giacomo/dq2RkpijcGg%3D,https://www.fidal.it/societa/ATL--LECCO-COLOMBO-COSTRUZ-/CO208
Marcia_10km,43.15,,D'ASCANIO Ruggero,1984,SM,POL. ROCCO SCOTELLARO MT,11 su- 1,Bressanone,2012-07-06,https://www.fidal.it/atleta/D-ASCANIO-Ruggero/haiRkpqlb2M%3D,https://www.fidal.it/societa/POL--ROCCO-SCOTELLARO-MT/MT023
Marcia_10km,44.15,,MONTOLEONE Luca,1990,PM,A.S. LA FRATELLANZA 1874,12 su- 1,Bressanone,2012-07-06,https://www.fidal.it/atleta/MONTOLEONE-Luca/eqiRlJmfaWQ%3D,https://www.fidal.it/societa/A-S--LA-FRATELLANZA-1874/MO052
Marcia_10km,44.33,,ROMANELLI Andrea,1986,SM,TOSCANA ATLETICA CARIPIT,13 su- 1,Bressanone,2012-07-06,https://www.fidal.it/atleta/ROMANELLI-Andrea/faiRk5igaGc%3D,https://www.fidal.it/societa/TOSCANA-ATLETICA-CARIPIT/FI018
Marcia_10km,44.43,,LAUDATO Mario,1988,SM,PRO SESTO ATL.,14 su- 1,Bressanone,2012-07-06,https://www.fidal.it/atleta/LAUDATO-Mario/dqiRlpalbWM%3D,https://www.fidal.it/societa/PRO-SESTO-ATL-/MI089
Marcia_10km,45.17,,DEI TOS Leonardo,1992,PM,ATL.BIOTEKNA MARCON,15 su- 1,Bressanone,2012-07-06,https://www.fidal.it/atleta/DEI-TOS-Leonardo/eKiRlZSjcWs%3D,https://www.fidal.it/societa/ATL-BIOTEKNA-MARCON/VE471
Marcia_10km,46.00,,CONTU Alberto,1986,SM,S G AMSICORA,16 su- 1,Bressanone,2012-07-06,https://www.fidal.it/atleta/CONTU-Alberto/iKiRkpuibWw%3D,https://www.fidal.it/societa/S-G-AMSICORA/CA002
Marcia_10km,46.28,,DE SALVADOR Marco,1989,SM,ATHLETIC CLUB 96 AE SPA,17 su- 1,Bressanone,2012-07-06,https://www.fidal.it/atleta/DE-SALVADOR-Marco/iaiRkpeibmo%3D,https://www.fidal.it/societa/ATHLETIC-CLUB-96-AE-SPA/BZ066
Marcia_10km,47.24,,ANTONELLI Michele,1994,JM,ATL. AVIS MACERATA,18 su- 1,Bressanone,2012-07-06,https://www.fidal.it/atleta/ANTONELLI-Michele/e6uRkpKgbms%3D,https://www.fidal.it/societa/ATL--AVIS-MACERATA/MC004
Marcia_10km,48.05,,AGRUSTI Andrea,1995,AM,I GUERRIERI DEL PAVONE,20 su- 1,Bressanone,2012-07-06,https://www.fidal.it/atleta/AGRUSTI-Andrea/iKiSmZOhcWc%3D,https://www.fidal.it/societa/I-GUERRIERI-DEL-PAVONE/SS182
Marcia_10km,49.00,,LAMMENDOLA Gianluca,1983,SM,ICARO,21 su- 1,Bressanone,2012-07-06,https://www.fidal.it/atleta/LAMMENDOLA-Gianluca/hqiRk5Whbms%3D,https://www.fidal.it/societa/ICARO/RC313
Marcia_10km,51.37,,GENTILE Giovanni,1984,SM,ECOSPORT SB. 2000 MONTE ASC,23 su- 1,Bressanone,2012-07-06,https://www.fidal.it/atleta/GENTILE-Giovanni/hKiSmZWhbWo%3D,https://www.fidal.it/societa/ECOSPORT-SB--2000-MONTE-ASC/MT088
Marcia_10km,45.19,,GIORGI Eleonora anna,1989,SF,G.S. FIAMME AZZURRE,1 su- 1,Bressanone,2012-07-06,https://www.fidal.it/atleta/GIORGI-Eleonora-anna/dquRkpWhb2g%3D,https://www.fidal.it/societa/G-S--FIAMME-AZZURRE/RM002
Marcia_10km,45.25,,DI VINCENZO Sibilla,1983,SF,ASSINDUSTRIA SPORT PADOVA,2 su- 1,Bressanone,2012-07-06,https://www.fidal.it/atleta/DI-VINCENZO-Sibilla/gaiRkpalbmk%3D,https://www.fidal.it/societa/ASSINDUSTRIA-SPORT-PADOVA/PD140
Marcia_10km,45.45,,GIORDANO Rossella,1972,SF40,G.S. FIAMME AZZURRE,3 su- 1,Bressanone,2012-07-06,https://www.fidal.it/atleta/GIORDANO-Rossella/dKiRkpKoaWs%3D,https://www.fidal.it/societa/G-S--FIAMME-AZZURRE/RM002
Marcia_10km,47.56,,ZAPPAROLI Alessia,1988,SF,C.U.S. BOLOGNA A.S.D.,4 su- 1,Bressanone,2012-07-06,https://www.fidal.it/atleta/ZAPPAROLI-Alessia/eqiRlJulcGc%3D,https://www.fidal.it/societa/C-U-S--BOLOGNA-A-S-D-/BO008
Marcia_10km,50.10,,MARTINOZZI Elena,1987,SF,ATLETICA ESTENSE,5 su- 1,Bressanone,2012-07-06,https://www.fidal.it/atleta/MARTINOZZI-Elena/eqiRlJalb2w%3D,https://www.fidal.it/societa/ATLETICA-ESTENSE/FE378
Marcia_10km,50.29,,GALLI Ilaria camilla,1987,SF,ATLETICA FIRENZE MARATHON S.S.,6 su- 1,Bressanone,2012-07-06,https://www.fidal.it/atleta/GALLI-Ilaria-camilla/fqiRk5KncGQ%3D,https://www.fidal.it/societa/ATLETICA-FIRENZE-MARATHON-S-S-/FI002
Marcia_10km,50.41,,DE ROSA Carolina,1992,PF,GS VALSUGANA TRENTINO,7 su- 1,Bressanone,2012-07-06,https://www.fidal.it/atleta/DE-ROSA-Carolina/gKiRlZKfamc%3D,https://www.fidal.it/societa/GS-VALSUGANA-TRENTINO/TN104
Marcia_10km,51.52,,BECCHETTI Mariavittoria,1994,JF,ATL. STUDENTESCA CA.RI.RI,8 su- 1,Bressanone,2012-07-06,https://www.fidal.it/atleta/BECCHETTI-Mariavittoria/f6iRmZmka2M%3D,https://www.fidal.it/societa/ATL--STUDENTESCA-CA-RI-RI/RI223
Marcia_10km,52.23,,MARIOTTI Ilaria,1991,PF,CUS PISA ATLETICA CASCINA,9 su- 1,Bressanone,2012-07-06,https://www.fidal.it/atleta/MARIOTTI-Ilaria/faiRm5Smamg%3D,https://www.fidal.it/societa/CUS-PISA-ATLETICA-CASCINA/PI071
Marcia_10km,52.56,,ROSTELLATO Clelia,1979,SF,ASD ENTERPRISE SPORT & SERVICE,10 su- 1,Bressanone,2012-07-06,https://www.fidal.it/atleta/ROSTELLATO-Clelia/gKiRkpWlamM%3D,https://www.fidal.it/societa/ASD-ENTERPRISE-SPORT-&-SERVICE/AV208
Marcia_10km,53.06,,SCIPIONI Sara,1995,AF,ASD INTERFLUMINA E' PIU' POMI',11 su- 1,Bressanone,2012-07-06,https://www.fidal.it/atleta/SCIPIONI-Sara/dqiSl5elaGQ%3D,https://www.fidal.it/societa/ASD-INTERFLUMINA-E-PIU-POMI-/PR484
Marcia_10km,55.56,,GIUSTINI Costanza,1977,SF35,ATLETICA FIRENZE MARATHON S.S.,12 su- 1,Bressanone,2012-07-06,https://www.fidal.it/atleta/GIUSTINI-Costanza/faiRm5ala2o%3D,https://www.fidal.it/societa/ATLETICA-FIRENZE-MARATHON-S-S-/FI002
Marcia_10km,56.47,,VITIELLO Sara,1996,AF,G.S.SELF ATL. MONTANARI GRUZZA,13 su- 1,Bressanone,2012-07-06,https://www.fidal.it/atleta/VITIELLO-Sara/erGRkpKfcWk%3D,https://www.fidal.it/societa/G-S-SELF-ATL--MONTANARI-GRUZZA/RE105
Marcia_10km,57.22,,MAZZEI Claudia,1980,SF,CUS PISA ATLETICA CASCINA,14 su- 1,Bressanone,2012-07-06,https://www.fidal.it/atleta/MAZZEI-Claudia/faiRkpajaWY%3D,https://www.fidal.it/societa/CUS-PISA-ATLETICA-CASCINA/PI071
Marcia_10km,58.06,,CORMACI Silvia,1994,JF,TOSCANA ATL.EMPOLI NISSAN,15 su- 1,Bressanone,2012-07-06,https://www.fidal.it/atleta/CORMACI-Silvia/faiSkpKjcGw%3D,https://www.fidal.it/societa/TOSCANA-ATL-EMPOLI-NISSAN/FI007
Marcia_10km,1:00.45,,SIGNORELLI Chiara,1986,SF,G.S.SELF ATL. MONTANARI GRUZZA,16 su- 1,Bressanone,2012-07-06,https://www.fidal.it/atleta/SIGNORELLI-Chiara/eqiRlJqgbGY%3D,https://www.fidal.it/societa/G-S-SELF-ATL--MONTANARI-GRUZZA/RE105
Marcia_10km,1:01.54,,SCALIA Anna,1989,SF,A.S.D. ATLETICA 2001 S.P. CLAR,17 su- 1,Bressanone,2012-07-06,https://www.fidal.it/atleta/SCALIA-Anna/h6iRlJikbmw%3D,https://www.fidal.it/societa/A-S-D--ATLETICA-2001-S-P--CLAR/CT213
Marcia_10km,8:36.5,,FANELLI-TURSI-BENATI-BAMBOZZI,,XM,RIFONDAZIONE PODISTICA,1 se- 1,Fiumicino,2005-06-25,,https://www.fidal.it/societa/RIFONDAZIONE-PODISTICA/RM074
Marcia_10km,8:36.5,,FANELLI-TURSI-BENATI-BAMBOZZI,,XM,RIFONDAZIONE PODISTICA,1 su- 1,Fiumicino,2005-06-25,,https://www.fidal.it/societa/RIFONDAZIONE-PODISTICA/RM074
Marcia_10km,9:25.4,,BERTACCINI-FULLONE-GUSAI-GIORDANO,,XM,A.S. ATL. VILLA GUGLIELMI,2 se- 1,Fiumicino,2005-06-25,,https://www.fidal.it/societa/A-S--ATL--VILLA-GUGLIELMI/RM196
Marcia_10km,9:53.4,,LoPiccolo-Arcidiacono-Ranieri-Monti,,XM,VIOLETTACLUB,1 su- 1,Reggio Calabria,2005-04-17,,https://www.fidal.it/societa/VIOLETTACLUB/CZ234
Marcia_10km,8:08.2,,DI CORATO-PARISI-DI LASCIO-TRAGNO,,XM,AMATORI ATL. ACQUAVIVA,1 su- 1,Acquaviva,2006-04-23,,https://www.fidal.it/societa/AMATORI-ATL--ACQUAVIVA/BA005
Marcia_10km,8:15.2,,MINGOLLA S. - SOLETI D. - INSALAT M. - MARANGI A.,,XM,ATL. AMATORI CISTERNINO,2 su- 1,Acquaviva,2006-04-23,,https://www.fidal.it/societa/ATL--AMATORI-CISTERNINO/BR104
Marcia_10km,8:25.3,,"MERCURI,BONADDIO,CARDAMONE,BRUNO",,XM,LIBERTAS ATL.LAMEZIA,1 su- 1,Reggio Calabria,2006-04-09,,https://www.fidal.it/societa/LIBERTAS-ATL-LAMEZIA/CZ009
Marcia_10km,8:35.60,,ZAOUIA RENZI FERRETTI DEMASI,,XM,ATLETICA FABRIANO - OSIMO,1 se- 1,Fabriano,2006-05-06,,https://www.fidal.it/societa/ATLETICA-FABRIANO-OSIMO/AN037
Marcia_10km,8:35.60,,ZAOUIA RENZI FERRETTI DEMASI,,XM,ATLETICA FABRIANO - OSIMO,1 se- 1,Fabriano,2006-05-06,,https://www.fidal.it/societa/ATLETICA-FABRIANO-OSIMO/AN037
Marcia_10km,8:37.27,,CICCONI CIPPITELLI CORVATTA FELICIOLI,,XM,ATL. AVIS MACERATA,2 se- 1,Fabriano,2006-05-06,,https://www.fidal.it/societa/ATL--AVIS-MACERATA/MC004
Marcia_10km,8:37.27,,CICCONI CIPPITELLI CORVATTA FELICIOLI,,XM,ATL. AVIS MACERATA,2 se- 1,Fabriano,2006-05-06,,https://www.fidal.it/societa/ATL--AVIS-MACERATA/MC004
Marcia_10km,8:38.8,,MARINELLI B.- RIDGER M. - DI LERNIA G. - ORSI TOTH L.,,XM,ATL. ADEN  ABACO MOLFETTA,1 su- 1,Acquaviva,2006-04-23,,https://www.fidal.it/societa/ATL--ADEN-ABACO-MOLFETTA/BA091
Marcia_10km,8:39.0,,"CUZZOCREA,FERRAGINA,CAPOTOSTI,BONADDIO",,XM,VIOLETTACLUB,2 su- 1,Reggio Calabria,2006-04-09,,https://www.fidal.it/societa/VIOLETTACLUB/CZ234
Marcia_10km,8:59.03,,LAURETI - BAGGIO - GALLOTTO - BARRICELLI,,XM,ATLETICA VERCELLI 78,1 su- 1,Borgosesia,2006-10-21,,https://www.fidal.it/societa/ATLETICA-VERCELLI-78/VC004
Marcia_10km,9:41.61,,CICCARELLI MOBILI COMPAGNUCCI FAZI,,XM,ATL. AVIS MACERATA,3 se- 1,Fabriano,2006-05-06,,https://www.fidal.it/societa/ATL--AVIS-MACERATA/MC004
Marcia_10km,9:41.61,,CICCARELLI MOBILI COMPAGNUCCI FAZI,,XM,ATL. AVIS MACERATA,3 se- 1,Fabriano,2006-05-06,,https://www.fidal.it/societa/ATL--AVIS-MACERATA/MC004
Marcia_10km,10:21.97,,BOCCARDO - CREVACORE - PELI - FORMICA,,XM,ATLETICA VERCELLI 78,2 su- 1,Borgosesia,2006-10-21,,https://www.fidal.it/societa/ATLETICA-VERCELLI-78/VC004
Marcia_10km,8:25.6,,PALMAS-OBERSTOLZ-CUSMA-DI GRAZIA,,XF,C.S. ESERCITO,1 su- 1,Roma,2006-05-07,,https://www.fidal.it/societa/C-S--ESERCITO/RM052
Marcia_10km,9:14.7,,COSTANZA-SPIGAROLO-SICARI-OLIVA,,XF,C.S. ESERCITO,2 su- 1,Roma,2006-05-07,,https://www.fidal.it/societa/C-S--ESERCITO/RM052
Marcia_10km,9:40.3,,COPPOLA-MONTANARI-OLIVIERI-GHIBELLINI,,XF,FONDIARIA - SAI ATLETICA,3 su- 1,Roma,2006-05-07,,https://www.fidal.it/societa/FONDIARIA-SAI-ATLETICA/RM131
Marcia_10km,9:41.3,,DOVERI-FRANZOLINI-D'AGOSTINO-DEBONIS,,XF,FONDIARIA - SAI ATLETICA,4 su- 1,Roma,2006-05-07,,https://www.fidal.it/societa/FONDIARIA-SAI-ATLETICA/RM131
Marcia_10km,10:09.8,,"BUTTINELLI,LATELLA,CARDAMONE,DE LEO",,XF,VIOLETTACLUB,1 su- 1,Reggio Calabria,2006-04-09,,https://www.fidal.it/societa/VIOLETTACLUB/CZ234
Marcia_10km,10:14.9,,FALCO-LOMUSCIO-PELLEGRINI-VENTRELLA,,XF,A.S. OLIMPIA CLUB,1 su- 1,Acquaviva,2006-04-23,,https://www.fidal.it/societa/A-S--OLIMPIA-CLUB/BA015
Marcia_3000m,1600424:25,,DOLCI Tatiana nelie,1993,CF,P.B.M. BOVISIO MASCIAGO,1 se- 1,Bergamo,2008-09-10,https://www.fidal.it/atleta/DOLCI-Tatiana-nelie/dq2Rk5qnaWU%3D,https://www.fidal.it/societa/P-B-M--BOVISIO-MASCIAGO/MI102
Marcia_5000m,30:20.0931,,FRULLA Francesca,1968,SF55,NUOVA PODISTICA LORETO,1 su- 1,Fermo,2023-05-06,https://www.fidal.it/atleta/FRULLA-Francesca/e6mRkpenaWo%3D,https://www.fidal.it/societa/NUOVA-PODISTICA-LORETO/AN017
Marcia_5000m,32:50.7442,,CINELLA Francesca,2003,PF,ATL. AVIS MACERATA,2 su- 1,Fermo,2023-05-06,https://www.fidal.it/atleta/CINELLA-Francesca/e6uRkpKkbmw%3D,https://www.fidal.it/societa/ATL--AVIS-MACERATA/MC004
Marcia_5km,9999999999,,SOTTOCORNA Daniela,1991,CF,ATL. BRUSAPORTO,4 se- 2,Curno,2005-06-15,https://www.fidal.it/atleta/SOTTOCORNA-Daniela/dqmRl5Kga2o%3D,https://www.fidal.it/societa/ATL--BRUSAPORTO/BG542
lungo,P,,STEFANELLI Valentina,1986,PF,N.ATL. FANFULLA LODIGIANA,5 su- 1,Chiari,2008-04-05,https://www.fidal.it/atleta/STEFANELLI-Valentina/dq2Rk5OiaWc%3D,https://www.fidal.it/societa/N-ATL--FANFULLA-LODIGIANA/MI218
lungo,P,,PACILLI Elisa,1993,AF,ARU  TERNI AHMED COSTRUZIONI,10 su- 1,Siena,2009-04-25,https://www.fidal.it/atleta/PACILLI-Elisa/fqiRk5igcGo%3D,https://www.fidal.it/societa/ARU-TERNI-AHMED-COSTRUZIONI/TR002
lungo,R,,PAGNINI Daniele,1994,CM,ATL.CASALGUIDI M.C.L.ARISTON,13 su- 1,Pistoia,2008-05-10,https://www.fidal.it/atleta/PAGNINI-Daniele/faiSkpukb2g%3D,https://www.fidal.it/societa/ATL-CASALGUIDI-M-C-L-ARISTON/PT193
lungo,R,,PLACANICA Roberta,1994,CF,S.S.FIAMMA ATL.CATANZARO,1 su- 1,Reggio Calabria,2008-09-18,https://www.fidal.it/atleta/PLACANICA-Roberta/hqiRk5mfb2k%3D,https://www.fidal.it/societa/S-S-FIAMMA-ATL-CATANZARO/CZ010
lungo,X,,CHILA' Gabriele,1997,AM,ATL. STUDENTESCA CA.RI.RI,1 qu- 2,Rieti,2014-06-20,https://www.fidal.it/atleta/CHILA-Gabriele/hqiRk5mgbmc%3D,https://www.fidal.it/societa/ATL--STUDENTESCA-CA-RI-RI/RI223
lungo,X,,ZANEI Elisa,1984,SF,GS VALSUGANA TRENTINO,7 su- 1,Milano,2014-09-28,https://www.fidal.it/atleta/ZANEI-Elisa/d6iRkpSiaGM%3D,https://www.fidal.it/societa/GS-VALSUGANA-TRENTINO/TN104
lungo,X,,FEDERICI Andrea,1997,AM,ATL. BERGAMO 1959 CREBERG,3 qu- 2,Rieti,2014-06-20,https://www.fidal.it/atleta/FEDERICI-Andrea/dqqRlpunbWM%3D,https://www.fidal.it/societa/ATL--BERGAMO-1959-CREBERG/BG003
lungo,R,,PADERI Sara,1991,AF,SS ESPERIA,10 su- 1,Cagliari,2008-04-13,https://www.fidal.it/atleta/PADERI-Sara/iKiSmZqmaGo%3D,https://www.fidal.it/societa/SS-ESPERIA/CA003
lungo,R,,CASACCA Serena,1992,AF,AS ATLETICA MACOMER,4 su- 1,Cagliari,2008-04-13,https://www.fidal.it/atleta/CASACCA-Serena/iKiRlJOlams%3D,https://www.fidal.it/societa/AS-ATLETICA-MACOMER/NU171
lungo,R,+1.1,VENDRAMIN Lisa,1992,AF,ATLETICA PEDEROBBA,13 su- 1,Vittorio Veneto,2008-05-04,https://www.fidal.it/atleta/VENDRAMIN-Lisa/eKyRkpahbGo%3D,https://www.fidal.it/societa/ATLETICA-PEDEROBBA/TV381
lungo,P,,MADONNA Debora,1992,AF,A.S.D.FALCO AZZURRO-CARICHIETI,3 su- 1,Teramo,2008-05-24,https://www.fidal.it/atleta/MADONNA-Debora/gaiRk5ejaWc%3D,https://www.fidal.it/societa/A-S-D-FALCO-AZZURRO-CARICHIETI/CH136
lungo,P,+1.8,PANTALEONI Laura,1990,JF,ALTO LAZIO A.S.D.,1 su- 1,Cervia,2008-09-05,https://www.fidal.it/atleta/PANTALEONI-Laura/f6iRmZmfaGk%3D,https://www.fidal.it/societa/ALTO-LAZIO-A-S-D-/VT501
lungo,R,,MAURI Sara,1986,PF,DAINI CARATE BRIANZA,2 su- 1,Donnas,2008-09-21,https://www.fidal.it/atleta/MAURI-Sara/dq2RkpOnaWc%3D,https://www.fidal.it/societa/DAINI-CARATE-BRIANZA/MI095
lungo,R,,ROMAGNOLI Tiziano,1990,JM,UNIVERSALE ALBA DOCILIA,7 su- 1,Aulla,2008-04-27,https://www.fidal.it/atleta/ROMAGNOLI-Tiziano/daiUlpOnaGM%3D,https://www.fidal.it/societa/UNIVERSALE-ALBA-DOCILIA/SV037
lungo,P,,ESPOSITO Gianpasquale,1988,PM,A.S.D. AGG. HINNA,10 su- 1,Marano Di Napoli,2008-05-18,https://www.fidal.it/atleta/ESPOSITO-Gianpasquale/gKiRlZOjaGk%3D,https://www.fidal.it/societa/A-S-D--AGG--HINNA/NA014
lungo,R,,FEDELE Ferdinando,1985,SM,ASD ARCA ATL.AVERSA A.AVERSANO,6 su- 1,Marano Di Napoli,2008-05-18,https://www.fidal.it/atleta/FEDELE-Ferdinando/gKiRk5WmbWM%3D,https://www.fidal.it/societa/ASD-ARCA-ATL-AVERSA-A-AVERSANO/CE033
lungo,R,,GUARINI Alessio,1985,SM,S.E.F. VIRTUS EMILSIDER BO,4 se- 2,Pisa,2008-05-31,https://www.fidal.it/atleta/GUARINI-Alessio/eqiRlJalbGQ%3D,https://www.fidal.it/societa/S-E-F--VIRTUS-EMILSIDER-BO/BO007
lungo,P,,SNAIDERO Massimiliano,1992,AM,ATLETICA ALTO FRIULI,3 su- 1,Imola,2008-06-08,https://www.fidal.it/atleta/SNAIDERO-Massimiliano/eayRkpumcWo%3D,https://www.fidal.it/societa/ATLETICA-ALTO-FRIULI/UD115
lungo,R,,AMORE Mattia,1990,JM,SS SULCIS MAB SERVICE,7 su- 1,Oristano,2008-06-19,https://www.fidal.it/atleta/AMORE-Mattia/iKiSmJqjbGk%3D,https://www.fidal.it/societa/SS-SULCIS-MAB-SERVICE/CA129
lungo,R,,POLITI Gaetano,1986,PM,SPORT CLUB CATANIA A.S.D.,1 su- 1,Reggio Calabria,2008-06-24,https://www.fidal.it/atleta/POLITI-Gaetano/hqiRk5Wob2Q%3D,https://www.fidal.it/societa/SPORT-CLUB-CATANIA-A-S-D-/CT075
lungo,R,,PACE Giovanni,1990,JM,A.S.D. C.U.S. PALERMO,2 su- 1,Reggio Calabria,2008-06-24,https://www.fidal.it/atleta/PACE-Giovanni/h6iRlZWhcGo%3D,https://www.fidal.it/societa/A-S-D--C-U-S--PALERMO/PA001
lungo,R,,MARSIGLIANI Luca,1988,PM,ASD BRUNI PUBBL. ATL. VOMANO,8 su- 1,Firenze,2008-06-28,https://www.fidal.it/atleta/MARSIGLIANI-Luca/e6iRk5enaGw%3D,https://www.fidal.it/societa/ASD-BRUNI-PUBBL--ATL--VOMANO/TE049
lungo,P,,FRANZONI Lorenzo,1988,PM,G.S.SELF ATL. MONTANARI GRUZZA,2 se- 2,Castelnovo Monti,2008-07-06,https://www.fidal.it/atleta/FRANZONI-Lorenzo/eqiRlJufaWQ%3D,https://www.fidal.it/societa/G-S-SELF-ATL--MONTANARI-GRUZZA/RE105
lungo,R,,VALENTINI Marco,1991,AM,ATL. STUDENTESCA CA.RI.RI,3 su- 1,Reggio Calabria,2008-07-08,https://www.fidal.it/atleta/VALENTINI-Marco/f6iRmJqhbmw%3D,https://www.fidal.it/societa/ATL--STUDENTESCA-CA-RI-RI/RI223
lungo,R,,GUI Gabriel aurel,1975,SM,ATL. VIRTUS CASTENEDOLO,7 su- 1,Donnas,2008-07-13,https://www.fidal.it/atleta/GUI-Gabriel-aurel/dqiRlpSmamM%3D,https://www.fidal.it/societa/ATL--VIRTUS-CASTENEDOLO/BS575
lungo,R,,MOTTADELLI Paolo,1979,SM,ATL.  CENTO TORRI PAVIA,1 su- 1,Cagliari,2008-07-18,https://www.fidal.it/atleta/MOTTADELLI-Paolo/dqiRkpqhbGo%3D,https://www.fidal.it/societa/ATL--CENTO-TORRI-PAVIA/PV110
lungo,P,+0.0,GALVAN Marco,1980,SM,GS VALSUGANA TRENTINO,8 su- 1,Chiuro,2008-09-06,https://www.fidal.it/atleta/GALVAN-Marco/d6iRkpSkb2o%3D,https://www.fidal.it/societa/GS-VALSUGANA-TRENTINO/TN104
lungo,P,,SURIANO Mariano,1991,AM,A.S.D. LIB. POL. AMAT. ATL. BN,6 su- 1,Isernia,2008-09-07,https://www.fidal.it/atleta/SURIANO-Mariano/gKiRlpWgbmg%3D,https://www.fidal.it/societa/A-S-D--LIB--POL--AMAT--ATL--BN/BN026
lungo,P,,LISCO Alex,1989,JM,UNIONE GIOVANE BIELLA,3 su- 1,Ivrea,2008-09-13,https://www.fidal.it/atleta/LISCO-Alex/dKAAARk5mha2g%3D,https://www.fidal.it/societa/UNIONE-GIOVANE-BIELLA/VC002
lungo,P,,SIRTOLI Davide,1988,PM,ATL. BERGAMO 1959 CREBERG,2 su- 1,Brescia,2008-09-20,https://www.fidal.it/atleta/SIRTOLI-Davide/dqmRlpuncGc%3D,https://www.fidal.it/societa/ATL--BERGAMO-1959-CREBERG/BG003
lungo,-,,CASADEI Chiara,2000,CF,G.S. ATLETICA 75 CATTOLICA,17 su- 1,Serravalle,2015-04-18,https://www.fidal.it/atleta/CASADEI-Chiara/erORkpSfaWQ%3D,https://www.fidal.it/societa/G-S--ATLETICA-75-CATTOLICA/RN037
lungo,-,,PALMA Andrea,1999,AM,ASD ARCA ATL.AVERSA A.AVERSANO,13 su- 1,Salerno,2015-09-20,https://www.fidal.it/atleta/PALMA-Andrea/gKyRkpWncWs%3D,https://www.fidal.it/societa/ASD-ARCA-ATL-AVERSA-A-AVERSANO/CE033
lungo,-,,FARA Hugo rafael,2002,CM,C.S.S. LEONARDO DA VINCI,12 se- 1,Merano,2017-04-08,https://www.fidal.it/atleta/FARA-Hugo-rafael/iaiRk5Wfb2o%3D,https://www.fidal.it/societa/C-S-S--LEONARDO-DA-VINCI/BZ071
lungo,-,,FORTE Simone,1996,PM,G.A. FIAMME GIALLE,7 su- 1,Ostia,2017-09-17,https://www.fidal.it/atleta/FORTE-Simone/f6yRkpOgaWs%3D,https://www.fidal.it/societa/G-A--FIAMME-GIALLE/RM056
lungo,-,,FANTINI Matteo,2001,AM,ATL. ENDAS  CESENA,21 qu- 1,Rieti,2018-06-15,https://www.fidal.it/atleta/FANTINI-Matteo/equRkpOha2s%3D,https://www.fidal.it/societa/ATL--ENDAS-CESENA/FC049
lungo,-,,GIORGETTI Dario,2009,CM,G.P.ARCOBALENO,25 su- 1,Rosignano Solvay,2023-06-12,https://www.fidal.it/atleta/GIORGETTI-Dario/fayRkpuiamw%3D,https://www.fidal.it/societa/G-P-ARCOBALENO/LI335
lungo,-,,CRISA' Anna,2009,CF,ATLETICA LIVORNO,25 se- 2,Lucca,2023-04-02,https://www.fidal.it/atleta/CRISA-Anna/fayRkpmnbWs%3D,https://www.fidal.it/societa/ATLETICA-LIVORNO/LI036
lungo,-,,SORANI Adrian walter,2010,CM,PROSPORT ATL. FIRENZE,18 se- 1,Prato,2024-05-18,https://www.fidal.it/atleta/SORANI-Adrian-walter/faqRk5mlcGc%3D,https://www.fidal.it/societa/PROSPORT-ATL--FIRENZE/FI009
lungo,-,,SORANI Adrian walter,2010,CM,PROSPORT ATL. FIRENZE,18 se- 1,Prato,2024-05-18,https://www.fidal.it/atleta/SORANI-Adrian-walter/faqRk5mlcGc%3D,https://www.fidal.it/societa/PROSPORT-ATL--FIRENZE/FI009
triplo,P,,NAPOLETANO Antonio,1990,JM,AMATORI ATL. ACQUAVIVA,2 su- 1,Statte,2008-05-17,https://www.fidal.it/atleta/NAPOLETANO-Antonio/hKiSmZiiaGg%3D,https://www.fidal.it/societa/AMATORI-ATL--ACQUAVIVA/BA005
triplo,P,,TORCIANTI Marco,1981,SM,ATLETICA FABRIANO - OSIMO,2 su- 1,Macerata,2008-05-17,https://www.fidal.it/atleta/TORCIANTI-Marco/e6iRkpuhaGU%3D,https://www.fidal.it/societa/ATLETICA-FABRIANO-OSIMO/AN037
triplo,P,,AMBROSECCHIA Giuseppe,1987,PM,POL. ROCCO SCOTELLARO MT,3 su- 1,Statte,2008-05-17,https://www.fidal.it/atleta/AMBROSECCHIA-Giuseppe/haiRkpqmcWU%3D,https://www.fidal.it/societa/POL--ROCCO-SCOTELLARO-MT/MT023
triplo,P,,TREMIGLIOZZI Marco,1974,SM,A.S.D. LIB. POL. AMAT. ATL. BN,3 su- 1,Marano Di Napoli,2008-05-17,https://www.fidal.it/atleta/TREMIGLIOZZI-Marco/gKiRkpOlaGk%3D,https://www.fidal.it/societa/A-S-D--LIB--POL--AMAT--ATL--BN/BN026
triplo,P,,MASULLO Mirko,1991,AM,A.S.D. LIB. POL. AMAT. ATL. BN,9 su- 1,Marano Di Napoli,2008-05-17,https://www.fidal.it/atleta/MASULLO-Mirko/gKiRlZOjcWM%3D,https://www.fidal.it/societa/A-S-D--LIB--POL--AMAT--ATL--BN/BN026
triplo,P,,CAPOCCIA Luca,1981,SM,ASS.ATL.LIBERTAS ORVIETO,9 su- 1,Macerata,2008-05-17,https://www.fidal.it/atleta/CAPOCCIA-Luca/fqiRkpiga2o%3D,https://www.fidal.it/societa/ASS-ATL-LIBERTAS-ORVIETO/TR024
triplo,R,,MEAZZA Stefano,1967,SM40,ATLETICA LIVORNO,1 su- 1,Bressanone,2008-06-20,https://www.fidal.it/atleta/MEAZZA-Stefano/faiRkpKgcWQ%3D,https://www.fidal.it/societa/ATLETICA-LIVORNO/LI036
triplo,P,,BORTOLOZZI Mario,1973,SM35,JAGER ATLETICA VITTORIO V.TO,2 su- 1,Milano,2008-06-28,https://www.fidal.it/atleta/BORTOLOZZI-Mario/eKiRkpOmbGU%3D,https://www.fidal.it/societa/JAGER-ATLETICA-VITTORIO-V-TO/TV361
triplo,R,,CARDILE Marco,1991,AM,A.S. DIL. POL.MESSINA,6 su- 1,Reggio Calabria,2008-06-28,https://www.fidal.it/atleta/CARDILE-Marco/h6iRlpaia2Q%3D,https://www.fidal.it/societa/A-S--DIL--POL-MESSINA/ME099
triplo,R,,LISI Stefano,1988,PM,ATLETICA FIRENZE MARATHON S.S.,5 su- 1,Firenze,2008-07-05,https://www.fidal.it/atleta/LISI-Stefano/faiRm5agcGw%3D,https://www.fidal.it/societa/ATLETICA-FIRENZE-MARATHON-S-S-/FI002
triplo,P,,AROSIO Andrea,1989,JM,U.S. ATL. VEDANO,7 se- 2,Chiari,2008-07-05,https://www.fidal.it/atleta/AROSIO-Andrea/dq2RkpajaWY%3D,https://www.fidal.it/societa/U-S--ATL--VEDANO/MI054
triplo,R,,MINNITI Federico,1991,AM,AS ATLETICA SAGITTARIUS,1 su- 1,Reggio Calabria,2008-09-17,https://www.fidal.it/atleta/MINNITI-Federico/hqiRk5igamg%3D,https://www.fidal.it/societa/AS-ATLETICA-SAGITTARIUS/RC325
triplo,P,,LASCIALFARI Luca,1987,PM,E.SERVIZI ATL. FUTURA ROMA,1 su- 1,Molfetta,2008-09-27,https://www.fidal.it/atleta/LASCIALFARI-Luca/f6iRlpOoaWo%3D,https://www.fidal.it/societa/E-SERVIZI-ATL--FUTURA-ROMA/RM555
triplo,P,,VANNI Edoardo,1988,PM,ASA ASCOLI PICENO,7 su- 1,Molfetta,2008-09-27,https://www.fidal.it/atleta/VANNI-Edoardo/e6iRk5SlbWc%3D,https://www.fidal.it/societa/ASA-ASCOLI-PICENO/AP005
triplo,R,,MANGANI Leandro,1974,SM,ATLETICA FIRENZE MARATHON S.S.,2 su- 1,Firenze,2008-10-04,https://www.fidal.it/atleta/MANGANI-Leandro/faiRkpKnamU%3D,https://www.fidal.it/societa/ATLETICA-FIRENZE-MARATHON-S-S-/FI002
triplo,R,,CHIAPPALONE Marianna,1992,AF,ATLETICA REGGINA,1 su- 1,Reggio Calabria,2008-05-03,https://www.fidal.it/atleta/CHIAPPALONE-Marianna/hqiRk5Wia2k%3D,https://www.fidal.it/societa/ATLETICA-REGGINA/RC314
triplo,R,,DESSI' Giulia,1981,SF,S G AMSICORA,3 su- 1,Oristano,2008-05-17,https://www.fidal.it/atleta/DESSI-Giulia/iKiRkpKiaWQ%3D,https://www.fidal.it/societa/S-G-AMSICORA/CA002
triplo,R,,ZANIN Caterina,1992,AF,ATL. STUDENTESCA CA.RI.RI,3 su- 1,Reggio Calabria,2008-07-08,https://www.fidal.it/atleta/ZANIN-Caterina/f6iRmJKna2Y%3D,https://www.fidal.it/societa/ATL--STUDENTESCA-CA-RI-RI/RI223
triplo,P,,GHEZZI Giulia,1992,AF,N. ATL. VARESE,6 su- 1,Busto Arsizio,2008-09-20,https://www.fidal.it/atleta/GHEZZI-Giulia/drKRkpWfcWY%3D,https://www.fidal.it/societa/N--ATL--VARESE/VA130
triplo,R,,MARTINEZ Magdelin,1976,SF,ASSINDUSTRIA SPORT PADOVA,1 se- 2,Lodi,2008-09-27,https://www.fidal.it/atleta/MARTINEZ-Magdelin/dqqRkpOjcWM%3D,https://www.fidal.it/societa/ASSINDUSTRIA-SPORT-PADOVA/PD140
triplo,P,,ACQUARONE Erica,1988,PF,S.S. TRIONFO LIGURE,4 se- 1,Alessandria,2008-09-27,https://www.fidal.it/atleta/ACQUARONE-Erica/daiRk5Kmb2U%3D,https://www.fidal.it/societa/S-S--TRIONFO-LIGURE/GE003
triplo,X,,COSTANTINI Giuliano,1949,SM65,ASD.G.S.ATL.EFFEBI FOSSOMBRONE,1 su- 1,Modena,2014-07-05,https://www.fidal.it/atleta/COSTANTINI-Giuliano/e6iRkpWjcGw%3D,https://www.fidal.it/societa/ASD-G-S-ATL-EFFEBI-FOSSOMBRONE/PU005
triplo,X,,TESEI Claudia,1998,AF,OLIMPIA ATLETICA NETTUNO,11 qu- 1,Rieti,2014-06-21,https://www.fidal.it/atleta/TESEI-Claudia/f62RkpShbWQ%3D,https://www.fidal.it/societa/OLIMPIA-ATLETICA-NETTUNO/RS050
triplo,X,,OLOCCO Federica,1997,AF,ASDP ATLETICA PINEROLO,12 qu- 2,Rieti,2014-06-21,https://www.fidal.it/atleta/OLOCCO-Federica/dK6RlZegcWg%3D,https://www.fidal.it/societa/ASDP-ATLETICA-PINEROLO/TO016
triplo,X,,VITALI Chiara,1996,JF,ATL. BERGAMO 1959 CREBERG,11 su- 1,Milano,2014-09-27,https://www.fidal.it/atleta/VITALI-Chiara/dqmRl5ika2k%3D,https://www.fidal.it/societa/ATL--BERGAMO-1959-CREBERG/BG003
triplo,X,,CUNEO Benedetta,1996,JF,ATLETICA FIRENZE MARATHON S.S.,8 su- 1,Milano,2014-09-27,https://www.fidal.it/atleta/CUNEO-Benedetta/famRkpKjams%3D,https://www.fidal.it/societa/ATLETICA-FIRENZE-MARATHON-S-S-/FI002
triplo,X,,OTTAVIANI Giuseppe,2016,,ASD.G.S.ATL.EFFEBI FOSSOMBRONE,1 su- 1,Modena,2014-07-05,https://www.fidal.it/atleta/OTTAVIANI-Giuseppe/e6iRkpWfaGM%3D,https://www.fidal.it/societa/ASD-G-S-ATL-EFFEBI-FOSSOMBRONE/PU005
triplo,X,,POGGIOLI Giorgio,1961,SM50,ATLETICA TORINO,4 su- 1,Modena,2014-07-06,https://www.fidal.it/atleta/POGGIOLI-Giorgio/dKiRk5OlcWs%3D,https://www.fidal.it/societa/ATLETICA-TORINO/TO204
triplo,X,,SETTI Giorgio,1990,SM,A.S. LA FRATELLANZA 1874,10 su- 1,Milano,2014-09-27,https://www.fidal.it/atleta/SETTI-Giorgio/eqiRlpWlcGY%3D,https://www.fidal.it/societa/A-S--LA-FRATELLANZA-1874/MO052
triplo,X,,CIOCE Alfonso,1996,JM,E.SERVIZI ATL. FUTURA ROMA,7 su- 1,Milano,2014-09-27,https://www.fidal.it/atleta/CIOCE-Alfonso/f6iRmZakcGo%3D,https://www.fidal.it/societa/E-SERVIZI-ATL--FUTURA-ROMA/RM555
triplo,-,,PAOLETTI Valentina,2001,CF,A.S.D. G.S. ROATA  CHIUSANI,5 su- 1,Cuneo,2015-09-06,https://www.fidal.it/atleta/PAOLETTI-Valentina/dKyRlJOjamQ%3D,https://www.fidal.it/societa/A-S-D--G-S--ROATA-CHIUSANI/CN020
triplo,-,,SORO Isabella,1998,AF,G.S. ATL OLBIA,2 su- 1,Oristano,2015-09-19,https://www.fidal.it/atleta/SORO-Isabella/iKyRkpKgaGo%3D,https://www.fidal.it/societa/G-S--ATL-OLBIA/SS043
triplo,-,,LAMBRI Giovanni,1945,SM70,ATL. AMBROSIANA,4 su- 1,Nave,2016-06-29,https://www.fidal.it/atleta/LAMBRI-Giovanni/dq2Rk5qgbWM%3D,https://www.fidal.it/societa/ATL--AMBROSIANA/MI189
triplo,-,,CERULLO Alessandro,2002,CM,A.S.D. ENTERPRISE YOUNG,1 su- 1,Napoli,2017-07-08,https://www.fidal.it/atleta/CERULLO-Alessandro/gKyRkpika2o%3D,https://www.fidal.it/societa/A-S-D--ENTERPRISE-YOUNG/NA986
triplo,-,,INNOCENTI Sofia,2002,CF,POL. RINASCITA MONTEVARCHI,27 su- 1,Grosseto,2017-09-23,https://www.fidal.it/atleta/INNOCENTI-Sofia/famRkpOlcWU%3D,https://www.fidal.it/societa/POL--RINASCITA-MONTEVARCHI/AR058
triplo,-,,PALLADINO Francesco,2001,AM,POLISPORTIVA MOLISE CAMPOBASSO,3 su- 1,Salerno,2017-09-16,https://www.fidal.it/atleta/PALLADINO-Francesco/g6mRkpOla2U%3D,https://www.fidal.it/societa/POLISPORTIVA-MOLISE-CAMPOBASSO/CB006
triplo,-,,PIRRO' Francesca,2004,AF,ATL BRUGNERA PN FRIULINTAGLI,5 su- 1,San Vito Al Tagliamento,2020-07-09,https://www.fidal.it/atleta/PIRRO-Francesca/eayRk5ejb2w%3D,https://www.fidal.it/societa/ATL-BRUGNERA-PN-FRIULINTAGLI/PN039
triplo,-,,RICCIARDI Alessandra,2004,AF,ASD ARCA ATL.AVERSA A.AVERSANO,4 su- 1,Napoli,2020-07-23,https://www.fidal.it/atleta/RICCIARDI-Alessandra/gKuRkpSgcWY%3D,https://www.fidal.it/societa/ASD-ARCA-ATL-AVERSA-A-AVERSANO/CE033
triplo,-,,DI VINA Sveva,2006,JF,ATL.VICENTINA,17 su- 1,Imola,2024-07-03,https://www.fidal.it/atleta/DI-VINA-Sveva/eK6Rk5ShaWs%3D,https://www.fidal.it/societa/ATL-VICENTINA/VI626
peso_4kg,-,,DE MITRI Denis gabriel,2002,CM,CUS PRO PATRIA MILANO,4 su- 1,Milano,2017-05-28,https://www.fidal.it/atleta/DE-MITRI-Denis-gabriel/dq2RmJOgb2w%3D,https://www.fidal.it/societa/CUS-PRO-PATRIA-MILANO/MI077
peso_5kg,-,,DESTER Dario,2000,AM,CREMONA SPORTIVA ATL. ARVEDI,23 su- 1,Bergamo,2017-09-17,https://www.fidal.it/atleta/DESTER-Dario/dqiSl5akbGs%3D,https://www.fidal.it/societa/CREMONA-SPORTIVA-ATL--ARVEDI/CR041
disco_2kg,-,,SARACINO Marco,1992,SM,ATLETICA MALIGNANI LIBERTAS UD,10 su- 1,Brugnera,2015-09-05,https://www.fidal.it/atleta/SARACINO-Marco/eayRk5iiaGo%3D,https://www.fidal.it/societa/ATLETICA-MALIGNANI-LIBERTAS-UD/UD030
disco_2kg,-,,MURA Michele,1996,PM,POL GONONE DORGALI,4 su- 1,Nuoro,2018-04-22,https://www.fidal.it/atleta/MURA-Michele/iKyRkpWob2c%3D,https://www.fidal.it/societa/POL-GONONE-DORGALI/NU053
givellotto_400g,-,,RAIANO Claudia,2000,CF,C.U.S. BOLOGNA A.S.D.,11 su- 1,Scandiano,2015-09-15,https://www.fidal.it/atleta/RAIANO-Claudia/eqiRlpioaGM%3D,https://www.fidal.it/societa/C-U-S--BOLOGNA-A-S-D-/BO008
givellotto_400g,-,,OSAKUE Angel nohuwa,2003,CF,SISPORT SSD,20 su- 1,Borgaretto,2018-04-14,https://www.fidal.it/atleta/OSAKUE-Angel-nohuwa/dK6RlpuoaGg%3D,https://www.fidal.it/societa/SISPORT-SSD/TO002
giavellotto_800g,-,,POLI Giacomo,1985,SM,S.E.F. VIRTUS EMILSIDER BO,17 su- 1,Bologna,2015-05-16,https://www.fidal.it/atleta/POLI-Giacomo/eqmRkpaibGo%3D,https://www.fidal.it/societa/S-E-F--VIRTUS-EMILSIDER-BO/BO007
giavellotto_800g,-,,VILLA Andrea,1998,JM,U.S. ATL. VEDANO,18 se- 1,Bergamo,2016-01-24,https://www.fidal.it/atleta/VILLA-Andrea/dq2RlJKgamM%3D,https://www.fidal.it/societa/U-S--ATL--VEDANO/MI054
disco_1.5kg,-,,CHARBONNIER Nicolo',2006,AM,ATLETICA ASTI 2.2 A.S.D.,9 su- 1,Donnas,2022-10-16,https://www.fidal.it/atleta/CHARBONNIER-Nicolo-/dKuRk5mgbWU%3D,https://www.fidal.it/societa/ATLETICA-ASTI-2-2-A-S-D-/AT019
100m,10.33,+O.5,COLLIO Simone,1979,SM,G.A. FIAMME GIALLE,8 su- 1,Rieti,2005-08-28,https://www.fidal.it/atleta/COLLIO-Simone/dqiRlZWgamc%3D,https://www.fidal.it/societa/G-A--FIAMME-GIALLE/RM056
100m,10.47,"+4,1",FANTONI KABA Koura,1984,PM,G.A. FIAMME GIALLE,5 su- 1,Lagos,2005-05-28,https://www.fidal.it/atleta/FANTONI-KABA-Koura/dKyRk5igcGk%3D,https://www.fidal.it/societa/G-A--FIAMME-GIALLE/RM056
100m,10.51,"+3,7",ANCESCHI Stefano,1984,PM,G.A. FIAMME GIALLE,1 su- 1,Lagos,2005-05-28,https://www.fidal.it/atleta/ANCESCHI-Stefano/eqiRlJWlbms%3D,https://www.fidal.it/societa/G-A--FIAMME-GIALLE/RM056
100m,11.84,"+2,9",BELLANOVA RIVOIR Daniela,1976,SF,G.S. FIAMME AZZURRE,6 su- 1,Lagos,2005-05-28,https://www.fidal.it/atleta/BELLANOVA-RIVOIR-Daniela/hKiRkpOfcGQ%3D,https://www.fidal.it/societa/G-S--FIAMME-AZZURRE/RM002
100m,12.09,"+3,9",SMARGIASSI Eleonora,1979,SF,FONDIARIA - SAI ATLETICA,4 se- 2,Lagos,2005-05-28,https://www.fidal.it/atleta/SMARGIASSI-Eleonora/f6iRlZegcGg%3D,https://www.fidal.it/societa/FONDIARIA-SAI-ATLETICA/RM131
100m,12.25,"+3,9",GERVASI Chiara,1986,JF,FONDIARIA - SAI ATLETICA,6 se- 2,Lagos,2005-05-28,https://www.fidal.it/atleta/GERVASI-Chiara/daiRk5KfcWU%3D,https://www.fidal.it/societa/FONDIARIA-SAI-ATLETICA/RM131
100m,12.31,"+0,2",COLOMBO Roberta,1989,AF,U.S. SAN MAURIZIO,2 su- 1,Konstanz,2005-09-10,https://www.fidal.it/atleta/COLOMBO-Roberta/dquRkpKkaWw%3D,https://www.fidal.it/societa/U-S--SAN-MAURIZIO/CO012
100m,12.41,"+0,2",MELES Arianna,1985,PF,A.ATL. LECCO-COLOMBO COSTRUZ.,3 su- 1,Konstanz,2005-09-10,https://www.fidal.it/atleta/MELES-Arianna/dqiRlZqhbGs%3D,https://www.fidal.it/societa/A-ATL--LECCO-COLOMBO-COSTRUZ-/CO208
100m,11.51,-0-8,MAZZONI Michele,1980,SM,ASSI BANCA TOSCANA FIRENZE,2 se- 2,Livorno,2007-05-05,https://www.fidal.it/atleta/MAZZONI-Michele/faiSkpWjcGY%3D,https://www.fidal.it/societa/ASSI-BANCA-TOSCANA-FIRENZE/FI001
100m,13.8,-0-0,GRANDI Jessica,1990,AF,CENTRO ATLETICA PIOMBINO,6 se- 2,Livorno,2007-05-05,https://www.fidal.it/atleta/GRANDI-Jessica/faiRm5Kma2s%3D,https://www.fidal.it/societa/CENTRO-ATLETICA-PIOMBINO/LI038
100m,17.1,-0-0,DIMONI Ambra,1990,AF,TEAM ALLIEVE 2006,6 se- 1,Livorno,2007-05-05,https://www.fidal.it/atleta/DIMONI-Ambra/faiRm5igaGY%3D,https://www.fidal.it/societa/TEAM-ALLIEVE-2006/FI365
100Hs_h84-8.50,13.6,-1-1,GEREVINI Sveva,1996,SF,C.S. CARABINIERI SEZ. ATLETICA,1 se- 3,Grosseto,2022-04-30,https://www.fidal.it/atleta/GEREVINI-Sveva/dqiSl5SkaWQ%3D,https://www.fidal.it/societa/C-S--CARABINIERI-SEZ--ATLETICA/BO011
100Hs_h84-8.50,14.05,-1-1,GIOVANNINI Marta giaele,2001,PF,ATLETICA LIVORNO,6 se- 3,Grosseto,2022-04-30,https://www.fidal.it/atleta/GIOVANNINI-Marta-giaele/faiSk5KjbGk%3D,https://www.fidal.it/societa/ATLETICA-LIVORNO/LI036
triplo,16.36,"+2,6",DONATO Fabrizio,1976,SM,G.A. FIAMME GIALLE,4 fi- 1,Lagos,2005-05-29,https://www.fidal.it/atleta/DONATO-Fabrizio/f6iRkpSocGY%3D,https://www.fidal.it/societa/G-A--FIAMME-GIALLE/RM056
triplo,14.3,++2.,GORRIERI Federico,1985,PM,OLIMPUS SAN MARINO ATLETICA,4 su- 1,La Vella,2005-06-04,https://www.fidal.it/atleta/GORRIERI-Federico/eqiRlJSgbWo%3D,https://www.fidal.it/societa/OLIMPUS-SAN-MARINO-ATLETICA/SM278
triplo,14.18,++1.,GORRIERI Federico,1985,PM,OLIMPUS SAN MARINO ATLETICA,10 su- 1,Istanbul,2005-06-19,https://www.fidal.it/atleta/GORRIERI-Federico/eqiRlJSgbWo%3D,https://www.fidal.it/societa/OLIMPUS-SAN-MARINO-ATLETICA/SM278
lungo,7.09,++1.,MACCAPANI Luca,1982,SM,A.S. LA FRATELLANZA 1874,4 su- 1,La Vella,2005-06-02,https://www.fidal.it/atleta/MACCAPANI-Luca/eqiRk5Sfa2Y%3D,https://www.fidal.it/societa/A-S--LA-FRATELLANZA-1874/MO052
lungo,6.99,++1.,GORRIERI Federico,1985,PM,OLIMPUS SAN MARINO ATLETICA,6 su- 1,La Vella,2005-06-02,https://www.fidal.it/atleta/GORRIERI-Federico/eqiRlJSgbWo%3D,https://www.fidal.it/societa/OLIMPUS-SAN-MARINO-ATLETICA/SM278
lungo,6.17,++1.,GORRIERI Filippo,1989,AM,OLIMPUS SAN MARINO ATLETICA,20 su- 1,Marrakech,2005-07-14,https://www.fidal.it/atleta/GORRIERI-Filippo/eqiRlJancGo%3D,https://www.fidal.it/societa/OLIMPUS-SAN-MARINO-ATLETICA/SM278
lungo,6.07,"+1,9",GATTO Laura,1977,SF,G.S. FIAMME AZZURRE,5 fi- 1,Lagos,2005-05-29,https://www.fidal.it/atleta/GATTO-Laura/eKiRkpShcWM%3D,https://www.fidal.it/societa/G-S--FIAMME-AZZURRE/RM002
lungo,6.66,+.0.,MODUGNO Lorenzo,2000,PM,POLISPORTIVA TRIVENETO TRIESTE,8 ex- 2,Grosseto,2022-04-30,https://www.fidal.it/atleta/MODUGNO-Lorenzo/eauRkpuha2g%3D,https://www.fidal.it/societa/POLISPORTIVA-TRIVENETO-TRIESTE/TS099
200m,24.11,"+1,1",GRAGLIA Daniela,1976,SF,FONDIARIA - SAI ATLETICA,7 su- 1,Lagos,2005-05-29,https://www.fidal.it/atleta/GRAGLIA-Daniela/dK6RlJKjbWk%3D,https://www.fidal.it/societa/FONDIARIA-SAI-ATLETICA/RM131
200m,26.03,"-0,4",BONFANTI Elena,1988,AF,A.ATL. LECCO-COLOMBO COSTRUZ.,4 su- 1,Konstanz,2005-09-10,https://www.fidal.it/atleta/BONFANTI-Elena/dquRkpOhcWY%3D,https://www.fidal.it/societa/A-ATL--LECCO-COLOMBO-COSTRUZ-/CO208
200m,26.5,"-0,4",CASATI Stefania,1987,JF,GINN.MONZESE FORTI E LIBERI,6 su- 1,Konstanz,2005-09-10,https://www.fidal.it/atleta/CASATI-Stefania/dq2RkpOja2c%3D,https://www.fidal.it/societa/GINN-MONZESE-FORTI-E-LIBERI/MI085
200m,21.21,"+1,9",CAVALLARO Alessandro,1980,SM,G.A. FIAMME GIALLE,4 su- 1,Lagos,2005-05-29,https://www.fidal.it/atleta/CAVALLARO-Alessandro/h6iRk5aicWw%3D,https://www.fidal.it/societa/G-A--FIAMME-GIALLE/RM056
