prestazione,tempo,cronometraggio,atleta,anno,categoria,società,posizione,luogo,data,link_atleta,link_società
9.79,9.79,e,FORCELLINI Carla,1959,SF45,A.S.D. POL. EUROPA CAPACI,1 se- 1,Ancona,2007-03-03,https://www.fidal.it/atleta/FORCELLINI-Carla/f6iRkpKncGM%3D,https://www.fidal.it/societa/A-S-D--POL--EUROPA-CAPACI/PA335
9.9,9.90,e,FORCELLINI Carla,1959,SF50,ATLETICA GRAN SASSO SSD A R.L.,4 su- 1,Ancona,2009-03-28,https://www.fidal.it/atleta/FORCELLINI-Carla/f6iRkpKncGM%3D,https://www.fidal.it/societa/ATLETICA-GRAN-SASSO-SSD-A-R-L-/TE138
10.3,10.30,e,DODI Elisabetta,1970,SF40,POLISPORTIVA TRIVENETO TRIESTE,2 su- 1,Ancona,2010-02-20,https://www.fidal.it/atleta/DODI-Elisabetta/eaiRkpKicGk%3D,https://www.fidal.it/societa/POLISPORTIVA-TRIVENETO-TRIESTE/TS099
10.52,10.52,e,DODI Elisabetta,1970,SF40,POLISPORTIVA TRIVENETO TRIESTE,3 su- 1,Ancona,2011-03-05,https://www.fidal.it/atleta/DODI-Elisabetta/eaiRkpKicGk%3D,https://www.fidal.it/societa/POLISPORTIVA-TRIVENETO-TRIESTE/TS099
9.98,9.98,e,AIDI Miriam,1997,CF,A.S.D.  ATL. MARANO,1 se- 1,Napoli Ponticelli,2012-01-08,https://www.fidal.it/atleta/AIDI-Miriam/gKyRkpOmbWQ%3D,https://www.fidal.it/societa/A-S-D--ATL--MARANO/NA019
10.43,10.43,e,BOTTICELLA Andrea,1997,CF,A.S.D. POLISPORTIVA ASTRO 2000,2 se- 1,Napoli Ponticelli,2012-01-08,https://www.fidal.it/atleta/BOTTICELLA-Andrea/gKqRkpKibmU%3D,https://www.fidal.it/societa/A-S-D--POLISPORTIVA-ASTRO-2000/BN286
11.68,11.68,e,CACCIAPUOTI Vincenza,1997,CF,A.S.D.  ATL. MARANO,3 se- 1,Napoli Ponticelli,2012-01-08,https://www.fidal.it/atleta/CACCIAPUOTI-Vincenza/gKyRkpSlb2Q%3D,https://www.fidal.it/societa/A-S-D--ATL--MARANO/NA019
10.21,10.21,e,FERRARINI Barbara,1967,SF45,ATL. VIRTUS CASTENEDOLO,1 su- 1,Ancona,2014-03-08,https://www.fidal.it/atleta/FERRARINI-Barbara/dqiRkpWhbWg%3D,https://www.fidal.it/societa/ATL--VIRTUS-CASTENEDOLO/BS575
10.26,10.26,e,DE LUCA Rebecka,1972,SF40,ATL. ROMA ACQUACETOSA,3 se- 2,Budapest,2014-03-25,https://www.fidal.it/atleta/DE-LUCA-Rebecka/f6iRlpancGY%3D,https://www.fidal.it/societa/ATL--ROMA-ACQUACETOSA/RM161
10.34,10.34,e,DODI Elisabetta,1970,SF40,TRIESTE ATLETICA,1 se- 2,Ancona,2014-03-08,https://www.fidal.it/atleta/DODI-Elisabetta/eaiRkpKicGk%3D,https://www.fidal.it/societa/TRIESTE-ATLETICA/TS044
10.34,10.34,e,PICONESE Tiziana,1966,SF45,LAGARINA CRUS TEAM,2 su- 1,Ancona,2014-03-08,https://www.fidal.it/atleta/PICONESE-Tiziana/d6iRkpujbmw%3D,https://www.fidal.it/societa/LAGARINA-CRUS-TEAM/TN131
10.4,10.40,e,PICONESE Tiziana,1966,SF45,LAGARINA CRUS TEAM,1 su- 1,Padova,2014-02-23,https://www.fidal.it/atleta/PICONESE-Tiziana/d6iRkpujbmw%3D,https://www.fidal.it/societa/LAGARINA-CRUS-TEAM/TN131
10.55,10.55,e,DE LUCA Rebecka,1972,SF40,ATL. ROMA ACQUACETOSA,1 se- 2,Ancona,2014-03-07,https://www.fidal.it/atleta/DE-LUCA-Rebecka/f6iRlpancGY%3D,https://www.fidal.it/societa/ATL--ROMA-ACQUACETOSA/RM161
10.63,10.63,e,BENVENUTI Federica,1972,SF40,ATLETICA SANTAMONICA MISANO,1 se- 1,Ancona,2014-03-08,https://www.fidal.it/atleta/BENVENUTI-Federica/eqiRkpKlcWY%3D,https://www.fidal.it/societa/ATLETICA-SANTAMONICA-MISANO/RN471
10.96,10.96,e,CAMMELLI Francesca,1971,SF40,ASD ATLETICA PISTOIA,2 se- 2,Ancona,2014-03-08,https://www.fidal.it/atleta/CAMMELLI-Francesca/fbGRkpOhaGU%3D,https://www.fidal.it/societa/ASD-ATLETICA-PISTOIA/PT118
11.01,11.01,e,FRANCO Nunzia,1966,SF45,ATLETICA LEGGERA PORTICI,3 su- 1,Ancona,2014-03-08,https://www.fidal.it/atleta/FRANCO-Nunzia/gKiRkpKlbmY%3D,https://www.fidal.it/societa/ATLETICA-LEGGERA-PORTICI/NA982
11.02,11.02,e,CAMMELLI Francesca,1971,SF40,ASD ATLETICA PISTOIA,1 su- 1,Genova,2014-02-15,https://www.fidal.it/atleta/CAMMELLI-Francesca/fbGRkpOhaGU%3D,https://www.fidal.it/societa/ASD-ATLETICA-PISTOIA/PT118
11.21,11.21,e,LACAVA Giuseppa,1968,SF45,ASSI GIGLIO ROSSO FIRENZE,4 su- 1,Ancona,2014-03-08,https://www.fidal.it/atleta/LACAVA-Giuseppa/hqiRkpKga2s%3D,https://www.fidal.it/societa/ASSI-GIGLIO-ROSSO-FIRENZE/FI001
11.24,11.24,e,SESSA Carla,1972,SF40,A.S.D. C.U.S. SALERNO,3 se- 2,Ancona,2014-03-08,https://www.fidal.it/atleta/SESSA-Carla/gK2RkpKia2w%3D,https://www.fidal.it/societa/A-S-D--C-U-S--SALERNO/SA265
11.24,11.24,e,PAOLICCHI Paola,1971,SF40,ASD ATLETICA PISTOIA,4 se- 2,Ancona,2014-03-08,https://www.fidal.it/atleta/PAOLICCHI-Paola/faiRkpOgcWc%3D,https://www.fidal.it/societa/ASD-ATLETICA-PISTOIA/PT118
11.32,11.32,e,LACAVA Giuseppa,1968,SF45,ASSI GIGLIO ROSSO FIRENZE,2 se- 2,Ancona,2014-03-07,https://www.fidal.it/atleta/LACAVA-Giuseppa/hqiRkpKga2s%3D,https://www.fidal.it/societa/ASSI-GIGLIO-ROSSO-FIRENZE/FI001
11.49,11.49,e,MOROSINI Iris gemma,1972,SF40,ATL. ERBA,2 se- 1,Ancona,2014-03-08,https://www.fidal.it/atleta/MOROSINI-Iris-gemma/dquRk5Sha2c%3D,https://www.fidal.it/societa/ATL--ERBA/CO010
11.56,11.56,e,GRECO Roberta,1974,SF40,A.S.D. C.U.S. SALERNO,3 se- 2,Ancona,2014-03-07,https://www.fidal.it/atleta/GRECO-Roberta/gK2RkpKnbGo%3D,https://www.fidal.it/societa/A-S-D--C-U-S--SALERNO/SA265
11.57,11.57,e,BALLISTRERI Loredana,1973,SF40,ATLETICA DEI GELSI,3 se- 1,Ancona,2014-03-08,https://www.fidal.it/atleta/BALLISTRERI-Loredana/dKiRkpOkbGc%3D,https://www.fidal.it/societa/ATLETICA-DEI-GELSI/RM237
11.64,11.64,e,GARIBOLDI Vittoriana,1965,SF45,ASD ATLETICA PISTOIA,2 su- 1,Genova,2014-02-15,https://www.fidal.it/atleta/GARIBOLDI-Vittoriana/faiSkpqjbWU%3D,https://www.fidal.it/societa/ASD-ATLETICA-PISTOIA/PT118
11.65,11.65,e,GRECO Roberta,1974,SF40,A.S.D. C.U.S. SALERNO,4 se- 1,Ancona,2014-03-08,https://www.fidal.it/atleta/GRECO-Roberta/gK2RkpKnbGo%3D,https://www.fidal.it/societa/A-S-D--C-U-S--SALERNO/SA265
11.86,11.86,e,BARTOLINI Veronica,1970,SF40,ASD ATLETICA PISTOIA,5 se- 1,Ancona,2014-03-08,https://www.fidal.it/atleta/BARTOLINI-Veronica/fbGRkpOlbGs%3D,https://www.fidal.it/societa/ASD-ATLETICA-PISTOIA/PT118
11.99,11.99,e,RIGANTE Sabrina,1971,SF40,ATLETICA ALMA JUVENTUS FANO,4 se- 2,Ancona,2014-03-07,https://www.fidal.it/atleta/RIGANTE-Sabrina/e6yRkpKobWU%3D,https://www.fidal.it/societa/ATLETICA-ALMA-JUVENTUS-FANO/PU020
12.05,12.05,e,SEREGO ALLIGHIERI Viola,1970,SF40,ATL. ROMA ACQUACETOSA,5 se- 2,Ancona,2014-03-07,https://www.fidal.it/atleta/SEREGO-ALLIGHIERI-Viola/f6iRkpKobGg%3D,https://www.fidal.it/societa/ATL--ROMA-ACQUACETOSA/RM161
13.0,13.00,e,PAOLICCHI Paola,1971,SF40,ASD ATLETICA PISTOIA,3 su- 1,Genova,2014-02-15,https://www.fidal.it/atleta/PAOLICCHI-Paola/faiRkpOgcWc%3D,https://www.fidal.it/societa/ASD-ATLETICA-PISTOIA/PT118
9.72,9.72,e,BAGGIOLINI Emanuela,1972,SF40,C.U.S. CAGLIARI,4 su- 1,Torun,2015-03-28,https://www.fidal.it/atleta/BAGGIOLINI-Emanuela/dqiRkpWjbGg%3D,https://www.fidal.it/societa/C-U-S--CAGLIARI/CA001
10.04,10.04,e,GIULIVI Antonella,1975,SF40,S.S. VITTORIO ALFIERI ASTI,1 se- 2,Ancona,2015-02-27,https://www.fidal.it/atleta/GIULIVI-Antonella/dKiRkpKobmU%3D,https://www.fidal.it/societa/S-S--VITTORIO-ALFIERI-ASTI/AT001
10.08,10.08,e,GIULIVI Antonella,1975,SF40,S.S. VITTORIO ALFIERI ASTI,1 su- 1,Ancona,2015-02-28,https://www.fidal.it/atleta/GIULIVI-Antonella/dKiRkpKobmU%3D,https://www.fidal.it/societa/S-S--VITTORIO-ALFIERI-ASTI/AT001
10.22,10.22,e,ANSALDI Chiara,1968,SF45,ATL. VIRTUS CASTENEDOLO,1 su- 1,Ancona,2015-02-28,https://www.fidal.it/atleta/ANSALDI-Chiara/dK6RlJihbWQ%3D,https://www.fidal.it/societa/ATL--VIRTUS-CASTENEDOLO/BS575
10.48,10.48,e,FERRIO Ivana,1970,SF45,SAFATLETICA SSD A RL,1 su- 1,Aosta,2015-03-08,https://www.fidal.it/atleta/FERRIO-Ivana/dK6RlpenaWQ%3D,https://www.fidal.it/societa/SAFATLETICA-SSD-A-RL/TO247
10.55,10.55,e,FELLA Ivana,1974,SF40,GIOVANNI SCAVO 2000 ATL.,2 su- 1,Ancona,2015-02-28,https://www.fidal.it/atleta/FELLA-Ivana/f6iRkpOgbGQ%3D,https://www.fidal.it/societa/GIOVANNI-SCAVO-2000-ATL-/RM106
10.57,10.57,e,DODI Elisabetta,1970,SF45,TRIESTE ATLETICA,2 su- 1,Ancona,2015-02-28,https://www.fidal.it/atleta/DODI-Elisabetta/eaiRkpKicGk%3D,https://www.fidal.it/societa/TRIESTE-ATLETICA/TS044
10.64,10.64,e,PONTE Alessandra,1974,SF40,ATLETICA BRESCIA MARATHON,2 se- 2,Ancona,2015-02-27,https://www.fidal.it/atleta/PONTE-Alessandra/dqqRl5umb2s%3D,https://www.fidal.it/societa/ATLETICA-BRESCIA-MARATHON/BS688
10.92,10.92,e,DE LUCA Rebecka,1972,SF40,ATL. ROMA ACQUACETOSA,3 su- 1,Ancona,2015-02-28,https://www.fidal.it/atleta/DE-LUCA-Rebecka/f6iRlpancGY%3D,https://www.fidal.it/societa/ATL--ROMA-ACQUACETOSA/RM161
10.94,10.94,e,BARTOLINI Veronica,1970,SF45,ASD ATLETICA PISTOIA,3 su- 1,Ancona,2015-02-28,https://www.fidal.it/atleta/BARTOLINI-Veronica/fbGRkpOlbGs%3D,https://www.fidal.it/societa/ASD-ATLETICA-PISTOIA/PT118
10.97,10.97,e,BARTOLINI Veronica,1970,SF45,ASD ATLETICA PISTOIA,3 se- 2,Ancona,2015-02-27,https://www.fidal.it/atleta/BARTOLINI-Veronica/fbGRkpOlbGs%3D,https://www.fidal.it/societa/ASD-ATLETICA-PISTOIA/PT118
10.98,10.98,e,DE LUCA Rebecka,1972,SF40,ATL. ROMA ACQUACETOSA,4 se- 2,Ancona,2015-02-27,https://www.fidal.it/atleta/DE-LUCA-Rebecka/f6iRlpancGY%3D,https://www.fidal.it/societa/ATL--ROMA-ACQUACETOSA/RM161
11.14,11.14,e,BARTOLINI Veronica,1970,SF45,ASD ATLETICA PISTOIA,1 su- 1,Padova,2015-02-07,https://www.fidal.it/atleta/BARTOLINI-Veronica/fbGRkpOlbGs%3D,https://www.fidal.it/societa/ASD-ATLETICA-PISTOIA/PT118
11.21,11.21,e,CAMMELLI Francesca,1971,SF40,ASD ATLETICA PISTOIA,4 su- 1,Ancona,2015-02-28,https://www.fidal.it/atleta/CAMMELLI-Francesca/fbGRkpOhaGU%3D,https://www.fidal.it/societa/ASD-ATLETICA-PISTOIA/PT118
11.23,11.23,e,CAMMELLI Francesca,1971,SF40,ASD ATLETICA PISTOIA,2 su- 1,Padova,2015-02-07,https://www.fidal.it/atleta/CAMMELLI-Francesca/fbGRkpOhaGU%3D,https://www.fidal.it/societa/ASD-ATLETICA-PISTOIA/PT118
11.4,11.40,e,GANG Judy,1973,SF40,SPORTCLUB MERAN ASV,5 su- 1,Ancona,2015-02-28,https://www.fidal.it/atleta/GANG-Judy/iaiRk5OjamU%3D,https://www.fidal.it/societa/SPORTCLUB-MERAN-ASV/BZ019
11.55,11.55,e,LACAVA Giusy,1968,SF45,ASSI GIGLIO ROSSO FIRENZE,4 su- 1,Ancona,2015-02-28,https://www.fidal.it/atleta/LACAVA-Giusy/hqiRkpKga2s%3D,https://www.fidal.it/societa/ASSI-GIGLIO-ROSSO-FIRENZE/FI001
11.74,11.74,e,RIGANTE Sabrina,1971,SF40,ATLETICA ALMA JUVENTUS FANO,5 se- 2,Ancona,2015-02-27,https://www.fidal.it/atleta/RIGANTE-Sabrina/e6yRkpKobWU%3D,https://www.fidal.it/societa/ATLETICA-ALMA-JUVENTUS-FANO/PU020
11.79,11.79,e,PAOLICCHI Paola,1971,SF40,ASD ATLETICA PISTOIA,6 su- 1,Ancona,2015-02-28,https://www.fidal.it/atleta/PAOLICCHI-Paola/faiRkpOgcWc%3D,https://www.fidal.it/societa/ASD-ATLETICA-PISTOIA/PT118
12.25,12.25,e,PARI Licia,1967,SF45,ATLETICA SANTAMONICA MISANO,5 su- 1,Ancona,2015-02-28,https://www.fidal.it/atleta/PARI-Licia/eqiRlpikaGQ%3D,https://www.fidal.it/societa/ATLETICA-SANTAMONICA-MISANO/RN471
12.29,12.29,e,CHATOUI Hnia,1969,SF45,ASD LA GALLA PONTEDERA ATL.,6 su- 1,Ancona,2015-02-28,https://www.fidal.it/atleta/CHATOUI-Hnia/faiRm5incWs%3D,https://www.fidal.it/societa/ASD-LA-GALLA-PONTEDERA-ATL-/PI144
13.13,13.13,e,VOLPE Veronica,1973,SF40,ATLETICA COGNE AOSTA,7 su- 1,Ancona,2015-02-28,https://www.fidal.it/atleta/VOLPE-Veronica/jKiRlJafa2U%3D,https://www.fidal.it/societa/ATLETICA-COGNE-AOSTA/AO001
9.22,9.22,e,MORONI Maria costanza,1969,SF45,G.S. ERMENEGILDO ZEGNA,1 su- 1,Ancona,2016-04-02,https://www.fidal.it/atleta/MORONI-Maria-costanza/dK6RlJKgamg%3D,https://www.fidal.it/societa/G-S--ERMENEGILDO-ZEGNA/VC020
9.39,9.39,e,COLOMBO Roberta sara,1973,SF40,ATLETICA MONZA,3 ba- 1,Ancona,2016-04-01,https://www.fidal.it/atleta/COLOMBO-Roberta-sara/dqiRlJOma2o%3D,https://www.fidal.it/societa/ATLETICA-MONZA/MI710
9.39,9.39,e,COLOMBO Roberta sara,1973,SF40,ATLETICA MONZA,4 fi- 1,Ancona,2016-04-02,https://www.fidal.it/atleta/COLOMBO-Roberta-sara/dqiRlJOma2o%3D,https://www.fidal.it/societa/ATLETICA-MONZA/MI710
9.48,9.48,e,MORONI Maria costanza,1969,SF45,G.S. ERMENEGILDO ZEGNA,1 su- 1,Ancona,2016-02-27,https://www.fidal.it/atleta/MORONI-Maria-costanza/dK6RlJKgamg%3D,https://www.fidal.it/societa/G-S--ERMENEGILDO-ZEGNA/VC020
9.55,9.55,e,COLOMBO Roberta sara,1973,SF40,ATLETICA MONZA,2 se- 2,Ancona,2016-03-29,https://www.fidal.it/atleta/COLOMBO-Roberta-sara/dqiRlJOma2o%3D,https://www.fidal.it/societa/ATLETICA-MONZA/MI710
9.62,9.62,e,MORONI Maria costanza,1969,SF45,G.S. ERMENEGILDO ZEGNA,1 se- 1,Saronno,2016-03-06,https://www.fidal.it/atleta/MORONI-Maria-costanza/dK6RlJKgamg%3D,https://www.fidal.it/societa/G-S--ERMENEGILDO-ZEGNA/VC020
9.66,9.66,e,COLOMBO Roberta sara,1973,SF40,ATLETICA MONZA,1 se- 2,Ancona,2016-02-26,https://www.fidal.it/atleta/COLOMBO-Roberta-sara/dqiRlJOma2o%3D,https://www.fidal.it/societa/ATLETICA-MONZA/MI710
9.82,9.82,e,COLOMBO Roberta sara,1973,SF40,ATLETICA MONZA,1 su- 1,Ancona,2016-02-27,https://www.fidal.it/atleta/COLOMBO-Roberta-sara/dqiRlJOma2o%3D,https://www.fidal.it/societa/ATLETICA-MONZA/MI710
9.83,9.83,e,FERRIO Ivana,1970,SF45,ATLETICA CANAVESANA,2 su- 1,Ancona,2016-02-27,https://www.fidal.it/atleta/FERRIO-Ivana/dK6RlpenaWQ%3D,https://www.fidal.it/societa/ATLETICA-CANAVESANA/TO015
9.94,9.94,e,GIULIVI Antonella,1975,SF40,S.S. VITTORIO ALFIERI ASTI,3 se- 2,Ancona,2016-03-29,https://www.fidal.it/atleta/GIULIVI-Antonella/dKiRkpKobmU%3D,https://www.fidal.it/societa/S-S--VITTORIO-ALFIERI-ASTI/AT001
9.97,9.97,e,GIULIVI Antonella,1975,SF40,S.S. VITTORIO ALFIERI ASTI,5 ba- 2,Ancona,2016-04-01,https://www.fidal.it/atleta/GIULIVI-Antonella/dKiRkpKobmU%3D,https://www.fidal.it/societa/S-S--VITTORIO-ALFIERI-ASTI/AT001
9.98,9.98,e,GIULIVI Antonella,1975,SF40,S.S. VITTORIO ALFIERI ASTI,1 su- 1,Aosta,2016-02-06,https://www.fidal.it/atleta/GIULIVI-Antonella/dKiRkpKobmU%3D,https://www.fidal.it/societa/S-S--VITTORIO-ALFIERI-ASTI/AT001
10.0,10.00,e,FERRIO Ivana,1970,SF45,ATLETICA CANAVESANA,2 su- 1,Aosta,2016-02-06,https://www.fidal.it/atleta/FERRIO-Ivana/dK6RlpenaWQ%3D,https://www.fidal.it/societa/ATLETICA-CANAVESANA/TO015
10.28,10.28,e,FERRIO Ivana,1970,SF45,ATLETICA CANAVESANA,1 su- 1,Bra,2016-01-24,https://www.fidal.it/atleta/FERRIO-Ivana/dK6RlpenaWQ%3D,https://www.fidal.it/societa/ATLETICA-CANAVESANA/TO015
10.37,10.37,e,FELLA Ivana,1974,SF40,GIOVANNI SCAVO 2000 ATL.,7 ba- 1,Ancona,2016-04-01,https://www.fidal.it/atleta/FELLA-Ivana/f6iRkpOgbGQ%3D,https://www.fidal.it/societa/GIOVANNI-SCAVO-2000-ATL-/RM106
10.41,10.41,e,FELLA Ivana,1974,SF40,GIOVANNI SCAVO 2000 ATL.,2 su- 1,Ancona,2016-02-27,https://www.fidal.it/atleta/FELLA-Ivana/f6iRkpOgbGQ%3D,https://www.fidal.it/societa/GIOVANNI-SCAVO-2000-ATL-/RM106
10.57,10.57,e,FELLA Ivana,1974,SF40,GIOVANNI SCAVO 2000 ATL.,2 se- 2,Ancona,2016-02-26,https://www.fidal.it/atleta/FELLA-Ivana/f6iRkpOgbGQ%3D,https://www.fidal.it/societa/GIOVANNI-SCAVO-2000-ATL-/RM106
10.66,10.66,e,BENVENUTI Federica,1972,SF40,ATLETICA SANTAMONICA MISANO,3 su- 1,Ancona,2016-02-27,https://www.fidal.it/atleta/BENVENUTI-Federica/eqiRkpKlcWY%3D,https://www.fidal.it/societa/ATLETICA-SANTAMONICA-MISANO/RN471
10.82,10.82,e,ANSALDI Chiara,1968,SF45,ATL. VIRTUS CASTENEDOLO,3 su- 1,Ancona,2016-02-27,https://www.fidal.it/atleta/ANSALDI-Chiara/dK6RlJihbWQ%3D,https://www.fidal.it/societa/ATL--VIRTUS-CASTENEDOLO/BS575
10.84,10.84,e,CAMMELLI Francesca,1971,SF45,ASD ATLETICA PISTOIA,6 ba- 2,Ancona,2016-04-01,https://www.fidal.it/atleta/CAMMELLI-Francesca/fbGRkpOhaGU%3D,https://www.fidal.it/societa/ASD-ATLETICA-PISTOIA/PT118
11.0,11.00,e,CAMMELLI Francesca,1971,SF45,ASD ATLETICA PISTOIA,3 su- 1,Padova,2016-02-13,https://www.fidal.it/atleta/CAMMELLI-Francesca/fbGRkpOhaGU%3D,https://www.fidal.it/societa/ASD-ATLETICA-PISTOIA/PT118
11.12,11.12,e,CAMMELLI Francesca,1971,SF45,ASD ATLETICA PISTOIA,4 su- 1,Ancona,2016-02-27,https://www.fidal.it/atleta/CAMMELLI-Francesca/fbGRkpOhaGU%3D,https://www.fidal.it/societa/ASD-ATLETICA-PISTOIA/PT118
11.15,11.15,e,BARTOLINI Veronica,1970,SF45,ASD ATLETICA PISTOIA,3 se- 2,Ancona,2016-02-26,https://www.fidal.it/atleta/BARTOLINI-Veronica/fbGRkpOlbGs%3D,https://www.fidal.it/societa/ASD-ATLETICA-PISTOIA/PT118
11.18,11.18,e,REALI Elena,1974,SF40,ASSI GIGLIO ROSSO FIRENZE,5 se- 1,Ancona,2016-03-29,https://www.fidal.it/atleta/REALI-Elena/fbGRkpKkcGQ%3D,https://www.fidal.it/societa/ASSI-GIGLIO-ROSSO-FIRENZE/FI001
11.2,11.20,e,SCIASCIA Simona,1972,SF40,ASD U.S. ATERNO PESCARA,4 su- 1,Ancona,2016-02-27,https://www.fidal.it/atleta/SCIASCIA-Simona/gauRkpKhbGs%3D,https://www.fidal.it/societa/ASD-U-S--ATERNO-PESCARA/PE001
11.25,11.25,e,LACAVA Giusy,1968,SF45,ASSI GIGLIO ROSSO FIRENZE,4 se- 2,Ancona,2016-02-26,https://www.fidal.it/atleta/LACAVA-Giusy/hqiRkpKga2s%3D,https://www.fidal.it/societa/ASSI-GIGLIO-ROSSO-FIRENZE/FI001
11.25,11.25,e,BARTOLINI Veronica,1970,SF45,ASD ATLETICA PISTOIA,5 su- 1,Ancona,2016-02-27,https://www.fidal.it/atleta/BARTOLINI-Veronica/fbGRkpOlbGs%3D,https://www.fidal.it/societa/ASD-ATLETICA-PISTOIA/PT118
11.32,11.32,e,LACAVA Giusy,1968,SF45,ASSI GIGLIO ROSSO FIRENZE,6 su- 1,Ancona,2016-02-27,https://www.fidal.it/atleta/LACAVA-Giusy/hqiRkpKga2s%3D,https://www.fidal.it/societa/ASSI-GIGLIO-ROSSO-FIRENZE/FI001
11.38,11.38,e,REALI Elena,1974,SF40,ASSI GIGLIO ROSSO FIRENZE,5 su- 1,Ancona,2016-02-27,https://www.fidal.it/atleta/REALI-Elena/fbGRkpKkcGQ%3D,https://www.fidal.it/societa/ASSI-GIGLIO-ROSSO-FIRENZE/FI001
11.44,11.44,e,FISSI Claudia,1976,SF40,ASD LA GALLA PONTEDERA ATL.,6 su- 1,Ancona,2016-02-27,https://www.fidal.it/atleta/FISSI-Claudia/faiSkpWjaGQ%3D,https://www.fidal.it/societa/ASD-LA-GALLA-PONTEDERA-ATL-/PI144
11.5,11.50,e,SESSA Carla,1972,SF40,A.S.D. C.U.S. SALERNO,7 su- 1,Ancona,2016-02-27,https://www.fidal.it/atleta/SESSA-Carla/gK2RkpKia2w%3D,https://www.fidal.it/societa/A-S-D--C-U-S--SALERNO/SA265
12.02,12.02,e,PISCHEDDA Silvia,1972,SF40,AS DELOGU NUORO,5 se- 2,Ancona,2016-02-26,https://www.fidal.it/atleta/PISCHEDDA-Silvia/iKqRkpKmcGY%3D,https://www.fidal.it/societa/AS-DELOGU-NUORO/NU040
12.11,12.11,e,CHATOUI Hnia,1969,SF45,ASD LA GALLA PONTEDERA ATL.,6 se- 2,Ancona,2016-02-26,https://www.fidal.it/atleta/CHATOUI-Hnia/faiRm5incWs%3D,https://www.fidal.it/societa/ASD-LA-GALLA-PONTEDERA-ATL-/PI144
12.69,12.69,e,DI STEFANO Lucilla,1975,SF40,DUE PONTI SRL,7 se- 2,Ancona,2016-02-26,https://www.fidal.it/atleta/DI-STEFANO-Lucilla/f6iRmZmmbGw%3D,https://www.fidal.it/societa/DUE-PONTI-SRL/RM129
12.98,12.98,e,BRUGNETTI Francesca,1975,SF40,COLLEFERRO ATLETICA,8 ba- 1,Ancona,2016-04-01,https://www.fidal.it/atleta/BRUGNETTI-Francesca/f62RkpaocGU%3D,https://www.fidal.it/societa/COLLEFERRO-ATLETICA/RS012
14.16,14.16,e,ZUGNONI Cinzia,1970,SF45,G.S. C.S.I. MORBEGNO,2 se- 1,Saronno,2016-03-06,https://www.fidal.it/atleta/ZUGNONI-Cinzia/dqiRlZSia2U%3D,https://www.fidal.it/societa/G-S--C-S-I--MORBEGNO/SO114
9.27,9.27,e,COLOMBO Roberta sara,1973,SF40,ATLETICA MONZA,1 se- 2,Ancona,2017-02-24,https://www.fidal.it/atleta/COLOMBO-Roberta-sara/dqiRlJOma2o%3D,https://www.fidal.it/societa/ATLETICA-MONZA/MI710
9.41,9.41,e,MORONI Maria costanza,1969,SF45,G.S. ERMENEGILDO ZEGNA,1 su- 1,Ancona,2017-02-25,https://www.fidal.it/atleta/MORONI-Maria-costanza/dK6RlJKgamg%3D,https://www.fidal.it/societa/G-S--ERMENEGILDO-ZEGNA/VC020
9.44,9.44,e,COLOMBO Roberta sara,1973,SF40,ATLETICA MONZA,1 su- 1,Ancona,2017-02-25,https://www.fidal.it/atleta/COLOMBO-Roberta-sara/dqiRlJOma2o%3D,https://www.fidal.it/societa/ATLETICA-MONZA/MI710
9.55,9.55,e,MORONI Maria costanza,1969,SF45,G.S. ERMENEGILDO ZEGNA,1 su- 1,Aosta,2017-02-18,https://www.fidal.it/atleta/MORONI-Maria-costanza/dK6RlJKgamg%3D,https://www.fidal.it/societa/G-S--ERMENEGILDO-ZEGNA/VC020
9.64,9.64,e,GIULIVI Antonella,1975,SF40,S.S. VITTORIO ALFIERI ASTI,2 su- 1,Ancona,2017-02-25,https://www.fidal.it/atleta/GIULIVI-Antonella/dKiRkpKobmU%3D,https://www.fidal.it/societa/S-S--VITTORIO-ALFIERI-ASTI/AT001
9.78,9.78,e,GIULIVI Antonella,1975,SF40,S.S. VITTORIO ALFIERI ASTI,2 su- 1,Aosta,2017-02-18,https://www.fidal.it/atleta/GIULIVI-Antonella/dKiRkpKobmU%3D,https://www.fidal.it/societa/S-S--VITTORIO-ALFIERI-ASTI/AT001
10.2,10.20,e,ANSALDI Chiara,1968,SF45,ATL. VIRTUS CASTENEDOLO,2 su- 1,Ancona,2017-02-25,https://www.fidal.it/atleta/ANSALDI-Chiara/dK6RlJihbWQ%3D,https://www.fidal.it/societa/ATL--VIRTUS-CASTENEDOLO/BS575
10.37,10.37,e,FERRIO Ivana,1970,SF45,ATLETICA CANAVESANA,3 su- 1,Aosta,2017-02-18,https://www.fidal.it/atleta/FERRIO-Ivana/dK6RlpenaWQ%3D,https://www.fidal.it/societa/ATLETICA-CANAVESANA/TO015
10.62,10.62,e,FELLA Ivana,1974,SF40,GIOVANNI SCAVO 2000 ATL.,3 su- 1,Ancona,2017-02-25,https://www.fidal.it/atleta/FELLA-Ivana/f6iRkpOgbGQ%3D,https://www.fidal.it/societa/GIOVANNI-SCAVO-2000-ATL-/RM106
10.98,10.98,e,PAOLICCHI Paola,1971,SF45,ASD ATLETICA PISTOIA,1 se- 1,Saronno,2017-02-19,https://www.fidal.it/atleta/PAOLICCHI-Paola/faiRkpOgcWc%3D,https://www.fidal.it/societa/ASD-ATLETICA-PISTOIA/PT118
11.01,11.01,e,PAOLICCHI Paola,1971,SF45,ASD ATLETICA PISTOIA,2 se- 2,Ancona,2017-02-24,https://www.fidal.it/atleta/PAOLICCHI-Paola/faiRkpOgcWc%3D,https://www.fidal.it/societa/ASD-ATLETICA-PISTOIA/PT118
11.28,11.28,e,FISSI Claudia,1976,SF40,ASD LA GALLA PONTEDERA ATL.,4 su- 1,Ancona,2017-02-25,https://www.fidal.it/atleta/FISSI-Claudia/faiSkpWjaGQ%3D,https://www.fidal.it/societa/ASD-LA-GALLA-PONTEDERA-ATL-/PI144
11.38,11.38,e,PAOLICCHI Paola,1971,SF45,ASD ATLETICA PISTOIA,3 su- 1,Ancona,2017-02-25,https://www.fidal.it/atleta/PAOLICCHI-Paola/faiRkpOgcWc%3D,https://www.fidal.it/societa/ASD-ATLETICA-PISTOIA/PT118
11.39,11.39,e,GRECO Roberta,1974,SF40,A.S.D. C.U.S. SALERNO,3 se- 2,Ancona,2017-02-24,https://www.fidal.it/atleta/GRECO-Roberta/gK2RkpKnbGo%3D,https://www.fidal.it/societa/A-S-D--C-U-S--SALERNO/SA265
11.62,11.62,e,LACAVA Giusy,1968,SF45,ASSI GIGLIO ROSSO FIRENZE,4 su- 1,Ancona,2017-02-25,https://www.fidal.it/atleta/LACAVA-Giusy/hqiRkpKga2s%3D,https://www.fidal.it/societa/ASSI-GIGLIO-ROSSO-FIRENZE/FI001
11.63,11.63,e,PRATICO' Giulia,1968,SF45,ATLETICA DEI GELSI,5 su- 1,Ancona,2017-02-25,https://www.fidal.it/atleta/PRATICO-Giulia/f6yRlJOnb2Y%3D,https://www.fidal.it/societa/ATLETICA-DEI-GELSI/RM237
11.64,11.64,e,PAOLICCHI Paola,1971,SF45,ASD ATLETICA PISTOIA,1 su- 1,Padova,2017-02-11,https://www.fidal.it/atleta/PAOLICCHI-Paola/faiRkpOgcWc%3D,https://www.fidal.it/societa/ASD-ATLETICA-PISTOIA/PT118
12.5,12.50,e,DI STEFANO Lucilla,1975,SF40,LAZIO RUNNERS TEAM A.S.D.,5 su- 1,Ancona,2017-02-25,https://www.fidal.it/atleta/DI-STEFANO-Lucilla/f6iRmZmmbGw%3D,https://www.fidal.it/societa/LAZIO-RUNNERS-TEAM-A-S-D-/RM183
13.59,13.59,e,FENORASI Federica,1973,SF40,ACQUADELA BOLOGNA,4 se- 2,Ancona,2017-02-24,https://www.fidal.it/atleta/FENORASI-Federica/eqmRkpeoaGs%3D,https://www.fidal.it/societa/ACQUADELA-BOLOGNA/BO002
9.27,9.27,e,COLOMBO Roberta sara,1973,SF45,ATLETICA MONZA,1 se- 1,Ancona,2018-02-23,https://www.fidal.it/atleta/COLOMBO-Roberta-sara/dqiRlJOma2o%3D,https://www.fidal.it/societa/ATLETICA-MONZA/MI710
9.31,9.31,e,MORONI Maria costanza,1969,SF45,G.S. ERMENEGILDO ZEGNA,2 fi- 1,Madrid,2018-03-23,https://www.fidal.it/atleta/MORONI-Maria-costanza/dK6RlJKgamg%3D,https://www.fidal.it/societa/G-S--ERMENEGILDO-ZEGNA/VC020
9.36,9.36,e,MORONI Maria costanza,1969,SF45,G.S. ERMENEGILDO ZEGNA,1 su- 1,Ancona,2018-02-24,https://www.fidal.it/atleta/MORONI-Maria-costanza/dK6RlJKgamg%3D,https://www.fidal.it/societa/G-S--ERMENEGILDO-ZEGNA/VC020
9.4,9.40,e,MORONI Maria costanza,1969,SF45,G.S. ERMENEGILDO ZEGNA,1 ba- 2,Madrid,2018-03-23,https://www.fidal.it/atleta/MORONI-Maria-costanza/dK6RlJKgamg%3D,https://www.fidal.it/societa/G-S--ERMENEGILDO-ZEGNA/VC020
9.43,9.43,e,COLOMBO Roberta sara,1973,SF45,ATLETICA MONZA,2 su- 1,Ancona,2018-02-24,https://www.fidal.it/atleta/COLOMBO-Roberta-sara/dqiRlJOma2o%3D,https://www.fidal.it/societa/ATLETICA-MONZA/MI710
9.56,9.56,e,COLOMBO Roberta sara,1973,SF45,ATLETICA MONZA,1 se- 1,Mantova,2018-02-04,https://www.fidal.it/atleta/COLOMBO-Roberta-sara/dqiRlJOma2o%3D,https://www.fidal.it/societa/ATLETICA-MONZA/MI710
9.65,9.65,e,MORONI Maria costanza,1969,SF45,G.S. ERMENEGILDO ZEGNA,1 su- 1,Aosta,2018-02-10,https://www.fidal.it/atleta/MORONI-Maria-costanza/dK6RlJKgamg%3D,https://www.fidal.it/societa/G-S--ERMENEGILDO-ZEGNA/VC020
9.82,9.82,e,SANTAMBROGIO Annalisa,1977,SF40,ROAD RUNNERS CLUB MILANO,2 se- 1,Mantova,2018-02-04,https://www.fidal.it/atleta/SANTAMBROGIO-Annalisa/dqiRlJOha2w%3D,https://www.fidal.it/societa/ROAD-RUNNERS-CLUB-MILANO/MI265
9.92,9.92,e,FELLA Ivana,1974,SF40,GIOVANNI SCAVO 2000 ATL.,7 su- 1,Madrid,2018-03-23,https://www.fidal.it/atleta/FELLA-Ivana/f6iRkpOgbGQ%3D,https://www.fidal.it/societa/GIOVANNI-SCAVO-2000-ATL-/RM106
9.94,9.94,e,SANTAMBROGIO Annalisa,1977,SF40,ROAD RUNNERS CLUB MILANO,1 su- 1,Ancona,2018-02-24,https://www.fidal.it/atleta/SANTAMBROGIO-Annalisa/dqiRlJOha2w%3D,https://www.fidal.it/societa/ROAD-RUNNERS-CLUB-MILANO/MI265
10.36,10.36,e,FELLA Ivana,1974,SF40,GIOVANNI SCAVO 2000 ATL.,2 su- 1,Ancona,2018-02-24,https://www.fidal.it/atleta/FELLA-Ivana/f6iRkpOgbGQ%3D,https://www.fidal.it/societa/GIOVANNI-SCAVO-2000-ATL-/RM106
10.69,10.69,e,CAMMELLI Francesca,1971,SF45,ASD ATLETICA PISTOIA,3 su- 1,Ancona,2018-02-24,https://www.fidal.it/atleta/CAMMELLI-Francesca/fbGRkpOhaGU%3D,https://www.fidal.it/societa/ASD-ATLETICA-PISTOIA/PT118
10.81,10.81,e,PREGAZZI Irene,1974,SF40,ASD LA GALLA PONTEDERA ATL.,2 se- 1,Ancona,2018-02-23,https://www.fidal.it/atleta/PREGAZZI-Irene/faiRkpOjaWQ%3D,https://www.fidal.it/societa/ASD-LA-GALLA-PONTEDERA-ATL-/PI144
10.83,10.83,e,PAOLICCHI Paola,1971,SF45,ASD ATLETICA PISTOIA,4 su- 1,Ancona,2018-02-24,https://www.fidal.it/atleta/PAOLICCHI-Paola/faiRkpOgcWc%3D,https://www.fidal.it/societa/ASD-ATLETICA-PISTOIA/PT118
11.0,11.00,e,PAOLICCHI Paola,1971,SF45,ASD ATLETICA PISTOIA,1 su- 1,Padova,2018-02-11,https://www.fidal.it/atleta/PAOLICCHI-Paola/faiRkpOgcWc%3D,https://www.fidal.it/societa/ASD-ATLETICA-PISTOIA/PT118
11.06,11.06,e,DESSI' Nicoletta,1978,SF40,S G AMSICORA,5 se- 2,Madrid,2018-03-23,https://www.fidal.it/atleta/DESSI-Nicoletta/iKiRkpOib2Q%3D,https://www.fidal.it/societa/S-G-AMSICORA/CA002
11.3,11.30,e,BARCHETTI Simona,1971,SF45,A.S. LA FRATELLANZA 1874,3 se- 1,Ancona,2018-02-23,https://www.fidal.it/atleta/BARCHETTI-Simona/eqyRkpWkamQ%3D,https://www.fidal.it/societa/A-S--LA-FRATELLANZA-1874/MO052
11.42,11.42,e,BASSANO Paola,1978,SF40,A.S. LA FRATELLANZA 1874,4 se- 1,Ancona,2018-02-23,https://www.fidal.it/atleta/BASSANO-Paola/dKiRkpSfa2k%3D,https://www.fidal.it/societa/A-S--LA-FRATELLANZA-1874/MO052
11.66,11.66,e,VINCENTI GATTI Elisa,1977,SF40,A.S.ATHLON BASTIA,3 su- 1,Ancona,2018-02-24,https://www.fidal.it/atleta/VINCENTI-GATTI-Elisa/fqmRkpilamw%3D,https://www.fidal.it/societa/A-S-ATHLON-BASTIA/PG003
11.75,11.75,e,GRECO Roberta,1974,SF40,A.S.D. C.U.S. SALERNO,5 se- 1,Ancona,2018-02-23,https://www.fidal.it/atleta/GRECO-Roberta/gK2RkpKnbGo%3D,https://www.fidal.it/societa/A-S-D--C-U-S--SALERNO/SA265
11.83,11.83,e,GRECO Roberta,1974,SF40,A.S.D. C.U.S. SALERNO,4 su- 1,Ancona,2018-02-24,https://www.fidal.it/atleta/GRECO-Roberta/gK2RkpKnbGo%3D,https://www.fidal.it/societa/A-S-D--C-U-S--SALERNO/SA265
12.44,12.44,e,DI STEFANO Lucilla,1975,SF40,LAZIO RUNNERS TEAM A.S.D.,5 su- 1,Ancona,2018-02-24,https://www.fidal.it/atleta/DI-STEFANO-Lucilla/f6iRmZmmbGw%3D,https://www.fidal.it/societa/LAZIO-RUNNERS-TEAM-A-S-D-/RM183
13.74,13.74,e,FENORASI Federica,1973,SF45,ACQUADELA BOLOGNA,6 se- 1,Ancona,2018-02-23,https://www.fidal.it/atleta/FENORASI-Federica/eqmRkpeoaGs%3D,https://www.fidal.it/societa/ACQUADELA-BOLOGNA/BO002
9.6,9.60,e,COLOMBO Roberta sara,1973,SF45,A.S. LA FRATELLANZA 1874,1 su- 1,Ancona,2019-02-23,https://www.fidal.it/atleta/COLOMBO-Roberta-sara/dqiRlJOma2o%3D,https://www.fidal.it/societa/A-S--LA-FRATELLANZA-1874/MO052
9.74,9.74,e,SANTAMBROGIO Annalisa,1977,SF40,ROAD RUNNERS CLUB MILANO,1 su- 1,Ancona,2019-02-23,https://www.fidal.it/atleta/SANTAMBROGIO-Annalisa/dqiRlJOha2w%3D,https://www.fidal.it/societa/ROAD-RUNNERS-CLUB-MILANO/MI265
9.96,9.96,e,FERRARI Gioia,1973,SF45,ASSI GIGLIO ROSSO FIRENZE,2 su- 1,Ancona,2019-02-23,https://www.fidal.it/atleta/FERRARI-Gioia/h6iRlJmfbWY%3D,https://www.fidal.it/societa/ASSI-GIGLIO-ROSSO-FIRENZE/FI001
10.02,10.02,e,FELLA Ivana,1974,SF45,GIOVANNI SCAVO 2000 ATL.,3 sf- 1,Torun,2019-03-30,https://www.fidal.it/atleta/FELLA-Ivana/f6iRkpOgbGQ%3D,https://www.fidal.it/societa/GIOVANNI-SCAVO-2000-ATL-/RM106
10.11,10.11,e,FELLA Ivana,1974,SF45,GIOVANNI SCAVO 2000 ATL.,7 fi- 1,Torun,2019-03-30,https://www.fidal.it/atleta/FELLA-Ivana/f6iRkpOgbGQ%3D,https://www.fidal.it/societa/GIOVANNI-SCAVO-2000-ATL-/RM106
10.15,10.15,e,FERRARI Gioia,1973,SF45,ASSI GIGLIO ROSSO FIRENZE,1 su- 1,Padova,2019-02-09,https://www.fidal.it/atleta/FERRARI-Gioia/h6iRlJmfbWY%3D,https://www.fidal.it/societa/ASSI-GIGLIO-ROSSO-FIRENZE/FI001
10.32,10.32,e,FELLA Ivana,1974,SF45,GIOVANNI SCAVO 2000 ATL.,3 se- 3,Torun,2019-03-29,https://www.fidal.it/atleta/FELLA-Ivana/f6iRkpOgbGQ%3D,https://www.fidal.it/societa/GIOVANNI-SCAVO-2000-ATL-/RM106
10.53,10.53,e,FELLA Ivana,1974,SF45,GIOVANNI SCAVO 2000 ATL.,1 se- 3,Ancona,2019-02-22,https://www.fidal.it/atleta/FELLA-Ivana/f6iRkpOgbGQ%3D,https://www.fidal.it/societa/GIOVANNI-SCAVO-2000-ATL-/RM106
10.88,10.88,e,FELLA Ivana,1974,SF45,GIOVANNI SCAVO 2000 ATL.,3 su- 1,Ancona,2019-02-23,https://www.fidal.it/atleta/FELLA-Ivana/f6iRkpOgbGQ%3D,https://www.fidal.it/societa/GIOVANNI-SCAVO-2000-ATL-/RM106
11.12,11.12,e,CAMMELLI Francesca,1971,SF45,ASD ATLETICA PISTOIA,2 su- 1,Padova,2019-02-09,https://www.fidal.it/atleta/CAMMELLI-Francesca/fbGRkpOhaGU%3D,https://www.fidal.it/societa/ASD-ATLETICA-PISTOIA/PT118
11.27,11.27,e,BARTOLINI Veronica,1970,SF45,ASD ATLETICA PISTOIA,4 su- 1,Ancona,2019-02-23,https://www.fidal.it/atleta/BARTOLINI-Veronica/fbGRkpOlbGs%3D,https://www.fidal.it/societa/ASD-ATLETICA-PISTOIA/PT118
11.49,11.49,e,DE ROBERTIS Alessandra vincenza,1975,SF40,ATLETICA CANAVESANA,2 su- 1,Ancona,2019-02-23,https://www.fidal.it/atleta/DE-ROBERTIS-Alessandra-vincenza/hqqRkpOia2s%3D,https://www.fidal.it/societa/ATLETICA-CANAVESANA/TO015
11.56,11.56,e,VINCENTI GATTI Elisa,1977,SF40,A.S.ATHLON BASTIA,3 su- 1,Ancona,2019-02-23,https://www.fidal.it/atleta/VINCENTI-GATTI-Elisa/fqmRkpilamw%3D,https://www.fidal.it/societa/A-S-ATHLON-BASTIA/PG003
11.57,11.57,e,BASSANO Paola,1978,SF40,A.S. LA FRATELLANZA 1874,5 se- 3,Torun,2019-03-29,https://www.fidal.it/atleta/BASSANO-Paola/dKiRkpSfa2k%3D,https://www.fidal.it/societa/A-S--LA-FRATELLANZA-1874/MO052
11.65,11.65,e,FERRIO Ivana,1970,SF45,ATLETICA CANAVESANA,1 su- 1,Aosta,2019-02-03,https://www.fidal.it/atleta/FERRIO-Ivana/dK6RlpenaWQ%3D,https://www.fidal.it/societa/ATLETICA-CANAVESANA/TO015
12.16,12.16,e,DE ROBERTIS Alessandra vincenza,1975,SF40,ATLETICA CANAVESANA,2 su- 1,Aosta,2019-02-03,https://www.fidal.it/atleta/DE-ROBERTIS-Alessandra-vincenza/hqqRkpOia2s%3D,https://www.fidal.it/societa/ATLETICA-CANAVESANA/TO015
12.21,12.21,e,MALERBA Giuseppina,1970,SF45,S.E.F. MACERATA,5 su- 1,Ancona,2019-02-23,https://www.fidal.it/atleta/MALERBA-Giuseppina/h6iRkpOha2s%3D,https://www.fidal.it/societa/S-E-F--MACERATA/MC008
12.24,12.24,e,GIORGI Simona,1972,SF45,ASD ARCA ATL.AVERSA A.AVERSANO,2 se- 3,Ancona,2019-02-22,https://www.fidal.it/atleta/GIORGI-Simona/gKiRkpajaGQ%3D,https://www.fidal.it/societa/ASD-ARCA-ATL-AVERSA-A-AVERSANO/CE033
12.97,12.97,e,GUARISE Michela,1971,SF45,ATLETICA SAN BIAGIO,3 su- 1,Padova,2019-02-09,https://www.fidal.it/atleta/GUARISE-Michela/eKyRk5Sgamw%3D,https://www.fidal.it/societa/ATLETICA-SAN-BIAGIO/TV352
9.54,9.54,e,PAGANELLI Cristina,1980,SF40,ASD ROMATLETICA FOOTWORKS,1 su- 1,Padova,2020-02-15,https://www.fidal.it/atleta/PAGANELLI-Cristina/f6iRkpikcWo%3D,https://www.fidal.it/societa/ASD-ROMATLETICA-FOOTWORKS/RM232
10.93,10.93,e,DE ROBERTIS Alessandra vincenza,1975,SF45,ATLETICA CANAVESANA,1 su- 1,Padova,2020-02-15,https://www.fidal.it/atleta/DE-ROBERTIS-Alessandra-vincenza/hqqRkpOia2s%3D,https://www.fidal.it/societa/ATLETICA-CANAVESANA/TO015
11.02,11.02,e,PAOLICCHI Paola,1971,SF45,ASD ATLETICA PISTOIA,2 su- 1,Padova,2020-02-15,https://www.fidal.it/atleta/PAOLICCHI-Paola/faiRkpOgcWc%3D,https://www.fidal.it/societa/ASD-ATLETICA-PISTOIA/PT118
11.07,11.07,e,CAMMELLI Francesca,1971,SF45,ASD ATLETICA PISTOIA,3 su- 1,Padova,2020-02-15,https://www.fidal.it/atleta/CAMMELLI-Francesca/fbGRkpOhaGU%3D,https://www.fidal.it/societa/ASD-ATLETICA-PISTOIA/PT118
9.73,9.73,e,PAGANELLI Cristina,1980,SF40,ASD ROMATLETICA FOOTWORKS,1 su- 1,Ancona,2021-03-20,https://www.fidal.it/atleta/PAGANELLI-Cristina/f6iRkpikcWo%3D,https://www.fidal.it/societa/ASD-ROMATLETICA-FOOTWORKS/RM232
11.33,11.33,e,VINCENTI GATTI Elisa,1977,SF40,A.S.ATHLON BASTIA,2 su- 1,Ancona,2021-03-20,https://www.fidal.it/atleta/VINCENTI-GATTI-Elisa/fqmRkpilamw%3D,https://www.fidal.it/societa/A-S-ATHLON-BASTIA/PG003
11.54,11.54,e,DE LUCA Rebecca,1972,SF45,ATLETICA TIVOLI,1 su- 1,Ancona,2021-03-20,https://www.fidal.it/atleta/DE-LUCA-Rebecca/f6yRlpOocWw%3D,https://www.fidal.it/societa/ATLETICA-TIVOLI/RM342
12.14,12.14,e,DELL'ANGELO Sabina,1976,SF45,S.S. VITTORIO ALFIERI ASTI,2 su- 1,Ancona,2021-03-20,https://www.fidal.it/atleta/DELL-ANGELO-Sabina/dKuRk5mjb2U%3D,https://www.fidal.it/societa/S-S--VITTORIO-ALFIERI-ASTI/AT001
12.52,12.52,e,DELL'ANGELO Sabina,1976,SF45,S.S. VITTORIO ALFIERI ASTI,1 se- 1,Casalmaggiore,2021-02-27,https://www.fidal.it/atleta/DELL-ANGELO-Sabina/dKuRk5mjb2U%3D,https://www.fidal.it/societa/S-S--VITTORIO-ALFIERI-ASTI/AT001
12.78,12.78,e,MOLINO Silvia,1976,SF45,S.S. VITTORIO ALFIERI ASTI,2 se- 1,Casalmaggiore,2021-02-27,https://www.fidal.it/atleta/MOLINO-Silvia/dKuRk5akaGc%3D,https://www.fidal.it/societa/S-S--VITTORIO-ALFIERI-ASTI/AT001
13.47,13.47,e,FRACCHIOLLA Stefania,1974,SF45,ASD NISSOLINO INTESATLETICA,3 su- 1,Ancona,2021-03-20,https://www.fidal.it/atleta/FRACCHIOLLA-Stefania/f6qRkpWfamo%3D,https://www.fidal.it/societa/ASD-NISSOLINO-INTESATLETICA/LT260
8.93,8.93,e,CARAVELLI Serena,1979,SF40,ATL BRUGNERA PN FRIULINTAGLI,1 su- 1,Ancona,2022-02-12,https://www.fidal.it/atleta/CARAVELLI-Serena/eaiRkpOia2k%3D,https://www.fidal.it/societa/ATL-BRUGNERA-PN-FRIULINTAGLI/PN039
8.97,8.97,e,CARAVELLI Serena,1979,SF40,ATL BRUGNERA PN FRIULINTAGLI,3 fi- 1,Braga,2022-02-26,https://www.fidal.it/atleta/CARAVELLI-Serena/eaiRkpOia2k%3D,https://www.fidal.it/societa/ATL-BRUGNERA-PN-FRIULINTAGLI/PN039
9.16,9.16,e,CARAVELLI Serena,1979,SF40,ATL BRUGNERA PN FRIULINTAGLI,1 se- 1,Casalmaggiore,2022-01-29,https://www.fidal.it/atleta/CARAVELLI-Serena/eaiRkpOia2k%3D,https://www.fidal.it/societa/ATL-BRUGNERA-PN-FRIULINTAGLI/PN039
9.23,9.23,e,CARAVELLI Serena,1979,SF40,ATL BRUGNERA PN FRIULINTAGLI,2 ba- 1,Braga,2022-02-25,https://www.fidal.it/atleta/CARAVELLI-Serena/eaiRkpOia2k%3D,https://www.fidal.it/societa/ATL-BRUGNERA-PN-FRIULINTAGLI/PN039
9.36,9.36,e,CARAVELLI Serena,1979,SF40,ATL BRUGNERA PN FRIULINTAGLI,1 su- 1,Padova,2022-01-09,https://www.fidal.it/atleta/CARAVELLI-Serena/eaiRkpOia2k%3D,https://www.fidal.it/societa/ATL-BRUGNERA-PN-FRIULINTAGLI/PN039
9.67,9.67,e,GIULIVI Antonella,1975,SF45,ATLETICA ASTI 2.2 A.S.D.,1 su- 1,Ancona,2022-02-12,https://www.fidal.it/atleta/GIULIVI-Antonella/dKiRkpKobmU%3D,https://www.fidal.it/societa/ATLETICA-ASTI-2-2-A-S-D-/AT019
9.96,9.96,e,GIULIVI Antonella,1975,SF45,ATLETICA ASTI 2.2 A.S.D.,2 se- 1,Casalmaggiore,2022-01-29,https://www.fidal.it/atleta/GIULIVI-Antonella/dKiRkpKobmU%3D,https://www.fidal.it/societa/ATLETICA-ASTI-2-2-A-S-D-/AT019
10.73,10.73,e,DI BARTOLOMEO Valeria,1982,SF40,ASD ATHLETIC AMELIA,2 su- 1,Ancona,2022-02-12,https://www.fidal.it/atleta/DI-BARTOLOMEO-Valeria/fqqRkpWfbWw%3D,https://www.fidal.it/societa/ASD-ATHLETIC-AMELIA/TR052
10.8,10.80,e,DE ROBERTIS Alessandra vincenza,1975,SF45,ATLETICA CANAVESANA,3 se- 1,Casalmaggiore,2022-01-29,https://www.fidal.it/atleta/DE-ROBERTIS-Alessandra-vincenza/hqqRkpOia2s%3D,https://www.fidal.it/societa/ATLETICA-CANAVESANA/TO015
10.92,10.92,e,VINCENTI GATTI Elisa,1977,SF45,A.S.ATHLON BASTIA,2 su- 1,Ancona,2022-02-12,https://www.fidal.it/atleta/VINCENTI-GATTI-Elisa/fqmRkpilamw%3D,https://www.fidal.it/societa/A-S-ATHLON-BASTIA/PG003
11.14,11.14,e,VACONDIO Francesca,1982,SF40,MODENA ATLETICA,3 su- 1,Ancona,2022-02-12,https://www.fidal.it/atleta/VACONDIO-Francesca/eqiRk5ehbGM%3D,https://www.fidal.it/societa/MODENA-ATLETICA/MO497
11.22,11.22,e,VACONDIO Francesca,1982,SF40,MODENA ATLETICA,4 se- 1,Casalmaggiore,2022-01-29,https://www.fidal.it/atleta/VACONDIO-Francesca/eqiRk5ehbGM%3D,https://www.fidal.it/societa/MODENA-ATLETICA/MO497
11.28,11.28,e,VACONDIO Francesca,1982,SF40,MODENA ATLETICA,3 su- 1,Padova,2022-01-09,https://www.fidal.it/atleta/VACONDIO-Francesca/eqiRk5ehbGM%3D,https://www.fidal.it/societa/MODENA-ATLETICA/MO497
11.76,11.76,e,MOLINO Silvia,1976,SF45,S.S. VITTORIO ALFIERI ASTI,3 su- 1,Ancona,2022-02-12,https://www.fidal.it/atleta/MOLINO-Silvia/dKuRk5akaGc%3D,https://www.fidal.it/societa/S-S--VITTORIO-ALFIERI-ASTI/AT001
11.79,11.79,e,DELL'ANGELO Sabina,1976,SF45,S.S. VITTORIO ALFIERI ASTI,4 su- 1,Ancona,2022-02-12,https://www.fidal.it/atleta/DELL-ANGELO-Sabina/dKuRk5mjb2U%3D,https://www.fidal.it/societa/S-S--VITTORIO-ALFIERI-ASTI/AT001
12.12,12.12,e,MONTI Francesca,1978,SF40,ATL. ENDAS  CESENA,1 su- 1,Padova,2022-03-05,https://www.fidal.it/atleta/MONTI-Francesca/equRkpSobGk%3D,https://www.fidal.it/societa/ATL--ENDAS-CESENA/FC049
12.51,12.51,e,DE ROBERTIS Alessandra vincenza,1975,SF45,ATLETICA CANAVESANA,5 su- 1,Ancona,2022-02-12,https://www.fidal.it/atleta/DE-ROBERTIS-Alessandra-vincenza/hqqRkpOia2s%3D,https://www.fidal.it/societa/ATLETICA-CANAVESANA/TO015
12.63,12.63,e,DE GIOSA Anna rita,1977,SF45,CUS BARI,6 su- 1,Ancona,2022-02-12,https://www.fidal.it/atleta/DE-GIOSA-Anna-rita/hKmRkpufamg%3D,https://www.fidal.it/societa/CUS-BARI/BA007
8.88,8.88,e,CARAVELLI Serena,1979,SF40,ATL BRUGNERA PN FRIULINTAGLI,1 se- 1,Padova,2023-03-04,https://www.fidal.it/atleta/CARAVELLI-Serena/eaiRkpOia2k%3D,https://www.fidal.it/societa/ATL-BRUGNERA-PN-FRIULINTAGLI/PN039
8.91,8.91,e,CARAVELLI Serena,1979,SF40,ATL BRUGNERA PN FRIULINTAGLI,1 su- 1,Ancona,2023-03-11,https://www.fidal.it/atleta/CARAVELLI-Serena/eaiRkpOia2k%3D,https://www.fidal.it/societa/ATL-BRUGNERA-PN-FRIULINTAGLI/PN039
8.91,8.91,e,CARAVELLI Serena,1979,SF40,ATL BRUGNERA PN FRIULINTAGLI,1 fi- 1,Torun,2023-04-01,https://www.fidal.it/atleta/CARAVELLI-Serena/eaiRkpOia2k%3D,https://www.fidal.it/societa/ATL-BRUGNERA-PN-FRIULINTAGLI/PN039
9.03,9.03,e,CARAVELLI Serena,1979,SF40,ATL BRUGNERA PN FRIULINTAGLI,1 sf- 2,Torun,2023-04-01,https://www.fidal.it/atleta/CARAVELLI-Serena/eaiRkpOia2k%3D,https://www.fidal.it/societa/ATL-BRUGNERA-PN-FRIULINTAGLI/PN039
9.61,9.61,e,PAGANELLI Cristina,1980,SF40,ASD ROMATLETICA,2 su- 1,Ancona,2023-03-11,https://www.fidal.it/atleta/PAGANELLI-Cristina/f6iRkpikcWo%3D,https://www.fidal.it/societa/ASD-ROMATLETICA/RM232
9.72,9.72,e,GIULIVI Antonella,1975,SF45,ATLETICA CANAVESANA,1 su- 1,Ancona,2023-03-11,https://www.fidal.it/atleta/GIULIVI-Antonella/dKiRkpKobmU%3D,https://www.fidal.it/societa/ATLETICA-CANAVESANA/TO015
9.76,9.76,e,PAGANELLI Cristina,1980,SF40,ASD ROMATLETICA,2 se- 1,Padova,2023-03-04,https://www.fidal.it/atleta/PAGANELLI-Cristina/f6iRkpikcWo%3D,https://www.fidal.it/societa/ASD-ROMATLETICA/RM232
9.83,9.83,e,FELLA Ivana,1974,SF45,A.S. LA FRATELLANZA 1874,2 su- 1,Ancona,2023-03-11,https://www.fidal.it/atleta/FELLA-Ivana/f6iRkpOgbGQ%3D,https://www.fidal.it/societa/A-S--LA-FRATELLANZA-1874/MO052
10.03,10.03,e,FELLA Ivana,1974,SF45,A.S. LA FRATELLANZA 1874,1 su- 1,Ancona,2023-03-10,https://www.fidal.it/atleta/FELLA-Ivana/f6iRkpOgbGQ%3D,https://www.fidal.it/societa/A-S--LA-FRATELLANZA-1874/MO052
10.27,10.27,e,DE ROBERTIS Alessandra vincenza,1975,SF45,ATLETICA CANAVESANA,1 se- 1,Torun,2023-03-31,https://www.fidal.it/atleta/DE-ROBERTIS-Alessandra-vincenza/hqqRkpOia2s%3D,https://www.fidal.it/societa/ATLETICA-CANAVESANA/TO015
10.35,10.35,e,CELENTANO Valeria,1983,SF40,ATLETICA ALTO GARDA E LEDRO,3 se- 1,Padova,2023-03-04,https://www.fidal.it/atleta/CELENTANO-Valeria/d6iRkpWjamg%3D,https://www.fidal.it/societa/ATLETICA-ALTO-GARDA-E-LEDRO/TN135
10.35,10.35,e,DE ROBERTIS Alessandra vincenza,1975,SF45,ATLETICA CANAVESANA,6 fi- 1,Torun,2023-04-01,https://www.fidal.it/atleta/DE-ROBERTIS-Alessandra-vincenza/hqqRkpOia2s%3D,https://www.fidal.it/societa/ATLETICA-CANAVESANA/TO015
10.39,10.39,e,ZOFFOLI Chiara,1979,SF40,ATL. ENDAS  CESENA,3 su- 1,Ancona,2023-03-11,https://www.fidal.it/atleta/ZOFFOLI-Chiara/eqiRkpala2g%3D,https://www.fidal.it/societa/ATL--ENDAS-CESENA/FC049
10.46,10.46,e,RAVIOLA Rossana,1982,SF40,ATLETICA ASTI 2.2 A.S.D.,4 su- 1,Ancona,2023-03-11,https://www.fidal.it/atleta/RAVIOLA-Rossana/dKuRk5agbWM%3D,https://www.fidal.it/societa/ATLETICA-ASTI-2-2-A-S-D-/AT019
10.47,10.47,e,DE ROBERTIS Alessandra vincenza,1975,SF45,ATLETICA CANAVESANA,3 su- 1,Ancona,2023-03-11,https://www.fidal.it/atleta/DE-ROBERTIS-Alessandra-vincenza/hqqRkpOia2s%3D,https://www.fidal.it/societa/ATLETICA-CANAVESANA/TO015
10.56,10.56,e,DE ROBERTIS Alessandra vincenza,1975,SF45,ATLETICA CANAVESANA,2 su- 1,Ancona,2023-03-10,https://www.fidal.it/atleta/DE-ROBERTIS-Alessandra-vincenza/hqqRkpOia2s%3D,https://www.fidal.it/societa/ATLETICA-CANAVESANA/TO015
10.85,10.85,e,DE ROBERTIS Alessandra vincenza,1975,SF45,ATLETICA CANAVESANA,1 su- 1,Padova,2023-03-04,https://www.fidal.it/atleta/DE-ROBERTIS-Alessandra-vincenza/hqqRkpOia2s%3D,https://www.fidal.it/societa/ATLETICA-CANAVESANA/TO015
10.9,10.90,e,VACONDIO Francesca,1982,SF40,MODENA ATLETICA  ASD,2 su- 1,Padova,2023-01-22,https://www.fidal.it/atleta/VACONDIO-Francesca/eqiRk5ehbGM%3D,https://www.fidal.it/societa/MODENA-ATLETICA-ASD/MO497
11.02,11.02,e,VACONDIO Francesca,1982,SF40,MODENA ATLETICA  ASD,1 su- 1,Casalmaggiore,2023-01-29,https://www.fidal.it/atleta/VACONDIO-Francesca/eqiRk5ehbGM%3D,https://www.fidal.it/societa/MODENA-ATLETICA-ASD/MO497
11.04,11.04,e,CAREDDU Marta,1978,SF45,S G AMSICORA,1 se- 1,Iglesias,2023-02-12,https://www.fidal.it/atleta/CAREDDU-Marta/iKmRlJKgb2g%3D,https://www.fidal.it/societa/S-G-AMSICORA/CA002
11.08,11.08,e,VACONDIO Francesca,1982,SF40,MODENA ATLETICA  ASD,1 su- 1,Ancona,2023-03-10,https://www.fidal.it/atleta/VACONDIO-Francesca/eqiRk5ehbGM%3D,https://www.fidal.it/societa/MODENA-ATLETICA-ASD/MO497
11.09,11.09,e,MOLINO Silvia,1976,SF45,S.S. VITTORIO ALFIERI ASTI,4 su- 1,Ancona,2023-03-11,https://www.fidal.it/atleta/MOLINO-Silvia/dKuRk5akaGc%3D,https://www.fidal.it/societa/S-S--VITTORIO-ALFIERI-ASTI/AT001
11.3,11.30,e,VINCENTI GATTI Elisa,1977,SF45,A.S.ATHLON BASTIA,5 su- 1,Ancona,2023-03-11,https://www.fidal.it/atleta/VINCENTI-GATTI-Elisa/fqmRkpilamw%3D,https://www.fidal.it/societa/A-S-ATHLON-BASTIA/PG003
11.31,11.31,e,VINCENTI GATTI Elisa,1977,SF45,A.S.ATHLON BASTIA,3 su- 1,Ancona,2023-03-10,https://www.fidal.it/atleta/VINCENTI-GATTI-Elisa/fqmRkpilamw%3D,https://www.fidal.it/societa/A-S-ATHLON-BASTIA/PG003
11.41,11.41,e,MOLINO Silvia,1976,SF45,S.S. VITTORIO ALFIERI ASTI,4 se- 1,Padova,2023-03-04,https://www.fidal.it/atleta/MOLINO-Silvia/dKuRk5akaGc%3D,https://www.fidal.it/societa/S-S--VITTORIO-ALFIERI-ASTI/AT001
11.45,11.45,e,DELL'ANGELO Sabina,1976,SF45,S.S. VITTORIO ALFIERI ASTI,6 su- 1,Ancona,2023-03-11,https://www.fidal.it/atleta/DELL-ANGELO-Sabina/dKuRk5mjb2U%3D,https://www.fidal.it/societa/S-S--VITTORIO-ALFIERI-ASTI/AT001
11.68,11.68,e,FALCO Marina,1981,SF40,ATLETICA POCAPAGLIA,1 su- 1,Bra,2023-01-28,https://www.fidal.it/atleta/FALCO-Marina/dKyRlJOkaWQ%3D,https://www.fidal.it/societa/ATLETICA-POCAPAGLIA/CN047
11.78,11.78,e,DE ROBERTIS Alessandra vincenza,1975,SF45,ATLETICA CANAVESANA,2 su- 1,Casalmaggiore,2023-01-29,https://www.fidal.it/atleta/DE-ROBERTIS-Alessandra-vincenza/hqqRkpOia2s%3D,https://www.fidal.it/societa/ATLETICA-CANAVESANA/TO015
12.01,12.01,e,D'ANNIBALE Francesca,1976,SF45,ASD ATLETICA PISTOIA,4 su- 1,Ancona,2023-03-10,https://www.fidal.it/atleta/D-ANNIBALE-Francesca/f66RkpKibWU%3D,https://www.fidal.it/societa/ASD-ATLETICA-PISTOIA/PT118
12.27,12.27,e,D'ANNIBALE Francesca,1976,SF45,ASD ATLETICA PISTOIA,2 su- 1,Padova,2023-03-04,https://www.fidal.it/atleta/D-ANNIBALE-Francesca/f66RkpKibWU%3D,https://www.fidal.it/societa/ASD-ATLETICA-PISTOIA/PT118
13.65,13.65,e,FRACCHIOLLA Stefania,1974,SF45,ASD NISSOLINO INTESATLETICA,5 su- 1,Ancona,2023-03-10,https://www.fidal.it/atleta/FRACCHIOLLA-Stefania/f6qRkpWfamo%3D,https://www.fidal.it/societa/ASD-NISSOLINO-INTESATLETICA/LT260
8.8,8.80,e,CARAVELLI Serena,1979,SF45,ATL BRUGNERA PN FRIULINTAGLI,1 su- 1,Ancona,2024-02-24,https://www.fidal.it/atleta/CARAVELLI-Serena/eaiRkpOia2k%3D,https://www.fidal.it/societa/ATL-BRUGNERA-PN-FRIULINTAGLI/PN039
8.89,8.89,e,CARAVELLI Serena,1979,SF45,ATL BRUGNERA PN FRIULINTAGLI,1 su- 1,Torun,2024-03-23,https://www.fidal.it/atleta/CARAVELLI-Serena/eaiRkpOia2k%3D,https://www.fidal.it/societa/ATL-BRUGNERA-PN-FRIULINTAGLI/PN039
10.06,10.06,e,ZOFFOLI Chiara,1979,SF45,ATL. ENDAS  CESENA,2 su- 1,Ancona,2024-02-24,https://www.fidal.it/atleta/ZOFFOLI-Chiara/eqiRkpala2g%3D,https://www.fidal.it/societa/ATL--ENDAS-CESENA/FC049
10.15,10.15,e,CELENTANO Valeria,1983,SF40,ATLETICA ALTO GARDA E LEDRO,1 su- 1,Ancona,2024-02-24,https://www.fidal.it/atleta/CELENTANO-Valeria/d6iRkpWjamg%3D,https://www.fidal.it/societa/ATLETICA-ALTO-GARDA-E-LEDRO/TN135
10.16,10.16,e,CELENTANO Valeria,1983,SF40,ATLETICA ALTO GARDA E LEDRO,1 su- 1,Padova,2024-01-21,https://www.fidal.it/atleta/CELENTANO-Valeria/d6iRkpWjamg%3D,https://www.fidal.it/societa/ATLETICA-ALTO-GARDA-E-LEDRO/TN135
10.21,10.21,e,CELENTANO Valeria,1983,SF40,ATLETICA ALTO GARDA E LEDRO,1 se- 1,Casalmaggiore,2024-01-28,https://www.fidal.it/atleta/CELENTANO-Valeria/d6iRkpWjamg%3D,https://www.fidal.it/societa/ATLETICA-ALTO-GARDA-E-LEDRO/TN135
10.48,10.48,e,DE ROBERTIS Alessandra vincenza,1975,SF45,A.S.D. AD MAIORA TRIESTE,4 su- 1,Torun,2024-03-23,https://www.fidal.it/atleta/DE-ROBERTIS-Alessandra-vincenza/hqqRkpOia2s%3D,https://www.fidal.it/societa/A-S-D--AD-MAIORA-TRIESTE/TS549
10.57,10.57,e,DE ROBERTIS Alessandra vincenza,1975,SF45,A.S.D. AD MAIORA TRIESTE,1 su- 1,Ancona,2024-02-23,https://www.fidal.it/atleta/DE-ROBERTIS-Alessandra-vincenza/hqqRkpOia2s%3D,https://www.fidal.it/societa/A-S-D--AD-MAIORA-TRIESTE/TS549
10.63,10.63,e,DE ROBERTIS Alessandra vincenza,1975,SF45,A.S.D. AD MAIORA TRIESTE,2 su- 1,Padova,2024-01-21,https://www.fidal.it/atleta/DE-ROBERTIS-Alessandra-vincenza/hqqRkpOia2s%3D,https://www.fidal.it/societa/A-S-D--AD-MAIORA-TRIESTE/TS549
10.68,10.68,e,DE ROBERTIS Alessandra vincenza,1975,SF45,A.S.D. AD MAIORA TRIESTE,3 su- 1,Ancona,2024-02-24,https://www.fidal.it/atleta/DE-ROBERTIS-Alessandra-vincenza/hqqRkpOia2s%3D,https://www.fidal.it/societa/A-S-D--AD-MAIORA-TRIESTE/TS549
10.83,10.83,e,VACONDIO Francesca,1982,SF40,MODENA ATLETICA  ASD,1 su- 1,Ancona,2024-02-23,https://www.fidal.it/atleta/VACONDIO-Francesca/eqiRk5ehbGM%3D,https://www.fidal.it/societa/MODENA-ATLETICA-ASD/MO497
10.83,10.83,e,DE ROBERTIS Alessandra vincenza,1975,SF45,A.S.D. AD MAIORA TRIESTE,6 se- 2,Torun,2024-03-22,https://www.fidal.it/atleta/DE-ROBERTIS-Alessandra-vincenza/hqqRkpOia2s%3D,https://www.fidal.it/societa/A-S-D--AD-MAIORA-TRIESTE/TS549
10.98,10.98,e,DI BARTOLOMEO Valeria,1982,SF40,#ILOVERUN ATHLETIC TERNI,2 su- 1,Ancona,2024-02-24,https://www.fidal.it/atleta/DI-BARTOLOMEO-Valeria/fqqRkpWfbWw%3D,https://www.fidal.it/societa/_ILOVERUN-ATHLETIC-TERNI/TR040
10.99,10.99,e,CAPPELLA Debora,1984,SF40,SPORT D.L.F. ANCONA,1 su- 1,Padova,2024-03-09,https://www.fidal.it/atleta/CAPPELLA-Debora/e6mRkpWfamQ%3D,https://www.fidal.it/societa/SPORT-D-L-F--ANCONA/AN015
11.04,11.04,e,CAPPELLA Debora,1984,SF40,SPORT D.L.F. ANCONA,2 su- 1,Ancona,2024-02-23,https://www.fidal.it/atleta/CAPPELLA-Debora/e6mRkpWfamQ%3D,https://www.fidal.it/societa/SPORT-D-L-F--ANCONA/AN015
11.07,11.07,e,VACONDIO Francesca,1982,SF40,MODENA ATLETICA  ASD,3 su- 1,Padova,2024-01-21,https://www.fidal.it/atleta/VACONDIO-Francesca/eqiRk5ehbGM%3D,https://www.fidal.it/societa/MODENA-ATLETICA-ASD/MO497
11.11,11.11,e,CAPPELLA Debora,1984,SF40,SPORT D.L.F. ANCONA,3 su- 1,Ancona,2024-02-24,https://www.fidal.it/atleta/CAPPELLA-Debora/e6mRkpWfamQ%3D,https://www.fidal.it/societa/SPORT-D-L-F--ANCONA/AN015
11.12,11.12,e,CAPPELLA Debora,1984,SF40,SPORT D.L.F. ANCONA,1 su- 1,Udine,2024-02-10,https://www.fidal.it/atleta/CAPPELLA-Debora/e6mRkpWfamQ%3D,https://www.fidal.it/societa/SPORT-D-L-F--ANCONA/AN015
11.14,11.14,e,MOLINO Silvia,1976,SF45,S.S. VITTORIO ALFIERI ASTI,4 su- 1,Ancona,2024-02-24,https://www.fidal.it/atleta/MOLINO-Silvia/dKuRk5akaGc%3D,https://www.fidal.it/societa/S-S--VITTORIO-ALFIERI-ASTI/AT001
11.2,11.20,e,VACONDIO Francesca,1982,SF40,MODENA ATLETICA  ASD,2 se- 1,Casalmaggiore,2024-01-28,https://www.fidal.it/atleta/VACONDIO-Francesca/eqiRk5ehbGM%3D,https://www.fidal.it/societa/MODENA-ATLETICA-ASD/MO497
11.32,11.32,e,MOLINO Silvia,1976,SF45,S.S. VITTORIO ALFIERI ASTI,2 su- 1,Padova,2024-03-09,https://www.fidal.it/atleta/MOLINO-Silvia/dKuRk5akaGc%3D,https://www.fidal.it/societa/S-S--VITTORIO-ALFIERI-ASTI/AT001
11.38,11.38,e,D'ANNIBALE Francesca,1976,SF45,ASD ATLETICA PISTOIA,2 su- 1,Ancona,2024-02-23,https://www.fidal.it/atleta/D-ANNIBALE-Francesca/f66RkpKibWU%3D,https://www.fidal.it/societa/ASD-ATLETICA-PISTOIA/PT118
11.39,11.39,e,D'ANNIBALE Francesca,1976,SF45,ASD ATLETICA PISTOIA,2 su- 1,Padova,2024-03-09,https://www.fidal.it/atleta/D-ANNIBALE-Francesca/f66RkpKibWU%3D,https://www.fidal.it/societa/ASD-ATLETICA-PISTOIA/PT118
11.46,11.46,e,DELL'ANGELO Sabina,1976,SF45,S.S. VITTORIO ALFIERI ASTI,3 su- 1,Padova,2024-03-09,https://www.fidal.it/atleta/DELL-ANGELO-Sabina/dKuRk5mjb2U%3D,https://www.fidal.it/societa/S-S--VITTORIO-ALFIERI-ASTI/AT001
11.68,11.68,e,BISAGNI Marina,1982,SF40,A.S.D. ATLETICA CINQUE CERCHI,3 se- 1,Casalmaggiore,2024-01-28,https://www.fidal.it/atleta/BISAGNI-Marina/eq2RkpKoaGc%3D,https://www.fidal.it/societa/A-S-D--ATLETICA-CINQUE-CERCHI/PC461
11.73,11.73,e,DELL'ANGELO Sabina,1976,SF45,S.S. VITTORIO ALFIERI ASTI,5 su- 1,Ancona,2024-02-24,https://www.fidal.it/atleta/DELL-ANGELO-Sabina/dKuRk5mjb2U%3D,https://www.fidal.it/societa/S-S--VITTORIO-ALFIERI-ASTI/AT001
11.84,11.84,e,ZANELLO Veridiana,1979,SF45,TRIESTE ATLETICA,2 su- 1,Udine,2024-02-10,https://www.fidal.it/atleta/ZANELLO-Veridiana/eayRk5ufamc%3D,https://www.fidal.it/societa/TRIESTE-ATLETICA/TS044
12.03,12.03,e,LEINARDI Alexa,1975,SF45,ASD CAGLIARI ATLETICA LEGGERA,1 se- 1,Iglesias,2024-02-11,https://www.fidal.it/atleta/LEINARDI-Alexa/iKmRk5WkcGo%3D,https://www.fidal.it/societa/ASD-CAGLIARI-ATLETICA-LEGGERA/CA239
12.28,12.28,e,CATTABRIGA Lisa,1975,SF45,TREVISATLETICA,4 su- 1,Padova,2024-01-21,https://www.fidal.it/atleta/CATTABRIGA-Lisa/eKyRlJOjamY%3D,https://www.fidal.it/societa/TREVISATLETICA/TV354
12.31,12.31,e,CATTABRIGA Lisa,1975,SF45,TREVISATLETICA,4 su- 1,Padova,2024-03-09,https://www.fidal.it/atleta/CATTABRIGA-Lisa/eKyRlJOjamY%3D,https://www.fidal.it/societa/TREVISATLETICA/TV354
12.46,12.46,e,ZANELLO Veridiana,1979,SF45,TRIESTE ATLETICA,6 su- 1,Ancona,2024-02-24,https://www.fidal.it/atleta/ZANELLO-Veridiana/eayRk5ufamc%3D,https://www.fidal.it/societa/TRIESTE-ATLETICA/TS044
13.19,13.19,e,SALA Tamara,1977,SF45,G.S.A. BRUGHERIO,6 su- 1,Padova,2024-03-09,https://www.fidal.it/atleta/SALA-Tamara/dq2Rmpmmamc%3D,https://www.fidal.it/societa/G-S-A--BRUGHERIO/MI116
8.84,8.84,e,CARAVELLI Serena,1979,SF45,ATL BRUGNERA PN FRIULINTAGLI,1 su- 1,Ancona,2025-03-01,https://www.fidal.it/atleta/CARAVELLI-Serena/eaiRkpOia2k%3D,https://www.fidal.it/societa/ATL-BRUGNERA-PN-FRIULINTAGLI/PN039
8.88,8.88,e,CARAVELLI Serena,1979,SF45,ATL BRUGNERA PN FRIULINTAGLI,1 se- 1,Udine,2025-02-01,https://www.fidal.it/atleta/CARAVELLI-Serena/eaiRkpOia2k%3D,https://www.fidal.it/societa/ATL-BRUGNERA-PN-FRIULINTAGLI/PN039
9.02,9.02,e,CARAVELLI Serena,1979,SF45,ATL BRUGNERA PN FRIULINTAGLI,1 su- 1,Nantes,2025-02-15,https://www.fidal.it/atleta/CARAVELLI-Serena/eaiRkpOia2k%3D,https://www.fidal.it/societa/ATL-BRUGNERA-PN-FRIULINTAGLI/PN039
9.03,9.03,e,CARAVELLI Serena,1979,SF45,ATL BRUGNERA PN FRIULINTAGLI,1 su- 1,Padova,2025-01-19,https://www.fidal.it/atleta/CARAVELLI-Serena/eaiRkpOia2k%3D,https://www.fidal.it/societa/ATL-BRUGNERA-PN-FRIULINTAGLI/PN039
10.05,10.05,e,HALLER Petra,1977,SF45,ATL. VIRTUS CASTENEDOLO,2 se- 1,Udine,2025-02-01,https://www.fidal.it/atleta/HALLER-Petra/dqiRkpakcWU%3D,https://www.fidal.it/societa/ATL--VIRTUS-CASTENEDOLO/BS575
10.25,10.25,e,ZOFFOLI Chiara,1979,SF45,ATL. ENDAS  CESENA,2 su- 1,Ancona,2025-03-01,https://www.fidal.it/atleta/ZOFFOLI-Chiara/eqiRkpala2g%3D,https://www.fidal.it/societa/ATL--ENDAS-CESENA/FC049
10.94,10.94,e,DI BARTOLOMEO Valeria,1982,SF40,A.S.ATHLON BASTIA,1 su- 1,Ancona,2025-03-01,https://www.fidal.it/atleta/DI-BARTOLOMEO-Valeria/fqqRkpWfbWw%3D,https://www.fidal.it/societa/A-S-ATHLON-BASTIA/PG003
10.99,10.99,e,HALLER Petra,1977,SF45,ATL. VIRTUS CASTENEDOLO,3 su- 1,Ancona,2025-03-01,https://www.fidal.it/atleta/HALLER-Petra/dqiRkpakcWU%3D,https://www.fidal.it/societa/ATL--VIRTUS-CASTENEDOLO/BS575
11.22,11.22,e,VACONDIO Francesca,1982,SF40,MODENA ATLETICA  ASD,1 su- 1,Ancona,2025-02-28,https://www.fidal.it/atleta/VACONDIO-Francesca/eqiRk5ehbGM%3D,https://www.fidal.it/societa/MODENA-ATLETICA-ASD/MO497
11.27,11.27,e,MOLINO Silvia,1976,SF45,S.S. VITTORIO ALFIERI ASTI,2 su- 1,Padova,2025-03-08,https://www.fidal.it/atleta/MOLINO-Silvia/dKuRk5akaGc%3D,https://www.fidal.it/societa/S-S--VITTORIO-ALFIERI-ASTI/AT001
11.33,11.33,e,MOLINO Silvia,1976,SF45,S.S. VITTORIO ALFIERI ASTI,4 su- 1,Ancona,2025-03-01,https://www.fidal.it/atleta/MOLINO-Silvia/dKuRk5akaGc%3D,https://www.fidal.it/societa/S-S--VITTORIO-ALFIERI-ASTI/AT001
11.36,11.36,e,DELL'ANGELO Sabina,1976,SF45,S.S. VITTORIO ALFIERI ASTI,3 su- 1,Padova,2025-03-08,https://www.fidal.it/atleta/DELL-ANGELO-Sabina/dKuRk5mjb2U%3D,https://www.fidal.it/societa/S-S--VITTORIO-ALFIERI-ASTI/AT001
11.63,11.63,e,VACONDIO Francesca,1982,SF40,MODENA ATLETICA  ASD,1 su- 1,Casalmaggiore,2025-01-26,https://www.fidal.it/atleta/VACONDIO-Francesca/eqiRk5ehbGM%3D,https://www.fidal.it/societa/MODENA-ATLETICA-ASD/MO497
11.73,11.73,e,VACONDIO Francesca,1982,SF40,MODENA ATLETICA  ASD,2 su- 1,Padova,2025-01-19,https://www.fidal.it/atleta/VACONDIO-Francesca/eqiRk5ehbGM%3D,https://www.fidal.it/societa/MODENA-ATLETICA-ASD/MO497
11.79,11.79,e,MELIS Daniela,1979,SF45,POL LIBERTAS CAMPIDANO,1 su- 1,Iglesias,2025-02-09,https://www.fidal.it/atleta/MELIS-Daniela/iKmRlJOiamM%3D,https://www.fidal.it/societa/POL-LIBERTAS-CAMPIDANO/CA036
11.79,11.79,e,D'ANNIBALE Francesca,1976,SF45,ASD ATLETICA PISTOIA,1 su- 1,Ancona,2025-02-28,https://www.fidal.it/atleta/D-ANNIBALE-Francesca/f66RkpKibWU%3D,https://www.fidal.it/societa/ASD-ATLETICA-PISTOIA/PT118
11.89,11.89,e,DE ROBERTIS Alessandra vincenza,1975,SF50,A.S.D. AD MAIORA TRIESTE,2 su- 1,Nantes,2025-02-15,https://www.fidal.it/atleta/DE-ROBERTIS-Alessandra-vincenza/hqqRkpOia2s%3D,https://www.fidal.it/societa/A-S-D--AD-MAIORA-TRIESTE/TS549
12.15,12.15,e,MELIS Daniela,1979,SF45,POL LIBERTAS CAMPIDANO,5 su- 1,Ancona,2025-03-01,https://www.fidal.it/atleta/MELIS-Daniela/iKmRlJOiamM%3D,https://www.fidal.it/societa/POL-LIBERTAS-CAMPIDANO/CA036
12.3,12.30,e,DEALBERA Guendalina,1985,SF40,S.S. VITTORIO ALFIERI ASTI,2 su- 1,Ancona,2025-03-01,https://www.fidal.it/atleta/DEALBERA-Guendalina/dK6RkpKfbWs%3D,https://www.fidal.it/societa/S-S--VITTORIO-ALFIERI-ASTI/AT001
