tempo,vento,atleta,anno,categoria,società,posizione,luogo,data,link_atleta,link_società
13.24,-0.9,FORCELLINI Carla,1959,SF45,A.S.D. POL. EUROPA CAPACI,3 sf- 1,Riccione,2007-09-12,https://www.fidal.it/atleta/FORCELLINI-Carla/f6iRkpKncGM%3D,https://www.fidal.it/societa/A-S-D--POL--EUROPA-CAPACI/PA335
13.24,+0.4,FORCELLINI Carla,1959,SF45,A.S.D. POL. EUROPA CAPACI,6 fi- 1,Riccione,2007-09-14,https://www.fidal.it/atleta/FORCELLINI-Carla/f6iRkpKncGM%3D,https://www.fidal.it/societa/A-S-D--POL--EUROPA-CAPACI/PA335
13.10,+0.2,FORCELLINI Carla,1959,SF50,ATLETICA GRAN SASSO SSD A R.L.,5 fi- 1,Lahti,2009-08-07,https://www.fidal.it/atleta/FORCELLINI-Carla/f6iRkpKncGM%3D,https://www.fidal.it/societa/ATLETICA-GRAN-SASSO-SSD-A-R-L-/TE138
13.34,-1.5,FORCELLINI Carla,1959,SF50,ATLETICA GRAN SASSO SSD A R.L.,3 sf- 2,Lahti,2009-08-06,https://www.fidal.it/atleta/FORCELLINI-Carla/f6iRkpKncGM%3D,https://www.fidal.it/societa/ATLETICA-GRAN-SASSO-SSD-A-R-L-/TE138
13.70,+1.1,DODI Elisabetta,1970,SF40,TRIESTE ATLETICA,1 su- 1,Desenzano Del Garda,2014-05-24,https://www.fidal.it/atleta/DODI-Elisabetta/eaiRkpKicGk%3D,https://www.fidal.it/societa/TRIESTE-ATLETICA/TS044
14.46,+0.4,PICONESE Tiziana,1966,SF45,LAGARINA CRUS TEAM,1 su- 1,Merano,2014-09-06,https://www.fidal.it/atleta/PICONESE-Tiziana/d6iRkpujbmw%3D,https://www.fidal.it/societa/LAGARINA-CRUS-TEAM/TN131
14.62,+1.1,PONTE Alessandra,1974,SF40,ATLETICA BRESCIA MARATHON,2 su- 1,Desenzano Del Garda,2014-05-24,https://www.fidal.it/atleta/PONTE-Alessandra/dqqRl5umb2s%3D,https://www.fidal.it/societa/ATLETICA-BRESCIA-MARATHON/BS688
14.85,+1.0,LACAVA Giuseppa,1968,SF45,ASSI GIGLIO ROSSO FIRENZE,1 su- 1,Firenze,2014-10-04,https://www.fidal.it/atleta/LACAVA-Giuseppa/hqiRkpKga2s%3D,https://www.fidal.it/societa/ASSI-GIGLIO-ROSSO-FIRENZE/FI001
14.91,+0.1,DE LUCA Rebecka,1972,SF40,ATL. ROMA ACQUACETOSA,4 su- 1,Izmir,2014-08-22,https://www.fidal.it/atleta/DE-LUCA-Rebecka/f6iRlpancGY%3D,https://www.fidal.it/societa/ATL--ROMA-ACQUACETOSA/RM161
14.92,+0.0,CAMMELLI Francesca,1971,SF40,ASD ATLETICA PISTOIA,1 su- 1,Modena,2014-07-04,https://www.fidal.it/atleta/CAMMELLI-Francesca/fbGRkpOhaGU%3D,https://www.fidal.it/societa/ASD-ATLETICA-PISTOIA/PT118
14.98,+1.0,CAMMELLI Francesca,1971,SF40,ASD ATLETICA PISTOIA,2 su- 1,Firenze,2014-10-04,https://www.fidal.it/atleta/CAMMELLI-Francesca/fbGRkpOhaGU%3D,https://www.fidal.it/societa/ASD-ATLETICA-PISTOIA/PT118
15.16,+1.1,CAMMELLI Francesca,1971,SF40,ASD ATLETICA PISTOIA,3 su- 1,Desenzano Del Garda,2014-05-24,https://www.fidal.it/atleta/CAMMELLI-Francesca/fbGRkpOhaGU%3D,https://www.fidal.it/societa/ASD-ATLETICA-PISTOIA/PT118
15.28,+0.0,SESSA Carla,1972,SF40,A.S.D. C.U.S. SALERNO,2 su- 1,Modena,2014-07-04,https://www.fidal.it/atleta/SESSA-Carla/gK2RkpKia2w%3D,https://www.fidal.it/societa/A-S-D--C-U-S--SALERNO/SA265
15.32,+1.4,MOROSINI Iris gemma,1972,SF40,ATL. ERBA,1 su- 1,Busto Arsizio,2014-07-12,https://www.fidal.it/atleta/MOROSINI-Iris-gemma/dquRk5Sha2c%3D,https://www.fidal.it/societa/ATL--ERBA/CO010
15.49,+0.0,PAOLICCHI Paola,1971,SF40,ASD ATLETICA PISTOIA,3 su- 1,Modena,2014-07-04,https://www.fidal.it/atleta/PAOLICCHI-Paola/faiRkpOgcWc%3D,https://www.fidal.it/societa/ASD-ATLETICA-PISTOIA/PT118
15.3,,SESSA Carla,1972,SF40,A.S.D. C.U.S. SALERNO,1 su- 1,Salerno,2014-09-13,https://www.fidal.it/atleta/SESSA-Carla/gK2RkpKia2w%3D,https://www.fidal.it/societa/A-S-D--C-U-S--SALERNO/SA265
15.57,+1.1,RIGANTE Sabrina,1971,SF40,ATLETICA ALMA JUVENTUS FANO,4 su- 1,Desenzano Del Garda,2014-05-24,https://www.fidal.it/atleta/RIGANTE-Sabrina/e6yRkpKobWU%3D,https://www.fidal.it/societa/ATLETICA-ALMA-JUVENTUS-FANO/PU020
15.59,+0.0,GANG Judy,1973,SF40,SPORTCLUB MERAN ASV,4 su- 1,Modena,2014-07-04,https://www.fidal.it/atleta/GANG-Judy/iaiRk5OjamU%3D,https://www.fidal.it/societa/SPORTCLUB-MERAN-ASV/BZ019
15.5,,GRECO Roberta,1974,SF40,A.S.D. C.U.S. SALERNO,2 su- 1,Salerno,2014-09-13,https://www.fidal.it/atleta/GRECO-Roberta/gK2RkpKnbGo%3D,https://www.fidal.it/societa/A-S-D--C-U-S--SALERNO/SA265
20.59,+1.1,BENEDETTI Cristina,1969,SF45,ASD ATLETICA PISTOIA,5 su- 1,Desenzano Del Garda,2014-05-24,https://www.fidal.it/atleta/BENEDETTI-Cristina/fbGRkpOgbGM%3D,https://www.fidal.it/societa/ASD-ATLETICA-PISTOIA/PT118
12.01,+1.3,MORONI Maria costanza,1969,SF45,G.S. ERMENEGILDO ZEGNA,1 fi- 1,Lyon,2015-08-14,https://www.fidal.it/atleta/MORONI-Maria-costanza/dK6RlJKgamg%3D,https://www.fidal.it/societa/G-S--ERMENEGILDO-ZEGNA/VC020
12.21,-0.5,MORONI Maria costanza,1969,SF45,G.S. ERMENEGILDO ZEGNA,1 ba- 3,Lyon,2015-08-14,https://www.fidal.it/atleta/MORONI-Maria-costanza/dK6RlJKgamg%3D,https://www.fidal.it/societa/G-S--ERMENEGILDO-ZEGNA/VC020
12.42,-1.5,MORONI Maria costanza,1969,SF45,G.S. ERMENEGILDO ZEGNA,1 su- 1,Cassino,2015-07-03,https://www.fidal.it/atleta/MORONI-Maria-costanza/dK6RlJKgamg%3D,https://www.fidal.it/societa/G-S--ERMENEGILDO-ZEGNA/VC020
12.46,+3.6,COLOMBO Roberta sara,1973,SF40,ATLETICA MONZA,1 se- 2,Lyon,2015-08-04,https://www.fidal.it/atleta/COLOMBO-Roberta-sara/dqiRlJOma2o%3D,https://www.fidal.it/societa/ATLETICA-MONZA/MI710
12.93,+0.3,GIULIVI Antonella,1975,SF40,S.S. VITTORIO ALFIERI ASTI,1 se- 1,Ancona,2015-05-23,https://www.fidal.it/atleta/GIULIVI-Antonella/dKiRkpKobmU%3D,https://www.fidal.it/societa/S-S--VITTORIO-ALFIERI-ASTI/AT001
13.09,+0.3,COLOMBO Roberta sara,1973,SF40,ATLETICA MONZA,2 se- 1,Ancona,2015-05-23,https://www.fidal.it/atleta/COLOMBO-Roberta-sara/dqiRlJOma2o%3D,https://www.fidal.it/societa/ATLETICA-MONZA/MI710
13.43,-1.4,GIULIVI Antonella,1975,SF40,S.S. VITTORIO ALFIERI ASTI,1 su- 1,Santhia,2015-05-16,https://www.fidal.it/atleta/GIULIVI-Antonella/dKiRkpKobmU%3D,https://www.fidal.it/societa/S-S--VITTORIO-ALFIERI-ASTI/AT001
13.89,-1.5,FERRIO Ivana,1970,SF45,SAFATLETICA SSD A RL,2 su- 1,Cassino,2015-07-03,https://www.fidal.it/atleta/FERRIO-Ivana/dK6RlpenaWQ%3D,https://www.fidal.it/societa/SAFATLETICA-SSD-A-RL/TO247
13.93,+0.8,ANSALDI Chiara,1968,SF45,ATL. VIRTUS CASTENEDOLO,4 se- 1,Lyon,2015-08-04,https://www.fidal.it/atleta/ANSALDI-Chiara/dK6RlJihbWQ%3D,https://www.fidal.it/societa/ATL--VIRTUS-CASTENEDOLO/BS575
14.10,+0.3,ANSALDI Chiara,1968,SF45,ATL. VIRTUS CASTENEDOLO,3 se- 1,Ancona,2015-05-23,https://www.fidal.it/atleta/ANSALDI-Chiara/dK6RlJihbWQ%3D,https://www.fidal.it/societa/ATL--VIRTUS-CASTENEDOLO/BS575
14.13,-1.9,FELLA Ivana,1974,SF40,GIOVANNI SCAVO 2000 ATL.,1 su- 1,Cassino,2015-07-03,https://www.fidal.it/atleta/FELLA-Ivana/f6iRkpOgbGQ%3D,https://www.fidal.it/societa/GIOVANNI-SCAVO-2000-ATL-/RM106
14.66,-0.1,FELLA Ivana,1974,SF40,GIOVANNI SCAVO 2000 ATL.,1 su- 1,Latina,2015-07-11,https://www.fidal.it/atleta/FELLA-Ivana/f6iRkpOgbGQ%3D,https://www.fidal.it/societa/GIOVANNI-SCAVO-2000-ATL-/RM106
14.70,-1.4,FERRIO Ivana,1970,SF45,SAFATLETICA SSD A RL,2 su- 1,Santhia,2015-05-16,https://www.fidal.it/atleta/FERRIO-Ivana/dK6RlpenaWQ%3D,https://www.fidal.it/societa/SAFATLETICA-SSD-A-RL/TO247
14.72,+2.2,DE LUCA Rebecka,1972,SF40,ATL. ROMA ACQUACETOSA,6 se- 1,Lyon,2015-08-04,https://www.fidal.it/atleta/DE-LUCA-Rebecka/f6iRlpancGY%3D,https://www.fidal.it/societa/ATL--ROMA-ACQUACETOSA/RM161
14.82,+1.4,CAMMELLI Francesca,1971,SF40,ASD ATLETICA PISTOIA,1 su- 1,Piombino,2015-07-18,https://www.fidal.it/atleta/CAMMELLI-Francesca/fbGRkpOhaGU%3D,https://www.fidal.it/societa/ASD-ATLETICA-PISTOIA/PT118
14.85,+1.4,BARTOLINI Veronica,1970,SF45,ASD ATLETICA PISTOIA,1 su- 1,Piombino,2015-07-18,https://www.fidal.it/atleta/BARTOLINI-Veronica/fbGRkpOlbGs%3D,https://www.fidal.it/societa/ASD-ATLETICA-PISTOIA/PT118
14.95,+0.3,DE LUCA Rebecka,1972,SF40,ATL. ROMA ACQUACETOSA,4 se- 1,Ancona,2015-05-23,https://www.fidal.it/atleta/DE-LUCA-Rebecka/f6iRlpancGY%3D,https://www.fidal.it/societa/ATL--ROMA-ACQUACETOSA/RM161
14.98,+1.0,BARTOLINI Veronica,1970,SF45,ASD ATLETICA PISTOIA,6 ba- 1,Lyon,2015-08-14,https://www.fidal.it/atleta/BARTOLINI-Veronica/fbGRkpOlbGs%3D,https://www.fidal.it/societa/ASD-ATLETICA-PISTOIA/PT118
15.09,-1.9,CAMMELLI Francesca,1971,SF40,ASD ATLETICA PISTOIA,2 su- 1,Cassino,2015-07-03,https://www.fidal.it/atleta/CAMMELLI-Francesca/fbGRkpOhaGU%3D,https://www.fidal.it/societa/ASD-ATLETICA-PISTOIA/PT118
15.14,-1.5,FRANCO Nunzia,1966,SF45,ATLETICA LEGGERA PORTICI,3 su- 1,Cassino,2015-07-03,https://www.fidal.it/atleta/FRANCO-Nunzia/gKiRkpKlbmY%3D,https://www.fidal.it/societa/ATLETICA-LEGGERA-PORTICI/NA982
15.29,-1.5,BARTOLINI Veronica,1970,SF45,ASD ATLETICA PISTOIA,4 su- 1,Cassino,2015-07-03,https://www.fidal.it/atleta/BARTOLINI-Veronica/fbGRkpOlbGs%3D,https://www.fidal.it/societa/ASD-ATLETICA-PISTOIA/PT118
15.36,-1.9,PAOLICCHI Paola,1971,SF40,ASD ATLETICA PISTOIA,3 su- 1,Cassino,2015-07-03,https://www.fidal.it/atleta/PAOLICCHI-Paola/faiRkpOgcWc%3D,https://www.fidal.it/societa/ASD-ATLETICA-PISTOIA/PT118
15.48,-1.5,LACAVA Giusy,1968,SF45,ASSI GIGLIO ROSSO FIRENZE,5 su- 1,Cassino,2015-07-03,https://www.fidal.it/atleta/LACAVA-Giusy/hqiRkpKga2s%3D,https://www.fidal.it/societa/ASSI-GIGLIO-ROSSO-FIRENZE/FI001
15.52,+0.3,BARCHETTI Simona,1971,SF40,A.S. LA FRATELLANZA 1874,5 se- 1,Ancona,2015-05-23,https://www.fidal.it/atleta/BARCHETTI-Simona/eqyRkpWkamQ%3D,https://www.fidal.it/societa/A-S--LA-FRATELLANZA-1874/MO052
15.54,-1.9,GANG Judy,1973,SF40,SPORTCLUB MERAN ASV,4 su- 1,Cassino,2015-07-03,https://www.fidal.it/atleta/GANG-Judy/iaiRk5OjamU%3D,https://www.fidal.it/societa/SPORTCLUB-MERAN-ASV/BZ019
15.60,-1.9,SESSA Carla,1972,SF40,A.S.D. C.U.S. SALERNO,5 su- 1,Cassino,2015-07-03,https://www.fidal.it/atleta/SESSA-Carla/gK2RkpKia2w%3D,https://www.fidal.it/societa/A-S-D--C-U-S--SALERNO/SA265
15.4,,GRECO Roberta,1974,SF40,A.S.D. C.U.S. SALERNO,1 su- 1,Salerno,2015-10-03,https://www.fidal.it/atleta/GRECO-Roberta/gK2RkpKnbGo%3D,https://www.fidal.it/societa/A-S-D--C-U-S--SALERNO/SA265
15.84,+0.3,LACAVA Giusy,1968,SF45,ASSI GIGLIO ROSSO FIRENZE,6 se- 1,Ancona,2015-05-23,https://www.fidal.it/atleta/LACAVA-Giusy/hqiRkpKga2s%3D,https://www.fidal.it/societa/ASSI-GIGLIO-ROSSO-FIRENZE/FI001
15.7,,SESSA Carla,1972,SF40,A.S.D. C.U.S. SALERNO,2 su- 1,Salerno,2015-10-03,https://www.fidal.it/atleta/SESSA-Carla/gK2RkpKia2w%3D,https://www.fidal.it/societa/A-S-D--C-U-S--SALERNO/SA265
17.04,+0.8,PARI Licia,1967,SF45,ATLETICA SANTAMONICA MISANO,1 su- 1,Bologna,2015-09-12,https://www.fidal.it/atleta/PARI-Licia/eqiRlpikaGQ%3D,https://www.fidal.it/societa/ATLETICA-SANTAMONICA-MISANO/RN471
17.19,+0.3,RIGANTE Sabrina,1971,SF40,ATLETICA ALMA JUVENTUS FANO,7 se- 1,Ancona,2015-05-23,https://www.fidal.it/atleta/RIGANTE-Sabrina/e6yRkpKobWU%3D,https://www.fidal.it/societa/ATLETICA-ALMA-JUVENTUS-FANO/PU020
12.36,+2.3,MORONI Maria costanza,1969,SF45,G.S. ERMENEGILDO ZEGNA,1 su- 1,Arezzo,2016-07-08,https://www.fidal.it/atleta/MORONI-Maria-costanza/dK6RlJKgamg%3D,https://www.fidal.it/societa/G-S--ERMENEGILDO-ZEGNA/VC020
12.38,+2.3,COLOMBO Roberta sara,1973,SF40,ATLETICA MONZA,1 su- 1,Arezzo,2016-07-08,https://www.fidal.it/atleta/COLOMBO-Roberta-sara/dqiRlJOma2o%3D,https://www.fidal.it/societa/ATLETICA-MONZA/MI710
13.42,-0.7,GIULIVI Antonella,1975,SF40,S.S. VITTORIO ALFIERI ASTI,1 se- 2,L'aquila,2016-05-28,https://www.fidal.it/atleta/GIULIVI-Antonella/dKiRkpKobmU%3D,https://www.fidal.it/societa/S-S--VITTORIO-ALFIERI-ASTI/AT001
14.52,+1.5,CAMMELLI Francesca,1971,SF45,ASD ATLETICA PISTOIA,1 su- 1,Milano,2016-05-14,https://www.fidal.it/atleta/CAMMELLI-Francesca/fbGRkpOhaGU%3D,https://www.fidal.it/societa/ASD-ATLETICA-PISTOIA/PT118
14.54,-0.7,CAMMELLI Francesca,1971,SF45,ASD ATLETICA PISTOIA,2 se- 2,L'aquila,2016-05-28,https://www.fidal.it/atleta/CAMMELLI-Francesca/fbGRkpOhaGU%3D,https://www.fidal.it/societa/ASD-ATLETICA-PISTOIA/PT118
14.55,+2.3,CAMMELLI Francesca,1971,SF45,ASD ATLETICA PISTOIA,2 su- 1,Arezzo,2016-07-08,https://www.fidal.it/atleta/CAMMELLI-Francesca/fbGRkpOhaGU%3D,https://www.fidal.it/societa/ASD-ATLETICA-PISTOIA/PT118
15.3,+0.0,SESSA Carla,1972,SF40,A.S.D. C.U.S. SALERNO,1 su- 1,Napoli,2016-10-15,https://www.fidal.it/atleta/SESSA-Carla/gK2RkpKia2w%3D,https://www.fidal.it/societa/A-S-D--C-U-S--SALERNO/SA265
15.66,+2.3,LACAVA Giusy,1968,SF45,ASSI GIGLIO ROSSO FIRENZE,3 su- 1,Arezzo,2016-07-08,https://www.fidal.it/atleta/LACAVA-Giusy/hqiRkpKga2s%3D,https://www.fidal.it/societa/ASSI-GIGLIO-ROSSO-FIRENZE/FI001
15.69,+2.3,SESSA Carla,1972,SF40,A.S.D. C.U.S. SALERNO,2 su- 1,Arezzo,2016-07-08,https://www.fidal.it/atleta/SESSA-Carla/gK2RkpKia2w%3D,https://www.fidal.it/societa/A-S-D--C-U-S--SALERNO/SA265
15.9,+0.0,GRECO Roberta,1974,SF40,A.S.D. C.U.S. SALERNO,2 su- 1,Napoli,2016-10-15,https://www.fidal.it/atleta/GRECO-Roberta/gK2RkpKnbGo%3D,https://www.fidal.it/societa/A-S-D--C-U-S--SALERNO/SA265
16.15,+2.3,PRATICO' Giulia,1968,SF45,DUE PONTI SRL,4 su- 1,Arezzo,2016-07-08,https://www.fidal.it/atleta/PRATICO-Giulia/f6yRlJOnb2Y%3D,https://www.fidal.it/societa/DUE-PONTI-SRL/RM129
16.34,+0.7,PRATICO' Giulia,1968,SF45,DUE PONTI SRL,1 su- 1,Roma,2016-07-02,https://www.fidal.it/atleta/PRATICO-Giulia/f6yRlJOnb2Y%3D,https://www.fidal.it/societa/DUE-PONTI-SRL/RM129
17.18,+0.7,DI STEFANO Lucilla,1975,SF40,DUE PONTI SRL,2 su- 1,Roma,2016-07-02,https://www.fidal.it/atleta/DI-STEFANO-Lucilla/f6iRmZmmbGw%3D,https://www.fidal.it/societa/DUE-PONTI-SRL/RM129
17.22,+2.3,DI STEFANO Lucilla,1975,SF40,DUE PONTI SRL,3 su- 1,Arezzo,2016-07-08,https://www.fidal.it/atleta/DI-STEFANO-Lucilla/f6iRmZmmbGw%3D,https://www.fidal.it/societa/DUE-PONTI-SRL/RM129
17.26,-0.7,PRATICO' Giulia,1968,SF45,DUE PONTI SRL,3 se- 2,L'aquila,2016-05-28,https://www.fidal.it/atleta/PRATICO-Giulia/f6yRlJOnb2Y%3D,https://www.fidal.it/societa/DUE-PONTI-SRL/RM129
17.40,-0.7,DI STEFANO Lucilla,1975,SF40,DUE PONTI SRL,4 se- 2,L'aquila,2016-05-28,https://www.fidal.it/atleta/DI-STEFANO-Lucilla/f6iRmZmmbGw%3D,https://www.fidal.it/societa/DUE-PONTI-SRL/RM129
18.85,-0.7,RANUZZI Roberta,1972,SF40,LAZIO RUNNERS TEAM A.S.D.,5 se- 2,L'aquila,2016-05-28,https://www.fidal.it/atleta/RANUZZI-Roberta/f6yRkpehbWo%3D,https://www.fidal.it/societa/LAZIO-RUNNERS-TEAM-A-S-D-/RM183
11.99,+0.1,COLOMBO Roberta sara,1973,SF40,ATLETICA MONZA,1 se- 2,Aarhus,2017-07-27,https://www.fidal.it/atleta/COLOMBO-Roberta-sara/dqiRlJOma2o%3D,https://www.fidal.it/societa/ATLETICA-MONZA/MI710
12.10,+0.6,COLOMBO Roberta sara,1973,SF40,ATLETICA MONZA,1 su- 1,Orvieto,2017-07-07,https://www.fidal.it/atleta/COLOMBO-Roberta-sara/dqiRlJOma2o%3D,https://www.fidal.it/societa/ATLETICA-MONZA/MI710
12.29,-0.6,COLOMBO Roberta sara,1973,SF40,ATLETICA MONZA,1 se- 2,Mantova,2017-06-03,https://www.fidal.it/atleta/COLOMBO-Roberta-sara/dqiRlJOma2o%3D,https://www.fidal.it/societa/ATLETICA-MONZA/MI710
12.76,+1.7,SANTAMBROGIO Annalisa,1977,SF40,ROAD RUNNERS CLUB MILANO,1 su- 1,Mantova,2017-05-13,https://www.fidal.it/atleta/SANTAMBROGIO-Annalisa/dqiRlJOha2w%3D,https://www.fidal.it/societa/ROAD-RUNNERS-CLUB-MILANO/MI265
14.14,+2.1,FELLA Ivana,1974,SF40,GIOVANNI SCAVO 2000 ATL.,1 su- 1,Latina Roma,2017-07-01,https://www.fidal.it/atleta/FELLA-Ivana/f6iRkpOgbGQ%3D,https://www.fidal.it/societa/GIOVANNI-SCAVO-2000-ATL-/RM106
14.25,+1.1,BENVENUTI Federica,1972,SF45,ATLETICA SANTAMONICA MISANO,1 su- 1,Serravalle,2017-04-29,https://www.fidal.it/atleta/BENVENUTI-Federica/eqiRkpKlcWY%3D,https://www.fidal.it/societa/ATLETICA-SANTAMONICA-MISANO/RN471
14.94,+1.7,PAOLICCHI Paola,1971,SF45,ASD ATLETICA PISTOIA,2 su- 1,Mantova,2017-05-13,https://www.fidal.it/atleta/PAOLICCHI-Paola/faiRkpOgcWc%3D,https://www.fidal.it/societa/ASD-ATLETICA-PISTOIA/PT118
15.24,,PAOLICCHI Paola,1971,SF45,ASD ATLETICA PISTOIA,1 se- 1,Livorno,2017-06-02,https://www.fidal.it/atleta/PAOLICCHI-Paola/faiRkpOgcWc%3D,https://www.fidal.it/societa/ASD-ATLETICA-PISTOIA/PT118
15.24,+0.6,PAOLICCHI Paola,1971,SF45,ASD ATLETICA PISTOIA,1 su- 1,Orvieto,2017-07-07,https://www.fidal.it/atleta/PAOLICCHI-Paola/faiRkpOgcWc%3D,https://www.fidal.it/societa/ASD-ATLETICA-PISTOIA/PT118
15.28,-0.6,PAOLICCHI Paola,1971,SF45,ASD ATLETICA PISTOIA,2 se- 2,Mantova,2017-06-03,https://www.fidal.it/atleta/PAOLICCHI-Paola/faiRkpOgcWc%3D,https://www.fidal.it/societa/ASD-ATLETICA-PISTOIA/PT118
15.64,+0.6,GRECO Roberta,1974,SF40,A.S.D. C.U.S. SALERNO,2 su- 1,Orvieto,2017-07-07,https://www.fidal.it/atleta/GRECO-Roberta/gK2RkpKnbGo%3D,https://www.fidal.it/societa/A-S-D--C-U-S--SALERNO/SA265
15.66,+0.6,LACAVA Giusy,1968,SF45,ASSI GIGLIO ROSSO FIRENZE,2 su- 1,Orvieto,2017-07-07,https://www.fidal.it/atleta/LACAVA-Giusy/hqiRkpKga2s%3D,https://www.fidal.it/societa/ASSI-GIGLIO-ROSSO-FIRENZE/FI001
15.77,+0.6,SESSA Carla,1972,SF45,A.S.D. C.U.S. SALERNO,3 su- 1,Orvieto,2017-07-07,https://www.fidal.it/atleta/SESSA-Carla/gK2RkpKia2w%3D,https://www.fidal.it/societa/A-S-D--C-U-S--SALERNO/SA265
16.3,,GRECO Roberta,1974,SF40,A.S.D. C.U.S. SALERNO,1 su- 1,Napoli,2017-10-07,https://www.fidal.it/atleta/GRECO-Roberta/gK2RkpKnbGo%3D,https://www.fidal.it/societa/A-S-D--C-U-S--SALERNO/SA265
16.94,+0.6,DI STEFANO Lucilla,1975,SF40,LAZIO RUNNERS TEAM A.S.D.,3 su- 1,Orvieto,2017-07-07,https://www.fidal.it/atleta/DI-STEFANO-Lucilla/f6iRmZmmbGw%3D,https://www.fidal.it/societa/LAZIO-RUNNERS-TEAM-A-S-D-/RM183
17.40,+0.4,MALERBA Giuseppina,1970,SF45,S.E.F. MACERATA,1 se- 1,Fabriano,2017-09-02,https://www.fidal.it/atleta/MALERBA-Giuseppina/h6iRkpOha2s%3D,https://www.fidal.it/societa/S-E-F--MACERATA/MC008
12.40,+1.2,MORONI Maria costanza,1969,SF45,G.S. ERMENEGILDO ZEGNA,2 fi- 1,Malaga,2018-09-15,https://www.fidal.it/atleta/MORONI-Maria-costanza/dK6RlJKgamg%3D,https://www.fidal.it/societa/G-S--ERMENEGILDO-ZEGNA/VC020
12.59,+0.0,MORONI Maria costanza,1969,SF45,G.S. ERMENEGILDO ZEGNA,1 se- 3,Malaga,2018-09-14,https://www.fidal.it/atleta/MORONI-Maria-costanza/dK6RlJKgamg%3D,https://www.fidal.it/societa/G-S--ERMENEGILDO-ZEGNA/VC020
12.84,-0.7,SANTAMBROGIO Annalisa,1977,SF40,ROAD RUNNERS CLUB MILANO,1 su- 1,Arezzo,2018-06-29,https://www.fidal.it/atleta/SANTAMBROGIO-Annalisa/dqiRlJOha2w%3D,https://www.fidal.it/societa/ROAD-RUNNERS-CLUB-MILANO/MI265
12.89,+2.9,GIULIVI Antonella,1975,SF40,S.S. VITTORIO ALFIERI ASTI,1 se- 3,Arezzo,2018-06-02,https://www.fidal.it/atleta/GIULIVI-Antonella/dKiRkpKobmU%3D,https://www.fidal.it/societa/S-S--VITTORIO-ALFIERI-ASTI/AT001
13.14,+2.0,SANTAMBROGIO Annalisa,1977,SF40,ROAD RUNNERS CLUB MILANO,1 su- 1,Cinisello Balsamo,2018-05-19,https://www.fidal.it/atleta/SANTAMBROGIO-Annalisa/dqiRlJOha2w%3D,https://www.fidal.it/societa/ROAD-RUNNERS-CLUB-MILANO/MI265
13.55,+1.7,FELLA Ivana,1974,SF40,GIOVANNI SCAVO 2000 ATL.,1 su- 1,Latina,2018-07-07,https://www.fidal.it/atleta/FELLA-Ivana/f6iRkpOgbGQ%3D,https://www.fidal.it/societa/GIOVANNI-SCAVO-2000-ATL-/RM106
13.85,+2.9,FERRARI Gioia,1973,SF45,ASSI GIGLIO ROSSO FIRENZE,2 se- 3,Arezzo,2018-06-02,https://www.fidal.it/atleta/FERRARI-Gioia/h6iRlJmfbWY%3D,https://www.fidal.it/societa/ASSI-GIGLIO-ROSSO-FIRENZE/FI001
14.45,+2.9,PREGAZZI Irene,1974,SF40,ASD LA GALLA PONTEDERA ATL.,3 se- 3,Arezzo,2018-06-02,https://www.fidal.it/atleta/PREGAZZI-Irene/faiRkpOjaWQ%3D,https://www.fidal.it/societa/ASD-LA-GALLA-PONTEDERA-ATL-/PI144
14.52,-0.7,CAMMELLI Francesca,1971,SF45,ASD ATLETICA PISTOIA,1 su- 1,Arezzo,2018-06-29,https://www.fidal.it/atleta/CAMMELLI-Francesca/fbGRkpOhaGU%3D,https://www.fidal.it/societa/ASD-ATLETICA-PISTOIA/PT118
14.82,+1.9,DESSI' Nicoletta,1978,SF40,S G AMSICORA,1 su- 1,Nuoro,2018-07-28,https://www.fidal.it/atleta/DESSI-Nicoletta/iKiRkpOib2Q%3D,https://www.fidal.it/societa/S-G-AMSICORA/CA002
14.99,-0.3,PAOLICCHI Paola,1971,SF45,ASD ATLETICA PISTOIA,1 su- 1,Modena,2018-06-09,https://www.fidal.it/atleta/PAOLICCHI-Paola/faiRkpOgcWc%3D,https://www.fidal.it/societa/ASD-ATLETICA-PISTOIA/PT118
15.09,-0.7,PAOLICCHI Paola,1971,SF45,ASD ATLETICA PISTOIA,2 su- 1,Arezzo,2018-06-29,https://www.fidal.it/atleta/PAOLICCHI-Paola/faiRkpOgcWc%3D,https://www.fidal.it/societa/ASD-ATLETICA-PISTOIA/PT118
15.84,+2.9,BASSANO Paola,1978,SF40,A.S. LA FRATELLANZA 1874,4 se- 3,Arezzo,2018-06-02,https://www.fidal.it/atleta/BASSANO-Paola/dKiRkpSfa2k%3D,https://www.fidal.it/societa/A-S--LA-FRATELLANZA-1874/MO052
16.2,,GRECO Roberta,1974,SF40,A.S.D. C.U.S. SALERNO,1 su- 1,Salerno,2018-10-13,https://www.fidal.it/atleta/GRECO-Roberta/gK2RkpKnbGo%3D,https://www.fidal.it/societa/A-S-D--C-U-S--SALERNO/SA265
16.58,-0.7,GRECO Roberta,1974,SF40,A.S.D. C.U.S. SALERNO,2 su- 1,Arezzo,2018-06-29,https://www.fidal.it/atleta/GRECO-Roberta/gK2RkpKnbGo%3D,https://www.fidal.it/societa/A-S-D--C-U-S--SALERNO/SA265
16.97,,MALERBA Giuseppina,1970,SF45,S.ATL. SENIGALLIA,1 su- 1,Montecassiano,2018-09-08,https://www.fidal.it/atleta/MALERBA-Giuseppina/h6iRkpOha2s%3D,https://www.fidal.it/societa/S-ATL--SENIGALLIA/AN022
17.02,-0.7,DI STEFANO Lucilla,1975,SF40,LAZIO RUNNERS TEAM A.S.D.,3 su- 1,Arezzo,2018-06-29,https://www.fidal.it/atleta/DI-STEFANO-Lucilla/f6iRmZmmbGw%3D,https://www.fidal.it/societa/LAZIO-RUNNERS-TEAM-A-S-D-/RM183
18.84,+0.2,ROCCA Fulvia,1971,SF45,S.S. VITTORIO ALFIERI ASTI,1 su- 1,Asti,2018-05-19,https://www.fidal.it/atleta/ROCCA-Fulvia/dKuRk5ajcWU%3D,https://www.fidal.it/societa/S-S--VITTORIO-ALFIERI-ASTI/AT001
22.4,,RUTIGLIANO Angela,1972,SF45,G.S.ATLETICA AMATORI CORATO,1 se- 1,Lecce,2018-05-12,https://www.fidal.it/atleta/RUTIGLIANO-Angela/hKmRkpqgbGU%3D,https://www.fidal.it/societa/G-S-ATLETICA-AMATORI-CORATO/BA043
13.06,+1.6,GIULIVI Antonella,1975,SF40,S.S. VITTORIO ALFIERI ASTI,1 su- 1,Campi Bisenzio,2019-07-05,https://www.fidal.it/atleta/GIULIVI-Antonella/dKiRkpKobmU%3D,https://www.fidal.it/societa/S-S--VITTORIO-ALFIERI-ASTI/AT001
13.06,+1.2,SANTAMBROGIO Annalisa,1977,SF40,ROAD RUNNERS CLUB MILANO,4 su- 1,Jesolo-caorle-eraclea,2019-09-12,https://www.fidal.it/atleta/SANTAMBROGIO-Annalisa/dqiRlJOha2w%3D,https://www.fidal.it/societa/ROAD-RUNNERS-CLUB-MILANO/MI265
13.07,+1.0,GIULIVI Antonella,1975,SF40,S.S. VITTORIO ALFIERI ASTI,3 se- 2,Jesolo-caorle-eraclea,2019-09-07,https://www.fidal.it/atleta/GIULIVI-Antonella/dKiRkpKobmU%3D,https://www.fidal.it/societa/S-S--VITTORIO-ALFIERI-ASTI/AT001
13.15,+1.6,FERRARI Gioia,1973,SF45,ASSI GIGLIO ROSSO FIRENZE,1 su- 1,Campi Bisenzio,2019-07-05,https://www.fidal.it/atleta/FERRARI-Gioia/h6iRlJmfbWY%3D,https://www.fidal.it/societa/ASSI-GIGLIO-ROSSO-FIRENZE/FI001
13.57,+1.6,FELLA Ivana,1974,SF45,GIOVANNI SCAVO 2000 ATL.,2 su- 1,Campi Bisenzio,2019-07-05,https://www.fidal.it/atleta/FELLA-Ivana/f6iRkpOgbGQ%3D,https://www.fidal.it/societa/GIOVANNI-SCAVO-2000-ATL-/RM106
13.8,-0.9,FERRARI Gioia,1973,SF45,ASSI GIGLIO ROSSO FIRENZE,1 su- 1,Abbadia San Salvatore,2019-05-25,https://www.fidal.it/atleta/FERRARI-Gioia/h6iRlJmfbWY%3D,https://www.fidal.it/societa/ASSI-GIGLIO-ROSSO-FIRENZE/FI001
14.10,-0.2,FELLA Ivana,1974,SF45,GIOVANNI SCAVO 2000 ATL.,1 se- 1,Latina,2019-06-29,https://www.fidal.it/atleta/FELLA-Ivana/f6iRkpOgbGQ%3D,https://www.fidal.it/societa/GIOVANNI-SCAVO-2000-ATL-/RM106
14.15,+1.6,DELON Francesca,1973,SF45,ACSI CAMPIDOGLIO PALATINO,3 su- 1,Campi Bisenzio,2019-07-05,https://www.fidal.it/atleta/DELON-Francesca/eKiRkpKoams%3D,https://www.fidal.it/societa/ACSI-CAMPIDOGLIO-PALATINO/RM046
14.65,+1.1,FERRIO Ivana,1970,SF45,ATLETICA CANAVESANA,2 su- 1,Torino,2019-08-01,https://www.fidal.it/atleta/FERRIO-Ivana/dK6RlpenaWQ%3D,https://www.fidal.it/societa/ATLETICA-CANAVESANA/TO015
14.72,+1.2,VINCENTI GATTI Elisa,1977,SF40,A.S.ATHLON BASTIA,7 su- 1,Jesolo-caorle-eraclea,2019-09-12,https://www.fidal.it/atleta/VINCENTI-GATTI-Elisa/fqmRkpilamw%3D,https://www.fidal.it/societa/A-S-ATHLON-BASTIA/PG003
15.52,+1.6,CAMMELLI Francesca,1971,SF45,ASD ATLETICA PISTOIA,4 su- 1,Campi Bisenzio,2019-07-05,https://www.fidal.it/atleta/CAMMELLI-Francesca/fbGRkpOhaGU%3D,https://www.fidal.it/societa/ASD-ATLETICA-PISTOIA/PT118
15.62,+1.6,VINCENTI GATTI Elisa,1977,SF40,A.S.ATHLON BASTIA,2 su- 1,Campi Bisenzio,2019-07-05,https://www.fidal.it/atleta/VINCENTI-GATTI-Elisa/fqmRkpilamw%3D,https://www.fidal.it/societa/A-S-ATHLON-BASTIA/PG003
16.1,,GRECO Roberta,1974,SF45,A.S.D. C.U.S. SALERNO,1 su- 1,Salerno,2019-10-26,https://www.fidal.it/atleta/GRECO-Roberta/gK2RkpKnbGo%3D,https://www.fidal.it/societa/A-S-D--C-U-S--SALERNO/SA265
18.68,+1.5,DELL'ANGELO Sabina,1976,SF40,S.S. VITTORIO ALFIERI ASTI,1 su- 1,Asti,2019-05-18,https://www.fidal.it/atleta/DELL-ANGELO-Sabina/dKuRk5mjb2U%3D,https://www.fidal.it/societa/S-S--VITTORIO-ALFIERI-ASTI/AT001
18.81,+1.5,ROCCA Fulvia,1971,SF45,S.S. VITTORIO ALFIERI ASTI,2 su- 1,Asti,2019-05-18,https://www.fidal.it/atleta/ROCCA-Fulvia/dKuRk5ajcWU%3D,https://www.fidal.it/societa/S-S--VITTORIO-ALFIERI-ASTI/AT001
13.90,-0.6,FELLA Ivana,1974,SF45,A.S. LA FRATELLANZA 1874,1 su- 1,Arezzo,2020-10-09,https://www.fidal.it/atleta/FELLA-Ivana/f6iRkpOgbGQ%3D,https://www.fidal.it/societa/A-S--LA-FRATELLANZA-1874/MO052
14.65,-0.6,SANTAMBROGIO Annalisa,1977,SF40,ROAD RUNNERS CLUB MILANO,1 su- 1,Arezzo,2020-10-09,https://www.fidal.it/atleta/SANTAMBROGIO-Annalisa/dqiRlJOha2w%3D,https://www.fidal.it/societa/ROAD-RUNNERS-CLUB-MILANO/MI265
14.72,-0.2,DE ROBERTIS Alessandra vincenza,1975,SF45,ATLETICA CANAVESANA,1 se- 1,Arezzo,2020-10-09,https://www.fidal.it/atleta/DE-ROBERTIS-Alessandra-vincenza/hqqRkpOia2s%3D,https://www.fidal.it/societa/ATLETICA-CANAVESANA/TO015
14.7,-0.4,DE ROBERTIS Alessandra vincenza,1975,SF45,ATLETICA CANAVESANA,1 su- 1,Asti,2020-09-12,https://www.fidal.it/atleta/DE-ROBERTIS-Alessandra-vincenza/hqqRkpOia2s%3D,https://www.fidal.it/societa/ATLETICA-CANAVESANA/TO015
15.53,-0.6,VINCENTI GATTI Elisa,1977,SF40,A.S.ATHLON BASTIA,2 su- 1,Arezzo,2020-10-09,https://www.fidal.it/atleta/VINCENTI-GATTI-Elisa/fqmRkpilamw%3D,https://www.fidal.it/societa/A-S-ATHLON-BASTIA/PG003
15.63,-0.2,DONATONI Elena,1971,SF45,EXPANDIA ATL. INSIEME VERONA,2 se- 1,Arezzo,2020-10-09,https://www.fidal.it/atleta/DONATONI-Elena/eKAAARk5afbms%3D,https://www.fidal.it/societa/EXPANDIA-ATL--INSIEME-VERONA/VR761
16.05,+0.5,DONATONI Elena,1971,SF45,EXPANDIA ATL. INSIEME VERONA,1 su- 1,Mestre,2020-09-26,https://www.fidal.it/atleta/DONATONI-Elena/eKAAARk5afbms%3D,https://www.fidal.it/societa/EXPANDIA-ATL--INSIEME-VERONA/VR761
16.88,-0.6,GRECO Roberta,1974,SF45,ASD ARCA ATL.AVERSA A.AVERSANO,2 su- 1,Arezzo,2020-10-09,https://www.fidal.it/atleta/GRECO-Roberta/gK2RkpKnbGo%3D,https://www.fidal.it/societa/ASD-ARCA-ATL-AVERSA-A-AVERSANO/CE033
18.0,-0.4,DELL'ANGELO Sabina,1976,SF40,S.S. VITTORIO ALFIERI ASTI,2 su- 1,Asti,2020-09-12,https://www.fidal.it/atleta/DELL-ANGELO-Sabina/dKuRk5mjb2U%3D,https://www.fidal.it/societa/S-S--VITTORIO-ALFIERI-ASTI/AT001
19.1,-0.4,ROCCA Fulvia,1971,SF45,S.S. VITTORIO ALFIERI ASTI,3 su- 1,Asti,2020-09-12,https://www.fidal.it/atleta/ROCCA-Fulvia/dKuRk5ajcWU%3D,https://www.fidal.it/societa/S-S--VITTORIO-ALFIERI-ASTI/AT001
12.68,+1.1,GIULIVI Antonella,1975,SF45,ATLETICA ASTI 2.2 A.S.D.,1 su- 1,Boissano,2021-07-27,https://www.fidal.it/atleta/GIULIVI-Antonella/dKiRkpKobmU%3D,https://www.fidal.it/societa/ATLETICA-ASTI-2-2-A-S-D-/AT019
12.76,+1.5,PAGANELLI Cristina,1980,SF40,ASD ROMATLETICA FOOTWORKS,1 su- 1,Rieti,2021-09-10,https://www.fidal.it/atleta/PAGANELLI-Cristina/f6iRkpikcWo%3D,https://www.fidal.it/societa/ASD-ROMATLETICA-FOOTWORKS/RM232
12.84,+1.5,GIULIVI Antonella,1975,SF45,ATLETICA ASTI 2.2 A.S.D.,1 su- 1,Rieti,2021-09-10,https://www.fidal.it/atleta/GIULIVI-Antonella/dKiRkpKobmU%3D,https://www.fidal.it/societa/ATLETICA-ASTI-2-2-A-S-D-/AT019
12.95,+2.2,PAGANELLI Cristina,1980,SF40,ASD ROMATLETICA FOOTWORKS,1 se- 1,Roma,2021-07-17,https://www.fidal.it/atleta/PAGANELLI-Cristina/f6iRkpikcWo%3D,https://www.fidal.it/societa/ASD-ROMATLETICA-FOOTWORKS/RM232
12.99,-1.3,GIULIVI Antonella,1975,SF45,ATLETICA ASTI 2.2 A.S.D.,1 su- 1,Genova,2021-07-10,https://www.fidal.it/atleta/GIULIVI-Antonella/dKiRkpKobmU%3D,https://www.fidal.it/societa/ATLETICA-ASTI-2-2-A-S-D-/AT019
13.02,-0.2,PAGANELLI Cristina,1980,SF40,ASD ROMATLETICA FOOTWORKS,1 su- 1,Pistoia,2021-10-16,https://www.fidal.it/atleta/PAGANELLI-Cristina/f6iRkpikcWo%3D,https://www.fidal.it/societa/ASD-ROMATLETICA-FOOTWORKS/RM232
13.60,+3.5,FELLA Ivana,1974,SF45,A.S. LA FRATELLANZA 1874,1 se- 2,Santarcangelo Di Romagna,2021-08-28,https://www.fidal.it/atleta/FELLA-Ivana/f6iRkpOgbGQ%3D,https://www.fidal.it/societa/A-S--LA-FRATELLANZA-1874/MO052
13.61,+1.4,FELLA Ivana,1974,SF45,A.S. LA FRATELLANZA 1874,1 se- 1,Catania,2021-10-09,https://www.fidal.it/atleta/FELLA-Ivana/f6iRkpOgbGQ%3D,https://www.fidal.it/societa/A-S--LA-FRATELLANZA-1874/MO052
13.97,+1.5,FELLA Ivana,1974,SF45,A.S. LA FRATELLANZA 1874,2 su- 1,Rieti,2021-09-10,https://www.fidal.it/atleta/FELLA-Ivana/f6iRkpOgbGQ%3D,https://www.fidal.it/societa/A-S--LA-FRATELLANZA-1874/MO052
14.23,+1.4,DE ROBERTIS Alessandra vincenza,1975,SF45,ASD FIAMMA ATL.CATANZARO,2 se- 1,Catania,2021-10-09,https://www.fidal.it/atleta/DE-ROBERTIS-Alessandra-vincenza/hqqRkpOia2s%3D,https://www.fidal.it/societa/ASD-FIAMMA-ATL-CATANZARO/CZ010
14.34,+0.1,DE ROBERTIS Alessandra vincenza,1975,SF45,ASD FIAMMA ATL.CATANZARO,1 su- 1,Reggio Calabria,2021-06-26,https://www.fidal.it/atleta/DE-ROBERTIS-Alessandra-vincenza/hqqRkpOia2s%3D,https://www.fidal.it/societa/ASD-FIAMMA-ATL-CATANZARO/CZ010
14.49,+1.1,VINCENTI GATTI Elisa,1977,SF40,A.S.ATHLON BASTIA,1 se- 2,Catania,2021-10-09,https://www.fidal.it/atleta/VINCENTI-GATTI-Elisa/fqmRkpilamw%3D,https://www.fidal.it/societa/A-S-ATHLON-BASTIA/PG003
14.80,+0.0,DE ROBERTIS Alessandra vincenza,1975,SF45,ASD FIAMMA ATL.CATANZARO,1 su- 1,Reggio Calabria,2021-04-23,https://www.fidal.it/atleta/DE-ROBERTIS-Alessandra-vincenza/hqqRkpOia2s%3D,https://www.fidal.it/societa/ASD-FIAMMA-ATL-CATANZARO/CZ010
15.04,+1.5,DE ROBERTIS Alessandra vincenza,1975,SF45,ASD FIAMMA ATL.CATANZARO,3 su- 1,Rieti,2021-09-10,https://www.fidal.it/atleta/DE-ROBERTIS-Alessandra-vincenza/hqqRkpOia2s%3D,https://www.fidal.it/societa/ASD-FIAMMA-ATL-CATANZARO/CZ010
15.14,+2.2,DE LUCA Rebecca,1972,SF45,ATLETICA TIVOLI,2 se- 1,Roma,2021-07-17,https://www.fidal.it/atleta/DE-LUCA-Rebecca/f6yRlpOocWw%3D,https://www.fidal.it/societa/ATLETICA-TIVOLI/RM342
15.30,+1.5,DE LUCA Rebecca,1972,SF45,ATLETICA TIVOLI,4 su- 1,Rieti,2021-09-10,https://www.fidal.it/atleta/DE-LUCA-Rebecca/f6yRlpOocWw%3D,https://www.fidal.it/societa/ATLETICA-TIVOLI/RM342
15.34,+1.4,MOLINO Silvia,1976,SF45,S.S. VITTORIO ALFIERI ASTI,3 se- 1,Catania,2021-10-09,https://www.fidal.it/atleta/MOLINO-Silvia/dKuRk5akaGc%3D,https://www.fidal.it/societa/S-S--VITTORIO-ALFIERI-ASTI/AT001
15.74,+1.1,MOLINO Silvia,1976,SF45,S.S. VITTORIO ALFIERI ASTI,1 su- 1,Donnas,2021-09-26,https://www.fidal.it/atleta/MOLINO-Silvia/dKuRk5akaGc%3D,https://www.fidal.it/societa/S-S--VITTORIO-ALFIERI-ASTI/AT001
15.74,+1.4,DELL'ANGELO Sabina,1976,SF45,S.S. VITTORIO ALFIERI ASTI,4 se- 1,Catania,2021-10-09,https://www.fidal.it/atleta/DELL-ANGELO-Sabina/dKuRk5mjb2U%3D,https://www.fidal.it/societa/S-S--VITTORIO-ALFIERI-ASTI/AT001
15.88,+0.5,VACONDIO Francesca,1982,SF35,MODENA ATLETICA,1 su- 1,Bellinzona,2021-09-25,https://www.fidal.it/atleta/VACONDIO-Francesca/eqiRk5ehbGM%3D,https://www.fidal.it/societa/MODENA-ATLETICA/MO497
16.17,+1.4,DE LUCA Rebecca,1972,SF45,ATLETICA TIVOLI,5 se- 1,Catania,2021-10-09,https://www.fidal.it/atleta/DE-LUCA-Rebecca/f6yRlpOocWw%3D,https://www.fidal.it/societa/ATLETICA-TIVOLI/RM342
16.25,+1.1,BASSANO Paola,1978,SF40,A.S. LA FRATELLANZA 1874,2 se- 2,Catania,2021-10-09,https://www.fidal.it/atleta/BASSANO-Paola/dKiRkpSfa2k%3D,https://www.fidal.it/societa/A-S--LA-FRATELLANZA-1874/MO052
16.74,+1.5,MOLINO Silvia,1976,SF45,S.S. VITTORIO ALFIERI ASTI,5 su- 1,Rieti,2021-09-10,https://www.fidal.it/atleta/MOLINO-Silvia/dKuRk5akaGc%3D,https://www.fidal.it/societa/S-S--VITTORIO-ALFIERI-ASTI/AT001
16.94,+1.5,VINCENTI GATTI Elisa,1977,SF40,A.S.ATHLON BASTIA,2 su- 1,Rieti,2021-09-10,https://www.fidal.it/atleta/VINCENTI-GATTI-Elisa/fqmRkpilamw%3D,https://www.fidal.it/societa/A-S-ATHLON-BASTIA/PG003
17.73,+1.2,DE GIOSA Anna rita,1977,SF40,CUS BARI,1 su- 1,Bari,2021-08-28,https://www.fidal.it/atleta/DE-GIOSA-Anna-rita/hKmRkpufamg%3D,https://www.fidal.it/societa/CUS-BARI/BA007
18.50,+1.6,PEGORARO Elisabetta,1975,SF45,ATLETICA RIVIERA DEL BRENTA,1 su- 1,Agordo,2021-07-24,https://www.fidal.it/atleta/PEGORARO-Elisabetta/eK2Rk5Wga2k%3D,https://www.fidal.it/societa/ATLETICA-RIVIERA-DEL-BRENTA/VE473
18.57,+1.4,FRACCHIOLLA Stefania,1974,SF45,ASD NISSOLINO INTESATLETICA,6 se- 1,Catania,2021-10-09,https://www.fidal.it/atleta/FRACCHIOLLA-Stefania/f6qRkpWfamo%3D,https://www.fidal.it/societa/ASD-NISSOLINO-INTESATLETICA/LT260
19.36,+1.5,DE GIOSA Anna rita,1977,SF40,CUS BARI,3 su- 1,Rieti,2021-09-10,https://www.fidal.it/atleta/DE-GIOSA-Anna-rita/hKmRkpufamg%3D,https://www.fidal.it/societa/CUS-BARI/BA007
19.76,+2.2,FRACCHIOLLA Stefania,1974,SF45,ASD NISSOLINO INTESATLETICA,3 se- 1,Roma,2021-07-17,https://www.fidal.it/atleta/FRACCHIOLLA-Stefania/f6qRkpWfamo%3D,https://www.fidal.it/societa/ASD-NISSOLINO-INTESATLETICA/LT260
11.84,+1.2,CARAVELLI Serena,1979,SF40,ATL BRUGNERA PN FRIULINTAGLI,3 fi- 1,Tampere,2022-07-09,https://www.fidal.it/atleta/CARAVELLI-Serena/eaiRkpOia2k%3D,https://www.fidal.it/societa/ATL-BRUGNERA-PN-FRIULINTAGLI/PN039
11.92,+0.6,CARAVELLI Serena,1979,SF40,ATL BRUGNERA PN FRIULINTAGLI,1 su- 1,Grosseto,2022-06-10,https://www.fidal.it/atleta/CARAVELLI-Serena/eaiRkpOia2k%3D,https://www.fidal.it/societa/ATL-BRUGNERA-PN-FRIULINTAGLI/PN039
12.09,-0.1,CARAVELLI Serena,1979,SF40,ATL BRUGNERA PN FRIULINTAGLI,1 su- 1,Bellinzona,2022-09-24,https://www.fidal.it/atleta/CARAVELLI-Serena/eaiRkpOia2k%3D,https://www.fidal.it/societa/ATL-BRUGNERA-PN-FRIULINTAGLI/PN039
12.69,+2.1,GIULIVI Antonella,1975,SF45,ATLETICA ASTI 2.2 A.S.D.,1 su- 1,Grosseto,2022-06-10,https://www.fidal.it/atleta/GIULIVI-Antonella/dKiRkpKobmU%3D,https://www.fidal.it/societa/ATLETICA-ASTI-2-2-A-S-D-/AT019
12.85,+0.6,PAGANELLI Cristina,1980,SF40,ASD ROMATLETICA,1 se- 1,Colleferro,2022-06-04,https://www.fidal.it/atleta/PAGANELLI-Cristina/f6iRkpikcWo%3D,https://www.fidal.it/societa/ASD-ROMATLETICA/RM232
12.87,+1.2,PAGANELLI Cristina,1980,SF40,ASD ROMATLETICA,5 fi- 1,Tampere,2022-07-09,https://www.fidal.it/atleta/PAGANELLI-Cristina/f6iRkpikcWo%3D,https://www.fidal.it/societa/ASD-ROMATLETICA/RM232
12.88,+1.8,GIULIVI Antonella,1975,SF45,ATLETICA ASTI 2.2 A.S.D.,1 su- 1,Boissano,2022-07-19,https://www.fidal.it/atleta/GIULIVI-Antonella/dKiRkpKobmU%3D,https://www.fidal.it/societa/ATLETICA-ASTI-2-2-A-S-D-/AT019
12.90,+0.0,GIULIVI Antonella,1975,SF45,ATLETICA ASTI 2.2 A.S.D.,1 se- 1,Salerno,2022-05-21,https://www.fidal.it/atleta/GIULIVI-Antonella/dKiRkpKobmU%3D,https://www.fidal.it/societa/ATLETICA-ASTI-2-2-A-S-D-/AT019
13.01,+0.6,PAGANELLI Cristina,1980,SF40,ASD ROMATLETICA,2 su- 1,Grosseto,2022-06-10,https://www.fidal.it/atleta/PAGANELLI-Cristina/f6iRkpikcWo%3D,https://www.fidal.it/societa/ASD-ROMATLETICA/RM232
13.18,+2.1,FERRARI Gioia,1973,SF45,PROSPORT ATL. FIRENZE,2 su- 1,Grosseto,2022-06-10,https://www.fidal.it/atleta/FERRARI-Gioia/h6iRlJmfbWY%3D,https://www.fidal.it/societa/PROSPORT-ATL--FIRENZE/FI009
13.24,+0.6,FELLA Ivana,1974,SF45,A.S. LA FRATELLANZA 1874,2 se- 1,Colleferro,2022-06-04,https://www.fidal.it/atleta/FELLA-Ivana/f6iRkpOgbGQ%3D,https://www.fidal.it/societa/A-S--LA-FRATELLANZA-1874/MO052
13.65,+2.1,FELLA Ivana,1974,SF45,A.S. LA FRATELLANZA 1874,3 su- 1,Grosseto,2022-06-10,https://www.fidal.it/atleta/FELLA-Ivana/f6iRkpOgbGQ%3D,https://www.fidal.it/societa/A-S--LA-FRATELLANZA-1874/MO052
13.66,+0.0,FERRARI Gioia,1973,SF45,PROSPORT ATL. FIRENZE,2 se- 1,Salerno,2022-05-21,https://www.fidal.it/atleta/FERRARI-Gioia/h6iRlJmfbWY%3D,https://www.fidal.it/societa/PROSPORT-ATL--FIRENZE/FI009
14.57,+0.6,DI BARTOLOMEO Valeria,1982,SF40,ASD ATHLETIC AMELIA,3 su- 1,Grosseto,2022-06-10,https://www.fidal.it/atleta/DI-BARTOLOMEO-Valeria/fqqRkpWfbWw%3D,https://www.fidal.it/societa/ASD-ATHLETIC-AMELIA/TR052
14.60,-0.3,FELLA Ivana,1974,SF45,A.S. LA FRATELLANZA 1874,1 se- 2,Salerno,2022-05-21,https://www.fidal.it/atleta/FELLA-Ivana/f6iRkpOgbGQ%3D,https://www.fidal.it/societa/A-S--LA-FRATELLANZA-1874/MO052
14.71,+2.1,VINCENTI GATTI Elisa,1977,SF45,A.S.ATHLON BASTIA,4 su- 1,Grosseto,2022-06-10,https://www.fidal.it/atleta/VINCENTI-GATTI-Elisa/fqmRkpilamw%3D,https://www.fidal.it/societa/A-S-ATHLON-BASTIA/PG003
14.78,+2.1,VACONDIO Francesca,1982,SF40,MODENA ATLETICA,2 su- 1,Busto Arsizio,2022-05-28,https://www.fidal.it/atleta/VACONDIO-Francesca/eqiRk5ehbGM%3D,https://www.fidal.it/societa/MODENA-ATLETICA/MO497
14.83,+0.6,VACONDIO Francesca,1982,SF40,MODENA ATLETICA,4 su- 1,Grosseto,2022-06-10,https://www.fidal.it/atleta/VACONDIO-Francesca/eqiRk5ehbGM%3D,https://www.fidal.it/societa/MODENA-ATLETICA/MO497
14.96,+1.8,VACONDIO Francesca,1982,SF40,MODENA ATLETICA,1 su- 1,Misano Adriatico,2022-07-02,https://www.fidal.it/atleta/VACONDIO-Francesca/eqiRk5ehbGM%3D,https://www.fidal.it/societa/MODENA-ATLETICA/MO497
15.04,-0.1,VACONDIO Francesca,1982,SF40,MODENA ATLETICA,2 su- 1,Bellinzona,2022-09-24,https://www.fidal.it/atleta/VACONDIO-Francesca/eqiRk5ehbGM%3D,https://www.fidal.it/societa/MODENA-ATLETICA/MO497
15.17,,MOLINO Silvia,1976,SF45,S.S. VITTORIO ALFIERI ASTI,1 su- 1,Beinasco,2022-09-17,https://www.fidal.it/atleta/MOLINO-Silvia/dKuRk5akaGc%3D,https://www.fidal.it/societa/S-S--VITTORIO-ALFIERI-ASTI/AT001
15.28,+2.1,MOLINO Silvia,1976,SF45,S.S. VITTORIO ALFIERI ASTI,5 su- 1,Grosseto,2022-06-10,https://www.fidal.it/atleta/MOLINO-Silvia/dKuRk5akaGc%3D,https://www.fidal.it/societa/S-S--VITTORIO-ALFIERI-ASTI/AT001
15.82,+0.0,MOLINO Silvia,1976,SF45,S.S. VITTORIO ALFIERI ASTI,3 se- 1,Salerno,2022-05-21,https://www.fidal.it/atleta/MOLINO-Silvia/dKuRk5akaGc%3D,https://www.fidal.it/societa/S-S--VITTORIO-ALFIERI-ASTI/AT001
15.97,-0.3,DELL'ANGELO Sabina,1976,SF45,S.S. VITTORIO ALFIERI ASTI,2 se- 2,Salerno,2022-05-21,https://www.fidal.it/atleta/DELL-ANGELO-Sabina/dKuRk5mjb2U%3D,https://www.fidal.it/societa/S-S--VITTORIO-ALFIERI-ASTI/AT001
16.70,+2.1,DE GIOSA Anna rita,1977,SF45,CUS BARI,6 su- 1,Grosseto,2022-06-10,https://www.fidal.it/atleta/DE-GIOSA-Anna-rita/hKmRkpufamg%3D,https://www.fidal.it/societa/CUS-BARI/BA007
16.75,+0.0,MONTESSORO Simona,1981,SF40,A.S.D.  C.U.S. GENOVA,4 se- 1,Salerno,2022-05-21,https://www.fidal.it/atleta/MONTESSORO-Simona/daiRkpKibGk%3D,https://www.fidal.it/societa/A-S-D--C-U-S--GENOVA/GE002
17.0,,DE GIOSA Anna rita,1977,SF45,CUS BARI,1 se- 1,Lecce,2022-05-28,https://www.fidal.it/atleta/DE-GIOSA-Anna-rita/hKmRkpufamg%3D,https://www.fidal.it/societa/CUS-BARI/BA007
17.73,-0.3,D'ANNIBALE Francesca,1976,SF45,ASD ATLETICA PISTOIA,3 se- 2,Salerno,2022-05-21,https://www.fidal.it/atleta/D-ANNIBALE-Francesca/f66RkpKibWU%3D,https://www.fidal.it/societa/ASD-ATLETICA-PISTOIA/PT118
18.37,+0.6,FRACCHIOLLA Stefania,1974,SF45,ASD NISSOLINO INTESATLETICA,3 se- 1,Colleferro,2022-06-04,https://www.fidal.it/atleta/FRACCHIOLLA-Stefania/f6qRkpWfamo%3D,https://www.fidal.it/societa/ASD-NISSOLINO-INTESATLETICA/LT260
18.43,-0.3,FRACCHIOLLA Stefania,1974,SF45,ASD NISSOLINO INTESATLETICA,4 se- 2,Salerno,2022-05-21,https://www.fidal.it/atleta/FRACCHIOLLA-Stefania/f6qRkpWfamo%3D,https://www.fidal.it/societa/ASD-NISSOLINO-INTESATLETICA/LT260
11.47,+1.3,CARAVELLI Serena,1979,SF40,ATL BRUGNERA PN FRIULINTAGLI,1 fi- 1,Pescara,2023-09-29,https://www.fidal.it/atleta/CARAVELLI-Serena/eaiRkpOia2k%3D,https://www.fidal.it/societa/ATL-BRUGNERA-PN-FRIULINTAGLI/PN039
11.53,+1.0,CARAVELLI Serena,1979,SF40,ATL BRUGNERA PN FRIULINTAGLI,1 ba- 1,Pescara,2023-09-28,https://www.fidal.it/atleta/CARAVELLI-Serena/eaiRkpOia2k%3D,https://www.fidal.it/societa/ATL-BRUGNERA-PN-FRIULINTAGLI/PN039
11.78,+0.0,CARAVELLI Serena,1979,SF40,ATL BRUGNERA PN FRIULINTAGLI,1 su- 1,Monselice,2023-06-03,https://www.fidal.it/atleta/CARAVELLI-Serena/eaiRkpOia2k%3D,https://www.fidal.it/societa/ATL-BRUGNERA-PN-FRIULINTAGLI/PN039
12.84,+1.0,FELLA Ivana,1974,SF45,A.S. LA FRATELLANZA 1874,3 su- 1,Pescara,2023-09-29,https://www.fidal.it/atleta/FELLA-Ivana/f6iRkpOgbGQ%3D,https://www.fidal.it/societa/A-S--LA-FRATELLANZA-1874/MO052
12.91,+0.1,FELLA Ivana,1974,SF45,A.S. LA FRATELLANZA 1874,1 su- 1,Colleferro,2023-06-10,https://www.fidal.it/atleta/FELLA-Ivana/f6iRkpOgbGQ%3D,https://www.fidal.it/societa/A-S--LA-FRATELLANZA-1874/MO052
13.11,-0.9,FELLA Ivana,1974,SF45,A.S. LA FRATELLANZA 1874,1 su- 1,Acireale,2023-06-23,https://www.fidal.it/atleta/FELLA-Ivana/f6iRkpOgbGQ%3D,https://www.fidal.it/societa/A-S--LA-FRATELLANZA-1874/MO052
13.19,+1.0,PAGANELLI Cristina,1980,SF40,ASD ROMATLETICA,4 ba- 1,Pescara,2023-09-28,https://www.fidal.it/atleta/PAGANELLI-Cristina/f6iRkpikcWo%3D,https://www.fidal.it/societa/ASD-ROMATLETICA/RM232
13.46,+1.0,CELENTANO Valeria,1983,SF40,ATLETICA ALTO GARDA E LEDRO,6 ba- 1,Pescara,2023-09-28,https://www.fidal.it/atleta/CELENTANO-Valeria/d6iRkpWjamg%3D,https://www.fidal.it/societa/ATLETICA-ALTO-GARDA-E-LEDRO/TN135
13.74,-0.9,PAGANELLI Cristina,1980,SF40,ASD ROMATLETICA,1 su- 1,Acireale,2023-06-23,https://www.fidal.it/atleta/PAGANELLI-Cristina/f6iRkpikcWo%3D,https://www.fidal.it/societa/ASD-ROMATLETICA/RM232
13.76,+0.8,DE ROBERTIS Alessandra vincenza,1975,SF45,ATLETICA CANAVESANA,2 se- 1,Pescara,2023-09-23,https://www.fidal.it/atleta/DE-ROBERTIS-Alessandra-vincenza/hqqRkpOia2s%3D,https://www.fidal.it/societa/ATLETICA-CANAVESANA/TO015
13.79,+2.0,DE ROBERTIS Alessandra vincenza,1975,SF45,ATLETICA CANAVESANA,1 su- 1,Campi Bisenzio,2023-05-27,https://www.fidal.it/atleta/DE-ROBERTIS-Alessandra-vincenza/hqqRkpOia2s%3D,https://www.fidal.it/societa/ATLETICA-CANAVESANA/TO015
13.86,+2.5,DE ROBERTIS Alessandra vincenza,1975,SF45,ATLETICA CANAVESANA,2 su- 1,Boissano,2023-09-02,https://www.fidal.it/atleta/DE-ROBERTIS-Alessandra-vincenza/hqqRkpOia2s%3D,https://www.fidal.it/societa/ATLETICA-CANAVESANA/TO015
13.92,+0.0,DE ROBERTIS Alessandra vincenza,1975,SF45,ATLETICA CANAVESANA,1 su- 1,Asti,2023-09-09,https://www.fidal.it/atleta/DE-ROBERTIS-Alessandra-vincenza/hqqRkpOia2s%3D,https://www.fidal.it/societa/ATLETICA-CANAVESANA/TO015
14.06,+0.1,DE ROBERTIS Alessandra vincenza,1975,SF45,ATLETICA CANAVESANA,2 su- 1,Colleferro,2023-06-10,https://www.fidal.it/atleta/DE-ROBERTIS-Alessandra-vincenza/hqqRkpOia2s%3D,https://www.fidal.it/societa/ATLETICA-CANAVESANA/TO015
14.07,+2.0,RAVIOLA Rossana,1982,SF40,ATLETICA ASTI 2.2 A.S.D.,1 su- 1,Campi Bisenzio,2023-05-27,https://www.fidal.it/atleta/RAVIOLA-Rossana/dKuRk5agbWM%3D,https://www.fidal.it/societa/ATLETICA-ASTI-2-2-A-S-D-/AT019
14.14,+0.2,ZOFFOLI Chiara,1979,SF40,ATL. ENDAS  CESENA,5 ba- 2,Pescara,2023-09-28,https://www.fidal.it/atleta/ZOFFOLI-Chiara/eqiRkpala2g%3D,https://www.fidal.it/societa/ATL--ENDAS-CESENA/FC049
14.21,-0.9,DE ROBERTIS Alessandra vincenza,1975,SF45,ATLETICA CANAVESANA,2 su- 1,Acireale,2023-06-23,https://www.fidal.it/atleta/DE-ROBERTIS-Alessandra-vincenza/hqqRkpOia2s%3D,https://www.fidal.it/societa/ATLETICA-CANAVESANA/TO015
14.72,+2.0,VACONDIO Francesca,1982,SF40,MODENA ATLETICA  ASD,2 su- 1,Campi Bisenzio,2023-05-27,https://www.fidal.it/atleta/VACONDIO-Francesca/eqiRk5ehbGM%3D,https://www.fidal.it/societa/MODENA-ATLETICA-ASD/MO497
14.79,+0.9,ZOFFOLI Chiara,1979,SF40,ATL. ENDAS  CESENA,1 se- 1,Ravenna,2023-09-09,https://www.fidal.it/atleta/ZOFFOLI-Chiara/eqiRkpala2g%3D,https://www.fidal.it/societa/ATL--ENDAS-CESENA/FC049
14.85,+0.9,VACONDIO Francesca,1982,SF40,MODENA ATLETICA  ASD,2 se- 1,Ravenna,2023-09-09,https://www.fidal.it/atleta/VACONDIO-Francesca/eqiRk5ehbGM%3D,https://www.fidal.it/societa/MODENA-ATLETICA-ASD/MO497
14.94,-0.9,DI BARTOLOMEO Valeria,1982,SF40,ASD ATHLETIC AMELIA,2 su- 1,Acireale,2023-06-23,https://www.fidal.it/atleta/DI-BARTOLOMEO-Valeria/fqqRkpWfbWw%3D,https://www.fidal.it/societa/ASD-ATHLETIC-AMELIA/TR052
15.03,+1.0,MOLINO Silvia,1976,SF45,S.S. VITTORIO ALFIERI ASTI,4 su- 1,Pescara,2023-09-29,https://www.fidal.it/atleta/MOLINO-Silvia/dKuRk5akaGc%3D,https://www.fidal.it/societa/S-S--VITTORIO-ALFIERI-ASTI/AT001
15.10,-0.9,MOLINO Silvia,1976,SF45,S.S. VITTORIO ALFIERI ASTI,3 su- 1,Acireale,2023-06-23,https://www.fidal.it/atleta/MOLINO-Silvia/dKuRk5akaGc%3D,https://www.fidal.it/societa/S-S--VITTORIO-ALFIERI-ASTI/AT001
15.19,+2.0,MOLINO Silvia,1976,SF45,S.S. VITTORIO ALFIERI ASTI,2 su- 1,Campi Bisenzio,2023-05-27,https://www.fidal.it/atleta/MOLINO-Silvia/dKuRk5akaGc%3D,https://www.fidal.it/societa/S-S--VITTORIO-ALFIERI-ASTI/AT001
15.55,+2.0,DELL'ANGELO Sabina,1976,SF45,S.S. VITTORIO ALFIERI ASTI,3 su- 1,Campi Bisenzio,2023-05-27,https://www.fidal.it/atleta/DELL-ANGELO-Sabina/dKuRk5mjb2U%3D,https://www.fidal.it/societa/S-S--VITTORIO-ALFIERI-ASTI/AT001
15.60,+0.0,MOLINO Silvia,1976,SF45,S.S. VITTORIO ALFIERI ASTI,2 su- 1,Asti,2023-09-09,https://www.fidal.it/atleta/MOLINO-Silvia/dKuRk5akaGc%3D,https://www.fidal.it/societa/S-S--VITTORIO-ALFIERI-ASTI/AT001
15.74,+2.0,D'ANNIBALE Francesca,1976,SF45,ASD ATLETICA PISTOIA,4 su- 1,Campi Bisenzio,2023-05-27,https://www.fidal.it/atleta/D-ANNIBALE-Francesca/f66RkpKibWU%3D,https://www.fidal.it/societa/ASD-ATLETICA-PISTOIA/PT118
15.74,+0.0,DELL'ANGELO Sabina,1976,SF45,S.S. VITTORIO ALFIERI ASTI,3 su- 1,Asti,2023-09-09,https://www.fidal.it/atleta/DELL-ANGELO-Sabina/dKuRk5mjb2U%3D,https://www.fidal.it/societa/S-S--VITTORIO-ALFIERI-ASTI/AT001
15.75,+2.4,D'ANNIBALE Francesca,1976,SF45,ASD ATLETICA PISTOIA,1 su- 1,Pietrasanta,2023-09-09,https://www.fidal.it/atleta/D-ANNIBALE-Francesca/f66RkpKibWU%3D,https://www.fidal.it/societa/ASD-ATLETICA-PISTOIA/PT118
16.68,-0.9,DE GIOSA Anna rita,1977,SF45,CUS BARI,4 su- 1,Acireale,2023-06-23,https://www.fidal.it/atleta/DE-GIOSA-Anna-rita/hKmRkpufamg%3D,https://www.fidal.it/societa/CUS-BARI/BA007
17.42,-0.4,DE GIOSA Anna rita,1977,SF45,CUS BARI,1 su- 1,Molfetta,2023-09-09,https://www.fidal.it/atleta/DE-GIOSA-Anna-rita/hKmRkpufamg%3D,https://www.fidal.it/societa/CUS-BARI/BA007
18.00,+0.8,LOMBARDI Francesca,1975,SF45,PROSPORT ATL. FIRENZE,7 se- 1,Pescara,2023-09-23,https://www.fidal.it/atleta/LOMBARDI-Francesca/faqRkpqgcWk%3D,https://www.fidal.it/societa/PROSPORT-ATL--FIRENZE/FI009
18.02,+2.0,FRACCHIOLLA Stefania,1974,SF45,ASD NISSOLINO INTESATLETICA,5 su- 1,Campi Bisenzio,2023-05-27,https://www.fidal.it/atleta/FRACCHIOLLA-Stefania/f6qRkpWfamo%3D,https://www.fidal.it/societa/ASD-NISSOLINO-INTESATLETICA/LT260
18.22,+0.8,FRACCHIOLLA Stefania,1974,SF45,ASD NISSOLINO INTESATLETICA,8 se- 1,Pescara,2023-09-23,https://www.fidal.it/atleta/FRACCHIOLLA-Stefania/f6qRkpWfamo%3D,https://www.fidal.it/societa/ASD-NISSOLINO-INTESATLETICA/LT260
11.93,+0.1,CARAVELLI Serena,1979,SF45,ATL BRUGNERA PN FRIULINTAGLI,1 su- 1,Roma,2024-06-21,https://www.fidal.it/atleta/CARAVELLI-Serena/eaiRkpOia2k%3D,https://www.fidal.it/societa/ATL-BRUGNERA-PN-FRIULINTAGLI/PN039
13.18,+0.1,PAGANELLI Cristina,1980,SF40,ASD ROMATLETICA,1 su- 1,Roma,2024-06-21,https://www.fidal.it/atleta/PAGANELLI-Cristina/f6iRkpikcWo%3D,https://www.fidal.it/societa/ASD-ROMATLETICA/RM232
14.28,+0.1,DE ROBERTIS Alessandra vincenza,1975,SF45,A.S.D. AD MAIORA TRIESTE,2 su- 1,Roma,2024-06-21,https://www.fidal.it/atleta/DE-ROBERTIS-Alessandra-vincenza/hqqRkpOia2s%3D,https://www.fidal.it/societa/A-S-D--AD-MAIORA-TRIESTE/TS549
14.72,+0.1,VACONDIO Francesca,1982,SF40,MODENA ATLETICA  ASD,2 su- 1,Roma,2024-06-21,https://www.fidal.it/atleta/VACONDIO-Francesca/eqiRk5ehbGM%3D,https://www.fidal.it/societa/MODENA-ATLETICA-ASD/MO497
14.92,-0.9,VACONDIO Francesca,1982,SF40,MODENA ATLETICA  ASD,1 su- 1,Brescia,2024-05-29,https://www.fidal.it/atleta/VACONDIO-Francesca/eqiRk5ehbGM%3D,https://www.fidal.it/societa/MODENA-ATLETICA-ASD/MO497
14.93,+0.5,VACONDIO Francesca,1982,SF40,MODENA ATLETICA  ASD,1 su- 1,Vercelli,2024-04-27,https://www.fidal.it/atleta/VACONDIO-Francesca/eqiRk5ehbGM%3D,https://www.fidal.it/societa/MODENA-ATLETICA-ASD/MO497
15.06,-0.7,VACONDIO Francesca,1982,SF40,MODENA ATLETICA  ASD,1 su- 1,Genova,2024-06-08,https://www.fidal.it/atleta/VACONDIO-Francesca/eqiRk5ehbGM%3D,https://www.fidal.it/societa/MODENA-ATLETICA-ASD/MO497
15.20,+0.2,CAPPELLA Debora,1984,SF40,SPORT D.L.F. ANCONA,1 su- 1,Siena,2024-06-15,https://www.fidal.it/atleta/CAPPELLA-Debora/e6mRkpWfamQ%3D,https://www.fidal.it/societa/SPORT-D-L-F--ANCONA/AN015
15.21,-1.5,PAGANELLI Cristina,1980,SF40,ASD ROMATLETICA,1 su- 1,Colleferro,2024-06-15,https://www.fidal.it/atleta/PAGANELLI-Cristina/f6iRkpikcWo%3D,https://www.fidal.it/societa/ASD-ROMATLETICA/RM232
15.44,+0.1,CAPPELLA Debora,1984,SF40,SPORT D.L.F. ANCONA,3 su- 1,Roma,2024-06-21,https://www.fidal.it/atleta/CAPPELLA-Debora/e6mRkpWfamQ%3D,https://www.fidal.it/societa/SPORT-D-L-F--ANCONA/AN015
15.52,+0.5,DELL'ANGELO Sabina,1976,SF45,S.S. VITTORIO ALFIERI ASTI,2 su- 1,Vercelli,2024-04-27,https://www.fidal.it/atleta/DELL-ANGELO-Sabina/dKuRk5mjb2U%3D,https://www.fidal.it/societa/S-S--VITTORIO-ALFIERI-ASTI/AT001
16.03,+0.5,D'ANNIBALE Francesca,1976,SF45,ASD ATLETICA PISTOIA,3 su- 1,Vercelli,2024-04-27,https://www.fidal.it/atleta/D-ANNIBALE-Francesca/f66RkpKibWU%3D,https://www.fidal.it/societa/ASD-ATLETICA-PISTOIA/PT118
16.38,-0.9,BISAGNI Marina,1982,SF40,A.S.D. ATLETICA CINQUE CERCHI,2 su- 1,Brescia,2024-05-29,https://www.fidal.it/atleta/BISAGNI-Marina/eq2RkpKoaGc%3D,https://www.fidal.it/societa/A-S-D--ATLETICA-CINQUE-CERCHI/PC461
16.39,-0.9,LEINARDI Alexa,1975,SF45,ASD CAGLIARI ATLETICA LEGGERA,1 su- 1,Quartucciu,2024-04-13,https://www.fidal.it/atleta/LEINARDI-Alexa/iKmRk5WkcGo%3D,https://www.fidal.it/societa/ASD-CAGLIARI-ATLETICA-LEGGERA/CA239
16.44,+0.8,LEINARDI Alexa,1975,SF45,ASD CAGLIARI ATLETICA LEGGERA,1 su- 1,Sassari,2024-06-08,https://www.fidal.it/atleta/LEINARDI-Alexa/iKmRk5WkcGo%3D,https://www.fidal.it/societa/ASD-CAGLIARI-ATLETICA-LEGGERA/CA239
