prestazione,atleta,anno,categoria,società,posizione,luogo,data,link_atleta,link_società
3243.0,PAGANELLI Cristina,1980,SF,ATL. SESTESE FEMMINILE,1 su- 1,Firenze,2014-01-18,https://www.fidal.it/atleta/PAGANELLI-Cristina/f6iRkpikcWo%3D,https://www.fidal.it/societa/ATL--SESTESE-FEMMINILE/FI013
3234.0,LAZZARINI Selene,1991,SF,TOSCANA ATL.EMPOLI NISSAN,2 su- 1,Firenze,2014-01-18,https://www.fidal.it/atleta/LAZZARINI-Selene/faiSkpilaWw%3D,https://www.fidal.it/societa/TOSCANA-ATL-EMPOLI-NISSAN/FI007
2862.0,SASSETTI Chloe',1996,JF,ASSI GIGLIO ROSSO FIRENZE,3 su- 1,Firenze,2014-01-18,https://www.fidal.it/atleta/SASSETTI-Chloe-/faqRkpKgbGg%3D,https://www.fidal.it/societa/ASSI-GIGLIO-ROSSO-FIRENZE/FI001
2744.0,RENZETTI Giuditta,1996,JF,ATLETICA FUTURA A.S.D.,4 su- 1,Firenze,2014-01-18,https://www.fidal.it/atleta/RENZETTI-Giuditta/faiSkpmgamM%3D,https://www.fidal.it/societa/ATLETICA-FUTURA-A-S-D-/FI384
2641.0,LUCHERINI Martina,1993,PF,TOSCANA ATL.EMPOLI NISSAN,5 su- 1,Firenze,2014-01-18,https://www.fidal.it/atleta/LUCHERINI-Martina/faiSkpWkcGQ%3D,https://www.fidal.it/societa/TOSCANA-ATL-EMPOLI-NISSAN/FI007
3151.0,BACCIOTTI Eleonora,1989,SF,ATLETICA FIRENZE MARATHON S.S.,1 su- 1,Firenze,2015-01-18,https://www.fidal.it/atleta/BACCIOTTI-Eleonora/faiRm5Wnb2Y%3D,https://www.fidal.it/societa/ATLETICA-FIRENZE-MARATHON-S-S-/FI002
2535.0,LUCHERINI Martina,1993,PF,TOSCANA ATL.EMPOLI NISSAN,2 su- 1,Firenze,2015-01-18,https://www.fidal.it/atleta/LUCHERINI-Martina/faiSkpWkcGQ%3D,https://www.fidal.it/societa/TOSCANA-ATL-EMPOLI-NISSAN/FI007
2374.0,SILVAN Ester,1991,SF,ATL. SESTESE FEMMINILE,3 su- 1,Firenze,2015-01-18,https://www.fidal.it/atleta/SILVAN-Ester/faiRm5ukcGY%3D,https://www.fidal.it/societa/ATL--SESTESE-FEMMINILE/FI013
2251.0,CRISCUOLO Alice,1997,JF,ATL LIBERTAS RUNNERS LIVORNO,4 su- 1,Firenze,2015-01-18,https://www.fidal.it/atleta/CRISCUOLO-Alice/fayRkpOicGY%3D,https://www.fidal.it/societa/ATL-LIBERTAS-RUNNERS-LIVORNO/LI035
3288.0,BACCIOTTI Eleonora,1989,SF,ATLETICA FIRENZE MARATHON S.S.,1 su- 1,Firenze,2016-01-16,https://www.fidal.it/atleta/BACCIOTTI-Eleonora/faiRm5Wnb2Y%3D,https://www.fidal.it/societa/ATLETICA-FIRENZE-MARATHON-S-S-/FI002
3277.0,MARCHETTI Erica,1998,JF,CUS PISA,2 su- 1,Firenze,2016-01-16,https://www.fidal.it/atleta/MARCHETTI-Erica/faAAARkpKgbGY%3D,https://www.fidal.it/societa/CUS-PISA/PI071
3058.0,BOCCIOLINI Carolina,1989,SF,TOSCANA ATL.EMPOLI NISSAN,3 su- 1,Firenze,2016-01-16,https://www.fidal.it/atleta/BOCCIOLINI-Carolina/faiRm5efbms%3D,https://www.fidal.it/societa/TOSCANA-ATL-EMPOLI-NISSAN/FI007
2830.0,BYLYKBASHI Alessia,1998,JF,TOSCANA ATL.EMPOLI NISSAN,4 su- 1,Firenze,2016-01-16,https://www.fidal.it/atleta/BYLYKBASHI-Alessia/faiSkpmma2Q%3D,https://www.fidal.it/societa/TOSCANA-ATL-EMPOLI-NISSAN/FI007
2759.0,PATTERLINI Allegra,1996,PF,A.S.D. ACSI ITALIA ATLETICA,5 su- 1,Firenze,2016-01-16,https://www.fidal.it/atleta/PATTERLINI-Allegra/faiSkpigbmk%3D,https://www.fidal.it/societa/A-S-D--ACSI-ITALIA-ATLETICA/RM131
2453.0,BALDI Sofia,1998,JF,ATL.GROSSETO BANCA TEMA,6 su- 1,Firenze,2016-01-16,https://www.fidal.it/atleta/BALDI-Sofia/faiSkpalcWM%3D,https://www.fidal.it/societa/ATL-GROSSETO-BANCA-TEMA/GR065
2448.0,CORSI Marta,1998,JF,TOSCANA ATL.EMPOLI NISSAN,7 su- 1,Firenze,2016-01-16,https://www.fidal.it/atleta/CORSI-Marta/faiSkpmiaWU%3D,https://www.fidal.it/societa/TOSCANA-ATL-EMPOLI-NISSAN/FI007
2446.0,SASSETTI Chloe',1996,PF,ATLETICA 2005,8 su- 1,Firenze,2016-01-16,https://www.fidal.it/atleta/SASSETTI-Chloe-/faqRkpKgbGg%3D,https://www.fidal.it/societa/ATLETICA-2005/SI361
2396.0,PARDINI Michelle,1998,JF,CUS PISA,9 su- 1,Firenze,2016-01-16,https://www.fidal.it/atleta/PARDINI-Michelle/faiSk5SgaWw%3D,https://www.fidal.it/societa/CUS-PISA/PI071
2204.0,GUANTINI Eva,1986,SF,ATLETICA LIVORNO,10 su- 1,Firenze,2016-01-16,https://www.fidal.it/atleta/GUANTINI-Eva/faiRlJmhbWc%3D,https://www.fidal.it/societa/ATLETICA-LIVORNO/LI036
2095.0,PISTOLESI Veronica,1998,JF,CENTRO ATLETICA PIOMBINO,11 su- 1,Firenze,2016-01-16,https://www.fidal.it/atleta/PISTOLESI-Veronica/fayRkpafcGs%3D,https://www.fidal.it/societa/CENTRO-ATLETICA-PIOMBINO/LI038
2047.0,D'AGOSTINO Valentina,1998,JF,ATLETICA LIVORNO,12 su- 1,Firenze,2016-01-16,https://www.fidal.it/atleta/D-AGOSTINO-Valentina/faiSkpqhaWQ%3D,https://www.fidal.it/societa/ATLETICA-LIVORNO/LI036
1829.0,MANZO Benedetta,1998,JF,ATL.GROSSETO BANCA TEMA,13 su- 1,Firenze,2016-01-16,https://www.fidal.it/atleta/MANZO-Benedetta/fauRkpKgcWM%3D,https://www.fidal.it/societa/ATL-GROSSETO-BANCA-TEMA/GR065
1672.0,CANDUZZI Sara,1997,JF,CENTRO ATLETICA PIOMBINO,14 su- 1,Firenze,2016-01-16,https://www.fidal.it/atleta/CANDUZZI-Sara/fayRkpakcWg%3D,https://www.fidal.it/societa/CENTRO-ATLETICA-PIOMBINO/LI038
1402.0,CAVINI Francesca,1998,JF,TOSCANA ATL.EMPOLI NISSAN,15 su- 1,Firenze,2016-01-16,https://www.fidal.it/atleta/CAVINI-Francesca/faqRkpmibmc%3D,https://www.fidal.it/societa/TOSCANA-ATL-EMPOLI-NISSAN/FI007
1367.0,MARCHETTI Celeste,1997,JF,TOSCANA ATL.EMPOLI NISSAN,16 su- 1,Firenze,2016-01-16,https://www.fidal.it/atleta/MARCHETTI-Celeste/faqRkpamaGs%3D,https://www.fidal.it/societa/TOSCANA-ATL-EMPOLI-NISSAN/FI007
3191.0,LAZZARINI Selene,1991,SF,TOSCANA ATL.EMPOLI NISSAN,1 su- 1,Firenze,2017-01-22,https://www.fidal.it/atleta/LAZZARINI-Selene/faiSkpilaWw%3D,https://www.fidal.it/societa/TOSCANA-ATL-EMPOLI-NISSAN/FI007
3187.0,BOCCIOLINI Carolina,1989,SF,TOSCANA ATL.EMPOLI NISSAN,2 su- 1,Firenze,2017-01-22,https://www.fidal.it/atleta/BOCCIOLINI-Carolina/faiRm5efbms%3D,https://www.fidal.it/societa/TOSCANA-ATL-EMPOLI-NISSAN/FI007
3152.0,GEREVINI Sveva,1996,PF,CREMONA SPORTIVA ATL. ARVEDI,1 su- 1,Aosta,2017-01-08,https://www.fidal.it/atleta/GEREVINI-Sveva/dqiSl5SkaWQ%3D,https://www.fidal.it/societa/CREMONA-SPORTIVA-ATL--ARVEDI/CR041
3052.0,SASSETTI Chloe',1996,PF,ATLETICA 2005,3 su- 1,Firenze,2017-01-22,https://www.fidal.it/atleta/SASSETTI-Chloe-/faqRkpKgbGg%3D,https://www.fidal.it/societa/ATLETICA-2005/SI361
2842.0,NICOLA Silvia,1996,PF,G.S. ERMENEGILDO ZEGNA,2 su- 1,Aosta,2017-01-08,https://www.fidal.it/atleta/NICOLA-Silvia/dKAAARk5qjbWc%3D,https://www.fidal.it/societa/G-S--ERMENEGILDO-ZEGNA/VC020
2692.0,SALA Chiara,1999,JF,G.S. ERMENEGILDO ZEGNA,3 su- 1,Aosta,2017-01-08,https://www.fidal.it/atleta/SALA-Chiara/dKAAARlJOgb2Y%3D,https://www.fidal.it/societa/G-S--ERMENEGILDO-ZEGNA/VC020
2651.0,PARDINI Michelle,1998,JF,CUS PISA,5 su- 1,Firenze,2017-01-22,https://www.fidal.it/atleta/PARDINI-Michelle/faiSk5SgaWw%3D,https://www.fidal.it/societa/CUS-PISA/PI071
2475.0,BOMBARA Federica,1999,JF,S.S. VITTORIO ALFIERI ASTI,4 su- 1,Aosta,2017-01-08,https://www.fidal.it/atleta/BOMBARA-Federica/dKuRk5ihcWk%3D,https://www.fidal.it/societa/S-S--VITTORIO-ALFIERI-ASTI/AT001
2379.0,LUCHERINI Martina,1993,SF,ASD ATLETICA  PRATO,6 su- 1,Firenze,2017-01-22,https://www.fidal.it/atleta/LUCHERINI-Martina/faiSkpWkcGQ%3D,https://www.fidal.it/societa/ASD-ATLETICA-PRATO/PO149
2344.0,SALVADORI Eleonora,1996,PF,ASD LA GALLA PONTEDERA ATL.,7 su- 1,Firenze,2017-01-22,https://www.fidal.it/atleta/SALVADORI-Eleonora/faAAARkpKjbWc%3D,https://www.fidal.it/societa/ASD-LA-GALLA-PONTEDERA-ATL-/PI144
1842.0,VISANI Viola,1999,JF,ATLETICA FIRENZE MARATHON S.S.,8 su- 1,Firenze,2017-01-22,https://www.fidal.it/atleta/VISANI-Viola/faiSkpWgbGQ%3D,https://www.fidal.it/societa/ATLETICA-FIRENZE-MARATHON-S-S-/FI002
1535.0,GREGOLETTO Giada,1995,PF,G.S. ERMENEGILDO ZEGNA,5 su- 1,Aosta,2017-01-08,https://www.fidal.it/atleta/GREGOLETTO-Giada/dKAAARk5ufbGc%3D,https://www.fidal.it/societa/G-S--ERMENEGILDO-ZEGNA/VC020
1355.0,CANDUZZI Sara,1997,PF,CENTRO ATLETICA PIOMBINO,9 su- 1,Firenze,2017-01-22,https://www.fidal.it/atleta/CANDUZZI-Sara/fayRkpakcWg%3D,https://www.fidal.it/societa/CENTRO-ATLETICA-PIOMBINO/LI038
3396.0,MONTAGNA Sofia,1999,JF,ATLETICA VIGEVANO,1 su- 1,Bergamo,2018-01-06,https://www.fidal.it/atleta/MONTAGNA-Sofia/dqAAARl5KhbGY%3D,https://www.fidal.it/societa/ATLETICA-VIGEVANO/PV410
3299.0,BINDIKU Sophie,1996,PF,TEAM-A LOMBARDIA,2 su- 1,Bergamo,2018-01-06,https://www.fidal.it/atleta/BINDIKU-Sophie/dq2RlZqlcWM%3D,https://www.fidal.it/societa/TEAM-A-LOMBARDIA/MI774
3238.0,TAINI Silvia,1994,SF,BRIXIA ATLETICA 2014 SSD SRL,3 su- 1,Bergamo,2018-01-06,https://www.fidal.it/atleta/TAINI-Silvia/dqqRl5Sfa2k%3D,https://www.fidal.it/societa/BRIXIA-ATLETICA-2014-SSD-SRL/BS786
2925.0,LUCHERINI Martina,1993,SF,ASD ATLETICA  PRATO,1 su- 1,Firenze,2018-01-14,https://www.fidal.it/atleta/LUCHERINI-Martina/faiSkpWkcGQ%3D,https://www.fidal.it/societa/ASD-ATLETICA-PRATO/PO149
2830.0,DELL'ORTO Martina,2000,JF,TEAM-A LOMBARDIA,4 su- 1,Bergamo,2018-01-06,https://www.fidal.it/atleta/DELL-ORTO-Martina/dq2RlJWmb2g%3D,https://www.fidal.it/societa/TEAM-A-LOMBARDIA/MI774
2752.0,MANZONI Alice,1997,PF,ATL. BERGAMO 1959 ORIOCENTER,5 su- 1,Bergamo,2018-01-06,https://www.fidal.it/atleta/MANZONI-Alice/dqmRl5qncWk%3D,https://www.fidal.it/societa/ATL--BERGAMO-1959-ORIOCENTER/BG003
2718.0,MILANI Giulia,1993,SF,CUS PRO PATRIA MILANO,6 su- 1,Bergamo,2018-01-06,https://www.fidal.it/atleta/MILANI-Giulia/dq2Rk5ekcGU%3D,https://www.fidal.it/societa/CUS-PRO-PATRIA-MILANO/MI077
2707.0,GRANDI Camilla,1999,JF,ATLETICA MONZA,7 su- 1,Bergamo,2018-01-06,https://www.fidal.it/atleta/GRANDI-Camilla/dq2RmJWibWY%3D,https://www.fidal.it/societa/ATLETICA-MONZA/MI710
2692.0,BIANCHI Eva,2000,JF,ATLETICA 2005,2 su- 1,Firenze,2018-01-14,https://www.fidal.it/atleta/BIANCHI-Eva/faqRkpKmbmg%3D,https://www.fidal.it/societa/ATLETICA-2005/SI361
2514.0,GHIDONI Roberta,2000,JF,BRIXIA ATLETICA 2014 SSD SRL,9 su- 1,Bergamo,2018-01-06,https://www.fidal.it/atleta/GHIDONI-Roberta/dqqRmJigb2Y%3D,https://www.fidal.it/societa/BRIXIA-ATLETICA-2014-SSD-SRL/BS786
2508.0,TROPEA Daisy,2000,JF,ASD LA GALLA PONTEDERA ATL.,3 su- 1,Firenze,2018-01-14,https://www.fidal.it/atleta/TROPEA-Daisy/faAAARkpahcWw%3D,https://www.fidal.it/societa/ASD-LA-GALLA-PONTEDERA-ATL-/PI144
2401.0,FOSSATI Alice,2000,JF,ATLETICA MONZA,10 su- 1,Bergamo,2018-01-06,https://www.fidal.it/atleta/FOSSATI-Alice/dq2RlZWga2k%3D,https://www.fidal.it/societa/ATLETICA-MONZA/MI710
2326.0,RELLA Carlotta,2000,JF,ATLETICA 2005,4 su- 1,Firenze,2018-01-14,https://www.fidal.it/atleta/RELLA-Carlotta/faqRkpSib2g%3D,https://www.fidal.it/societa/ATLETICA-2005/SI361
1985.0,CHIRICO Giorgia,2000,JF,ATL. LECCO-COLOMBO COSTRUZ.,13 su- 1,Bergamo,2018-01-06,https://www.fidal.it/atleta/CHIRICO-Giorgia/dquRk5efcGs%3D,https://www.fidal.it/societa/ATL--LECCO-COLOMBO-COSTRUZ-/CO208
1682.0,PAGANELLI Cristina,1980,SF35,ASD ROMATLETICA FOOTWORKS,5 su- 1,Firenze,2018-01-14,https://www.fidal.it/atleta/PAGANELLI-Cristina/f6iRkpikcWo%3D,https://www.fidal.it/societa/ASD-ROMATLETICA-FOOTWORKS/RM232
3807.0,GEREVINI Sveva,1996,SF,CREMONA SPORTIVA ATL. ARVEDI,1 su- 1,Bergamo,2019-01-12,https://www.fidal.it/atleta/GEREVINI-Sveva/dqiSl5SkaWQ%3D,https://www.fidal.it/societa/CREMONA-SPORTIVA-ATL--ARVEDI/CR041
3396.0,BINDIKU Sophie,1996,SF,TEAM-A LOMBARDIA,2 su- 1,Bergamo,2019-01-12,https://www.fidal.it/atleta/BINDIKU-Sophie/dq2RlZqlcWM%3D,https://www.fidal.it/societa/TEAM-A-LOMBARDIA/MI774
3392.0,BARBE' CORNALBA  Sofia,1997,PF,CUS PRO PATRIA MILANO,3 su- 1,Bergamo,2019-01-12,https://www.fidal.it/atleta/BARBE-CORNALBA-Sofia/dq2RlJuiamk%3D,https://www.fidal.it/societa/CUS-PRO-PATRIA-MILANO/MI077
3367.0,BYLYKBASHI Alessia,1998,PF,TOSCANA ATL.EMPOLI NISSAN,1 su- 1,Firenze,2019-01-12,https://www.fidal.it/atleta/BYLYKBASHI-Alessia/faiSkpmma2Q%3D,https://www.fidal.it/societa/TOSCANA-ATL-EMPOLI-NISSAN/FI007
3344.0,OBERTO Laura,1993,SF,ATLETICA CANAVESANA,4 su- 1,Bergamo,2019-01-12,https://www.fidal.it/atleta/OBERTO-Laura/dK6RlJqjaWk%3D,https://www.fidal.it/societa/ATLETICA-CANAVESANA/TO015
3330.0,MONFARDINI Erica,1996,SF,BRACCO ATLETICA,5 su- 1,Bergamo,2019-01-12,https://www.fidal.it/atleta/MONFARDINI-Erica/dq2Rk5ufbGs%3D,https://www.fidal.it/societa/BRACCO-ATLETICA/MI221
3253.0,VILLA Eleonora,1992,SF,ATL. LECCO-COLOMBO COSTRUZ.,6 su- 1,Bergamo,2019-01-12,https://www.fidal.it/atleta/VILLA-Eleonora/dquRkpWjamQ%3D,https://www.fidal.it/societa/ATL--LECCO-COLOMBO-COSTRUZ-/CO208
3142.0,RONCHETTI Sofia,1998,PF,CUS PRO PATRIA MILANO,7 su- 1,Bergamo,2019-01-12,https://www.fidal.it/atleta/RONCHETTI-Sofia/dq2Rk5Sfamw%3D,https://www.fidal.it/societa/CUS-PRO-PATRIA-MILANO/MI077
3130.0,FACCO Alice,2001,JF,ATLETICA VIGEVANO,8 su- 1,Bergamo,2019-01-12,https://www.fidal.it/atleta/FACCO-Alice/dq2RlZOmbGU%3D,https://www.fidal.it/societa/ATLETICA-VIGEVANO/PV410
3117.0,SASSETTI Chloe',1996,SF,ATLETICA 2005,2 su- 1,Firenze,2019-01-12,https://www.fidal.it/atleta/SASSETTI-Chloe-/faqRkpKgbGg%3D,https://www.fidal.it/societa/ATLETICA-2005/SI361
3115.0,POLINI Agnese,2001,JF,ATL. RICCARDI MILANO 1946,9 su- 1,Bergamo,2019-01-12,https://www.fidal.it/atleta/POLINI-Agnese/dq2RlZOfaGM%3D,https://www.fidal.it/societa/ATL--RICCARDI-MILANO-1946/MI080
2994.0,DELL'ORTO Martina,2000,JF,TEAM-A LOMBARDIA,10 su- 1,Bergamo,2019-01-12,https://www.fidal.it/atleta/DELL-ORTO-Martina/dq2RlJWmb2g%3D,https://www.fidal.it/societa/TEAM-A-LOMBARDIA/MI774
2925.0,SALA Alessia,2000,JF,ATL. LECCO-COLOMBO COSTRUZ.,11 su- 1,Bergamo,2019-01-12,https://www.fidal.it/atleta/SALA-Alessia/dquRk5SmaGc%3D,https://www.fidal.it/societa/ATL--LECCO-COLOMBO-COSTRUZ-/CO208
2890.0,ZANELLATI Martina,2001,JF,CUS PRO PATRIA MILANO,12 su- 1,Bergamo,2019-01-12,https://www.fidal.it/atleta/ZANELLATI-Martina/dq2Rl5akbmc%3D,https://www.fidal.it/societa/CUS-PRO-PATRIA-MILANO/MI077
2786.0,COLOSIO Noemi,1997,PF,ATL. BERGAMO 1959 ORIOCENTER,13 su- 1,Bergamo,2019-01-12,https://www.fidal.it/atleta/COLOSIO-Noemi/dqqRl5WlaGo%3D,https://www.fidal.it/societa/ATL--BERGAMO-1959-ORIOCENTER/BG003
2769.0,LUCHERINI Martina,1993,SF,ASD ATLETICA  PRATO,3 su- 1,Firenze,2019-01-12,https://www.fidal.it/atleta/LUCHERINI-Martina/faiSkpWkcGQ%3D,https://www.fidal.it/societa/ASD-ATLETICA-PRATO/PO149
2643.0,GIANNINI Giulia,1995,SF,ATLETICA 2005,4 su- 1,Firenze,2019-01-12,https://www.fidal.it/atleta/GIANNINI-Giulia/faiSkpinbmM%3D,https://www.fidal.it/societa/ATLETICA-2005/SI361
2639.0,RONCHETTI Martina,1998,PF,CUS PRO PATRIA MILANO,14 su- 1,Bergamo,2019-01-12,https://www.fidal.it/atleta/RONCHETTI-Martina/dq2Rk5Sfamo%3D,https://www.fidal.it/societa/CUS-PRO-PATRIA-MILANO/MI077
2635.0,GRANDI Camilla,1999,PF,PRO SESTO ATL.,15 su- 1,Bergamo,2019-01-12,https://www.fidal.it/atleta/GRANDI-Camilla/dq2RmJWibWY%3D,https://www.fidal.it/societa/PRO-SESTO-ATL-/MI089
2470.0,RAZZOLINI Ilaria,2000,JF,ATLETICA 2005,5 su- 1,Firenze,2019-01-12,https://www.fidal.it/atleta/RAZZOLINI-Ilaria/faqRkpija2k%3D,https://www.fidal.it/societa/ATLETICA-2005/SI361
2459.0,STORNI Elisa,1997,PF,ATL. LECCO-COLOMBO COSTRUZ.,16 su- 1,Bergamo,2019-01-12,https://www.fidal.it/atleta/STORNI-Elisa/dquRk5Kfa2Y%3D,https://www.fidal.it/societa/ATL--LECCO-COLOMBO-COSTRUZ-/CO208
2404.0,PINNA BERCHET Laura,2001,JF,TEAM-A LOMBARDIA,17 su- 1,Bergamo,2019-01-12,https://www.fidal.it/atleta/PINNA-BERCHET-Laura/dq2RlpmgbGc%3D,https://www.fidal.it/societa/TEAM-A-LOMBARDIA/MI774
2402.0,PANARA Alice,2001,JF,PRO SESTO ATL.,18 su- 1,Bergamo,2019-01-12,https://www.fidal.it/atleta/PANARA-Alice/dq2RlZOhaGU%3D,https://www.fidal.it/societa/PRO-SESTO-ATL-/MI089
2262.0,CHIRICO Giorgia,2000,JF,ATL. LECCO-COLOMBO COSTRUZ.,20 su- 1,Bergamo,2019-01-12,https://www.fidal.it/atleta/CHIRICO-Giorgia/dquRk5efcGs%3D,https://www.fidal.it/societa/ATL--LECCO-COLOMBO-COSTRUZ-/CO208
2103.0,MAGGI Federica,1998,PF,ATL. LECCO-COLOMBO COSTRUZ.,22 su- 1,Bergamo,2019-01-12,https://www.fidal.it/atleta/MAGGI-Federica/dquRkpqmcWM%3D,https://www.fidal.it/societa/ATL--LECCO-COLOMBO-COSTRUZ-/CO208
1561.0,ERCOLI Paola,1996,SF,ATL. BERGAMO 1959 ORIOCENTER,23 su- 1,Bergamo,2019-01-12,https://www.fidal.it/atleta/ERCOLI-Paola/dqqRl5OhcWw%3D,https://www.fidal.it/societa/ATL--BERGAMO-1959-ORIOCENTER/BG003
3872.0,GEREVINI Sveva,1996,SF,CREMONA SPORTIVA ATL. ARVEDI,1 su- 1,Bergamo,2020-01-19,https://www.fidal.it/atleta/GEREVINI-Sveva/dqiSl5SkaWQ%3D,https://www.fidal.it/societa/CREMONA-SPORTIVA-ATL--ARVEDI/CR041
3441.0,MONTAGNA Sofia,1999,PF,ATLETICA VIGEVANO,2 su- 1,Bergamo,2020-01-19,https://www.fidal.it/atleta/MONTAGNA-Sofia/dqAAARl5KhbGY%3D,https://www.fidal.it/societa/ATLETICA-VIGEVANO/PV410
3276.0,NICOLA Silvia,1996,SF,G.S. ERMENEGILDO ZEGNA,3 su- 1,Bergamo,2020-01-19,https://www.fidal.it/atleta/NICOLA-Silvia/dKAAARk5qjbWc%3D,https://www.fidal.it/societa/G-S--ERMENEGILDO-ZEGNA/VC020
3047.0,VILLA Eleonora,1992,SF,ATL. LECCO-COLOMBO COSTRUZ.,4 su- 1,Bergamo,2020-01-19,https://www.fidal.it/atleta/VILLA-Eleonora/dquRkpWjamQ%3D,https://www.fidal.it/societa/ATL--LECCO-COLOMBO-COSTRUZ-/CO208
3002.0,RINALDI Cecilia,2002,JF,ATL.STUD. RIETI ANDREA MILARDI,1 su- 1,Rieti,2020-01-12,https://www.fidal.it/atleta/RINALDI-Cecilia/f6uRkpOfcGY%3D,https://www.fidal.it/societa/ATL-STUD--RIETI-ANDREA-MILARDI/RI223
2982.0,TIBILETTI Isabella,2002,JF,N. ATL. VARESE,5 su- 1,Bergamo,2020-01-19,https://www.fidal.it/atleta/TIBILETTI-Isabella/drKRk5Ona2o%3D,https://www.fidal.it/societa/N--ATL--VARESE/VA130
2978.0,CERUTI Gaia,2002,JF,ATLETICA DESIO ASD,6 su- 1,Bergamo,2020-01-19,https://www.fidal.it/atleta/CERUTI-Gaia/dq2Rlpaia2Y%3D,https://www.fidal.it/societa/ATLETICA-DESIO-ASD/MI922
2972.0,BACCO Matilde,2002,JF,BRACCO ATLETICA,7 su- 1,Bergamo,2020-01-19,https://www.fidal.it/atleta/BACCO-Matilde/dKAAARlJOgbmU%3D,https://www.fidal.it/societa/BRACCO-ATLETICA/MI221
2968.0,MULAS Michela,1999,PF,G.S.SELF ATL. MONTANARI GRUZZA,1 su- 1,Firenze,2020-01-19,https://www.fidal.it/atleta/MULAS-Michela/erGRkpShaGc%3D,https://www.fidal.it/societa/G-S-SELF-ATL--MONTANARI-GRUZZA/RE105
2962.0,PANZERI Greta,2001,JF,ATL. LECCO-COLOMBO COSTRUZ.,8 su- 1,Bergamo,2020-01-19,https://www.fidal.it/atleta/PANZERI-Greta/dquRk5WmaGs%3D,https://www.fidal.it/societa/ATL--LECCO-COLOMBO-COSTRUZ-/CO208
2904.0,PECORA Rebecca,2002,JF,ATLETICA MENEGHINA,9 su- 1,Bergamo,2020-01-19,https://www.fidal.it/atleta/PECORA-Rebecca/dq2RlpeocWQ%3D,https://www.fidal.it/societa/ATLETICA-MENEGHINA/MI770
2883.0,DE MARZI Laura,2000,PF,ATLETICA MENEGHINA,10 su- 1,Bergamo,2020-01-19,https://www.fidal.it/atleta/DE-MARZI-Laura/dq2RlpOjamo%3D,https://www.fidal.it/societa/ATLETICA-MENEGHINA/MI770
2848.0,ROBBIATI Anna,2001,JF,ATL. O.S.A. SARONNO LIB.,11 su- 1,Bergamo,2020-01-19,https://www.fidal.it/atleta/ROBBIATI-Anna/dq2RlZqicGQ%3D,https://www.fidal.it/societa/ATL--O-S-A--SARONNO-LIB-/VA119
2662.0,TOSO Marta,2000,PF,ATLETICA ASTI 2.2 A.S.D.,12 su- 1,Bergamo,2020-01-19,https://www.fidal.it/atleta/TOSO-Marta/dKAAARk5qkcGs%3D,https://www.fidal.it/societa/ATLETICA-ASTI-2-2-A-S-D-/AT019
2593.0,DOSSI Alessia benedetta,1997,SF,CUS PRO PATRIA MILANO,13 su- 1,Bergamo,2020-01-19,https://www.fidal.it/atleta/DOSSI-Alessia-benedetta/dq2RlJKkaWQ%3D,https://www.fidal.it/societa/CUS-PRO-PATRIA-MILANO/MI077
2592.0,BUFFONI Angelica,2002,JF,ATL. O.S.A. SARONNO LIB.,14 su- 1,Bergamo,2020-01-19,https://www.fidal.it/atleta/BUFFONI-Angelica/drKRkpelb2U%3D,https://www.fidal.it/societa/ATL--O-S-A--SARONNO-LIB-/VA119
2382.0,MARCHETTI Erica,1998,PF,BRACCO ATLETICA,2 su- 1,Firenze,2020-01-19,https://www.fidal.it/atleta/MARCHETTI-Erica/faAAARkpKgbGY%3D,https://www.fidal.it/societa/BRACCO-ATLETICA/MI221
2342.0,LUINETTI Laura,2002,JF,ATL. O.S.A. SARONNO LIB.,16 su- 1,Bergamo,2020-01-19,https://www.fidal.it/atleta/LUINETTI-Laura/dq2RlZOgamQ%3D,https://www.fidal.it/societa/ATL--O-S-A--SARONNO-LIB-/VA119
2316.0,STORNI Elisa,1997,SF,ATL. LECCO-COLOMBO COSTRUZ.,17 su- 1,Bergamo,2020-01-19,https://www.fidal.it/atleta/STORNI-Elisa/dquRk5Kfa2Y%3D,https://www.fidal.it/societa/ATL--LECCO-COLOMBO-COSTRUZ-/CO208
2220.0,RAZZOLINI Ilaria,2000,PF,ATLETICA 2005,3 su- 1,Firenze,2020-01-19,https://www.fidal.it/atleta/RAZZOLINI-Ilaria/faqRkpija2k%3D,https://www.fidal.it/societa/ATLETICA-2005/SI361
2167.0,SANETTI Caterina,2002,JF,SPORT RACE S.S.D. A R.L.,2 su- 1,Rieti,2020-01-12,https://www.fidal.it/atleta/SANETTI-Caterina/f6yRlZalb2k%3D,https://www.fidal.it/societa/SPORT-RACE-S-S-D--A-R-L-/RM243
2084.0,SALVI Anna,2002,JF,ATL. VALLE IMAGNA,18 su- 1,Bergamo,2020-01-19,https://www.fidal.it/atleta/SALVI-Anna/dqmRl5uocWQ%3D,https://www.fidal.it/societa/ATL--VALLE-IMAGNA/BG511
1852.0,ROTA Elena,2001,JF,ATL. BERGAMO 1959 ORIOCENTER,20 su- 1,Bergamo,2020-01-19,https://www.fidal.it/atleta/ROTA-Elena/dqmRmJafaWg%3D,https://www.fidal.it/societa/ATL--BERGAMO-1959-ORIOCENTER/BG003
3826.0,PALUMBO Federica,1995,SF,ATL.LIBERTAS UNICUSANO LIVORNO,1 su- 1,Firenze,2021-02-20,https://www.fidal.it/atleta/PALUMBO-Federica/dq2Rk5SfcWk%3D,https://www.fidal.it/societa/ATL-LIBERTAS-UNICUSANO-LIVORNO/LI035
2918.0,PAMPALONI Celeste,2002,JF,POL. RINASCITA MONTEVARCHI,2 su- 1,Firenze,2021-02-20,https://www.fidal.it/atleta/PAMPALONI-Celeste/famRkpKjaGM%3D,https://www.fidal.it/societa/POL--RINASCITA-MONTEVARCHI/AR058
2813.0,CUTINI Giulia,1998,SF,PISTOIATLETICA 1983,3 su- 1,Firenze,2021-02-20,https://www.fidal.it/atleta/CUTINI-Giulia/fbGRkpOgbWU%3D,https://www.fidal.it/societa/PISTOIATLETICA-1983/PT115
2640.0,RAZZOLINI Ilaria,2000,PF,ATLETICA 2005,4 su- 1,Firenze,2021-02-20,https://www.fidal.it/atleta/RAZZOLINI-Ilaria/faqRkpija2k%3D,https://www.fidal.it/societa/ATLETICA-2005/SI361
2442.0,VIGNOLI Ilaria,2003,JF,ATL.LIBERTAS UNICUSANO LIVORNO,5 su- 1,Firenze,2021-02-20,https://www.fidal.it/atleta/VIGNOLI-Ilaria/famRkpKobWw%3D,https://www.fidal.it/societa/ATL-LIBERTAS-UNICUSANO-LIVORNO/LI035
2324.0,D'AGOSTINO Valentina,1998,SF,ATLETICA LIVORNO,6 su- 1,Firenze,2021-02-20,https://www.fidal.it/atleta/D-AGOSTINO-Valentina/faiSkpqhaWQ%3D,https://www.fidal.it/societa/ATLETICA-LIVORNO/LI036
3567.0,BARBE' CORNALBA  Sofia,1997,SF,CUS PRO PATRIA MILANO,1 se- 1,Bergamo,2022-01-29,https://www.fidal.it/atleta/BARBE-CORNALBA-Sofia/dq2RlJuiamk%3D,https://www.fidal.it/societa/CUS-PRO-PATRIA-MILANO/MI077
3300.0,CARBONCINI Matilde,2004,JF,TOSCANA ATL.EMPOLI NISSAN,1 su- 1,Firenze,2022-02-12,https://www.fidal.it/atleta/CARBONCINI-Matilde/faqRkpambmY%3D,https://www.fidal.it/societa/TOSCANA-ATL-EMPOLI-NISSAN/FI007
3189.0,MANZONI Alice,1997,SF,ATL. BERGAMO 1959 ORIOCENTER,2 se- 1,Bergamo,2022-01-29,https://www.fidal.it/atleta/MANZONI-Alice/dqmRl5qncWk%3D,https://www.fidal.it/societa/ATL--BERGAMO-1959-ORIOCENTER/BG003
3134.0,GINULFI Giulia,2004,JF,ATL.STUD. RIETI ANDREA MILARDI,1 fi- 1,Rieti,2022-01-29,https://www.fidal.it/atleta/GINULFI-Giulia/f62RkpOlb2g%3D,https://www.fidal.it/societa/ATL-STUD--RIETI-ANDREA-MILARDI/RI223
3045.0,BERSANI Stella,2004,JF,CUS PRO PATRIA MILANO,3 se- 1,Bergamo,2022-01-29,https://www.fidal.it/atleta/BERSANI-Stella/dq2RmJWlcWY%3D,https://www.fidal.it/societa/CUS-PRO-PATRIA-MILANO/MI077
3010.0,PASTORELLI Emma,2003,JF,ATL. LECCO-COLOMBO COSTRUZ.,4 se- 1,Bergamo,2022-01-29,https://www.fidal.it/atleta/PASTORELLI-Emma/dquRkpqiamk%3D,https://www.fidal.it/societa/ATL--LECCO-COLOMBO-COSTRUZ-/CO208
2893.0,GILARDONI Valentina,2003,JF,ATL. LECCO-COLOMBO COSTRUZ.,5 se- 1,Bergamo,2022-01-29,https://www.fidal.it/atleta/GILARDONI-Valentina/dquRk5OjbGc%3D,https://www.fidal.it/societa/ATL--LECCO-COLOMBO-COSTRUZ-/CO208
2729.0,PASSERINI Virginia,1999,SF,ATL. O.S.A. SARONNO LIB.,6 se- 1,Bergamo,2022-01-29,https://www.fidal.it/atleta/PASSERINI-Virginia/drKRkpqgbmw%3D,https://www.fidal.it/societa/ATL--O-S-A--SARONNO-LIB-/VA119
2695.0,GENERALI Anna,1990,SF,A.S.D. ATL. AGROPOLI,7 se- 1,Bergamo,2022-01-29,https://www.fidal.it/atleta/GENERALI-Anna/gKiRlZOoa2g%3D,https://www.fidal.it/societa/A-S-D--ATL--AGROPOLI/SA128
2582.0,STELLA Federica,2003,JF,PRO SESTO ATL.,8 se- 1,Bergamo,2022-01-29,https://www.fidal.it/atleta/STELLA-Federica/dq2RlZWfa2g%3D,https://www.fidal.it/societa/PRO-SESTO-ATL-/MI089
2339.0,D'AGOSTINO Valentina,1998,SF,ATLETICA LIVORNO,2 su- 1,Firenze,2022-02-12,https://www.fidal.it/atleta/D-AGOSTINO-Valentina/faiSkpqhaWQ%3D,https://www.fidal.it/societa/ATLETICA-LIVORNO/LI036
1993.0,SILIBERTO Giada,2002,PF,MOTUS ATLETICA CASTEGNATO,9 se- 1,Bergamo,2022-01-29,https://www.fidal.it/atleta/SILIBERTO-Giada/dqqRl5uobWw%3D,https://www.fidal.it/societa/MOTUS-ATLETICA-CASTEGNATO/BS652
1979.0,SANTAMBROGIO Chiara,2004,JF,TEAM-A LOMBARDIA,10 se- 1,Bergamo,2022-01-29,https://www.fidal.it/atleta/SANTAMBROGIO-Chiara/dq2RlZOgbWo%3D,https://www.fidal.it/societa/TEAM-A-LOMBARDIA/MI774
1978.0,PARAZZI Elisa,2003,JF,ATL. O.S.A. SARONNO LIB.,11 se- 1,Bergamo,2022-01-29,https://www.fidal.it/atleta/PARAZZI-Elisa/drKRk5KgbmM%3D,https://www.fidal.it/societa/ATL--O-S-A--SARONNO-LIB-/VA119
1749.0,DOZIO Federica,2003,JF,ATL. LECCO-COLOMBO COSTRUZ.,12 se- 1,Bergamo,2022-01-29,https://www.fidal.it/atleta/DOZIO-Federica/dquRkpqgbGU%3D,https://www.fidal.it/societa/ATL--LECCO-COLOMBO-COSTRUZ-/CO208
1678.0,CRUZ Gabriela,2004,JF,TEAM-A LOMBARDIA,13 se- 1,Bergamo,2022-01-29,https://www.fidal.it/atleta/CRUZ-Gabriela/dq2Rl5Snbmk%3D,https://www.fidal.it/societa/TEAM-A-LOMBARDIA/MI774
1293.0,POLINI Agnese,2001,PF,C.U.S. CAGLIARI,14 se- 1,Bergamo,2022-01-29,https://www.fidal.it/atleta/POLINI-Agnese/dq2RlZOfaGM%3D,https://www.fidal.it/societa/C-U-S--CAGLIARI/CA001
3654.0,LUNARDON Alice,1998,SF,ATLETICA RIVIERA DEL BRENTA,1 su- 1,Bergamo,2023-01-28,https://www.fidal.it/atleta/LUNARDON-Alice/eKqRkpSmbGk%3D,https://www.fidal.it/societa/ATLETICA-RIVIERA-DEL-BRENTA/VE473
3488.0,TOSETTO Elisa,2001,PF,BRACCO ATLETICA,2 su- 1,Bergamo,2023-01-28,https://www.fidal.it/atleta/TOSETTO-Elisa/dK6RlZugaGM%3D,https://www.fidal.it/societa/BRACCO-ATLETICA/MI221
3374.0,SORAGNA Giulia,2005,JF,ATL. GALLARATESE,3 su- 1,Bergamo,2023-01-28,https://www.fidal.it/atleta/SORAGNA-Giulia/drKRk5ija2o%3D,https://www.fidal.it/societa/ATL--GALLARATESE/VA731
3187.0,GUARINO Matilde,2004,JF,ATL.LIBERTAS UNICUSANO LIVORNO,1 su- 1,Firenze,2023-02-25,https://www.fidal.it/atleta/GUARINO-Matilde/faqRkpSgbWU%3D,https://www.fidal.it/societa/ATL-LIBERTAS-UNICUSANO-LIVORNO/LI035
3172.0,PIRCHER Iris,2005,JF,C.U.S. VERONA SEZ. ATLETICA,4 su- 1,Bergamo,2023-01-28,https://www.fidal.it/atleta/PIRCHER-Iris/eKAAARk5embWg%3D,https://www.fidal.it/societa/C-U-S--VERONA-SEZ--ATLETICA/VR825
3136.0,BERSANI Stella,2004,JF,CUS PRO PATRIA MILANO,5 su- 1,Bergamo,2023-01-28,https://www.fidal.it/atleta/BERSANI-Stella/dq2RmJWlcWY%3D,https://www.fidal.it/societa/CUS-PRO-PATRIA-MILANO/MI077
3130.0,MARCHETTI Erica,1998,SF,BRACCO ATLETICA,6 su- 1,Bergamo,2023-01-28,https://www.fidal.it/atleta/MARCHETTI-Erica/faAAARkpKgbGY%3D,https://www.fidal.it/societa/BRACCO-ATLETICA/MI221
3038.0,NICOLA Silvia,1996,SF,G.S. ERMENEGILDO ZEGNA,7 su- 1,Bergamo,2023-01-28,https://www.fidal.it/atleta/NICOLA-Silvia/dKAAARk5qjbWc%3D,https://www.fidal.it/societa/G-S--ERMENEGILDO-ZEGNA/VC020
3028.0,BUCALOSSI Marta,2004,JF,PROSPORT ATL. FIRENZE,2 su- 1,Firenze,2023-02-25,https://www.fidal.it/atleta/BUCALOSSI-Marta/faqRkpqncWk%3D,https://www.fidal.it/societa/PROSPORT-ATL--FIRENZE/FI009
2954.0,MARSEGAGLIA Gaia nour,2005,JF,TEAM-A LOMBARDIA,8 su- 1,Bergamo,2023-01-28,https://www.fidal.it/atleta/MARSEGAGLIA-Gaia-nour/dq2Rl5miaWc%3D,https://www.fidal.it/societa/TEAM-A-LOMBARDIA/MI774
2903.0,RADDUSA Giada,2005,JF,BRACCO ATLETICA,9 su- 1,Bergamo,2023-01-28,https://www.fidal.it/atleta/RADDUSA-Giada/dq2RmJSjcGs%3D,https://www.fidal.it/societa/BRACCO-ATLETICA/MI221
2873.0,GAMBA Veronica,2004,JF,ATLETICA CANAVESANA,10 su- 1,Bergamo,2023-01-28,https://www.fidal.it/atleta/GAMBA-Veronica/dK6RlZukcGg%3D,https://www.fidal.it/societa/ATLETICA-CANAVESANA/TO015
2836.0,NARDI Maria stella,2005,JF,SOC. ATL. VOLTERRA,3 su- 1,Firenze,2023-02-25,https://www.fidal.it/atleta/NARDI-Maria-stella/faAAARkpKoa2Q%3D,https://www.fidal.it/societa/SOC--ATL--VOLTERRA/PI074
2831.0,CANESSA Emma,2005,JF,ATLETICA LIVORNO,4 su- 1,Firenze,2023-02-25,https://www.fidal.it/atleta/CANESSA-Emma/fayRkpWmaWQ%3D,https://www.fidal.it/societa/ATLETICA-LIVORNO/LI036
2820.0,GIANNINI Giulia,1995,SF,ATLETICA 2005,5 su- 1,Firenze,2023-02-25,https://www.fidal.it/atleta/GIANNINI-Giulia/faiSkpinbmM%3D,https://www.fidal.it/societa/ATLETICA-2005/SI361
2806.0,MECONI Sara,2004,JF,ATL.STUD. RIETI ANDREA MILARDI,1 su- 1,Rieti,2023-01-28,https://www.fidal.it/atleta/MECONI-Sara/f62RkpSkbms%3D,https://www.fidal.it/societa/ATL-STUD--RIETI-ANDREA-MILARDI/RI223
2806.0,MECONI Sara,2004,JF,ATL.STUD. RIETI ANDREA MILARDI,6 su- 1,Firenze,2023-02-25,https://www.fidal.it/atleta/MECONI-Sara/f62RkpSkbms%3D,https://www.fidal.it/societa/ATL-STUD--RIETI-ANDREA-MILARDI/RI223
2772.0,GALVAGNINI Sofia,2005,JF,LAGARINA CRUS TEAM,11 su- 1,Bergamo,2023-01-28,https://www.fidal.it/atleta/GALVAGNINI-Sofia/d6iRk5ufaGw%3D,https://www.fidal.it/societa/LAGARINA-CRUS-TEAM/TN131
2768.0,DEMARIA Matilde,2005,JF,A.S.D. ATL. FOSSANO '75,12 su- 1,Bergamo,2023-01-28,https://www.fidal.it/atleta/DEMARIA-Matilde/dKyRlZOncWw%3D,https://www.fidal.it/societa/A-S-D--ATL--FOSSANO-75/CN001
2768.0,ROCCIA Anna,2004,JF,A.S.D. ATL. FOSSANO '75,13 su- 1,Bergamo,2023-01-28,https://www.fidal.it/atleta/ROCCIA-Anna/dKyRlJqicWw%3D,https://www.fidal.it/societa/A-S-D--ATL--FOSSANO-75/CN001
2761.0,SARRI Emma,2002,PF,UISP ATLETICA SIENA,7 su- 1,Firenze,2023-02-25,https://www.fidal.it/atleta/SARRI-Emma/fbKRkpOkbGw%3D,https://www.fidal.it/societa/UISP-ATLETICA-SIENA/SI043
2719.0,PAOLIN Francesca,2002,PF,ATLETICA CASTELL'ALFERO T.F.R.,14 su- 1,Bergamo,2023-01-28,https://www.fidal.it/atleta/PAOLIN-Francesca/dKuRk5emcWU%3D,https://www.fidal.it/societa/ATLETICA-CASTELL-ALFERO-T-F-R-/AT012
2714.0,SILIBERTO Giada,2002,PF,ASD MOTUS ATLETICA,15 su- 1,Bergamo,2023-01-28,https://www.fidal.it/atleta/SILIBERTO-Giada/dqqRl5uobWw%3D,https://www.fidal.it/societa/ASD-MOTUS-ATLETICA/BS652
2714.0,TONELLI Adele,2005,JF,ATL. CHIARI 1964 LIB.,16 su- 1,Bergamo,2023-01-28,https://www.fidal.it/atleta/TONELLI-Adele/dqqRmJaoamQ%3D,https://www.fidal.it/societa/ATL--CHIARI-1964-LIB-/BS318
2698.0,ZANELLA Ilaria,2003,PF,ATL.VICENTINA,17 su- 1,Bergamo,2023-01-28,https://www.fidal.it/atleta/ZANELLA-Ilaria/eK6Rk5WncWo%3D,https://www.fidal.it/societa/ATL-VICENTINA/VI626
2487.0,CANCLINI Alice,2004,JF,ASD NUOVA VIRTUS CREMA,18 su- 1,Bergamo,2023-01-28,https://www.fidal.it/atleta/CANCLINI-Alice/dqyRl5KjaWQ%3D,https://www.fidal.it/societa/ASD-NUOVA-VIRTUS-CREMA/CR810
2091.0,SILANOS Matilde,2004,JF,POL. OLONIA,19 su- 1,Bergamo,2023-01-28,https://www.fidal.it/atleta/SILANOS-Matilde/drKRk5WncGU%3D,https://www.fidal.it/societa/POL--OLONIA/VA129
1858.0,PADOVAN Anna,1995,SF,C.U.S. VERONA SEZ. ATLETICA,20 su- 1,Bergamo,2023-01-28,https://www.fidal.it/atleta/PADOVAN-Anna/eKmRlJOfbGg%3D,https://www.fidal.it/societa/C-U-S--VERONA-SEZ--ATLETICA/VR825
1650.0,NAPOLITANO Martina,2004,JF,NUOVA ATLETICA ASTRO,21 su- 1,Bergamo,2023-01-28,https://www.fidal.it/atleta/NAPOLITANO-Martina/dq2RmpOoaWM%3D,https://www.fidal.it/societa/NUOVA-ATLETICA-ASTRO/MI212
3889,GENNARI Rebecca,1999,SF,N. ATL. VARESE,1 su- 1,Bergamo,2024-01-27,https://www.fidal.it/atleta/GENNARI-Rebecca/drKRkpema2Y%3D,https://www.fidal.it/societa/N--ATL--VARESE/VA130
3781,PECORA Rebecca,2002,PF,BRACCO ATLETICA,7 su- 1,Geneva,2024-02-23,https://www.fidal.it/atleta/PECORA-Rebecca/dq2RlpeocWQ%3D,https://www.fidal.it/societa/BRACCO-ATLETICA/MI221
3309,ZANELLA Ilaria,2003,PF,ATL.VICENTINA,2 su- 1,Bergamo,2024-01-27,https://www.fidal.it/atleta/ZANELLA-Ilaria/eK6Rk5WncWo%3D,https://www.fidal.it/societa/ATL-VICENTINA/VI626
3248,CARAMELLO Lisa maria,2006,JF,ATLETICA MONZA,3 su- 1,Bergamo,2024-01-27,https://www.fidal.it/atleta/CARAMELLO-Lisa-maria/dq2RlpamamM%3D,https://www.fidal.it/societa/ATLETICA-MONZA/MI710
3212,CERUTI Gaia,2002,PF,BRACCO ATLETICA,4 su- 1,Bergamo,2024-01-27,https://www.fidal.it/atleta/CERUTI-Gaia/dq2Rlpaia2Y%3D,https://www.fidal.it/societa/BRACCO-ATLETICA/MI221
3201,MARSEGAGLIA Gaia nour,2005,JF,TEAM-A LOMBARDIA,5 su- 1,Bergamo,2024-01-27,https://www.fidal.it/atleta/MARSEGAGLIA-Gaia-nour/dq2Rl5miaWc%3D,https://www.fidal.it/societa/TEAM-A-LOMBARDIA/MI774
3111,GALVAGNINI Sofia,2005,JF,U.S. QUERCIA DAO CONAD,6 su- 1,Bergamo,2024-01-27,https://www.fidal.it/atleta/GALVAGNINI-Sofia/d6iRk5ufaGw%3D,https://www.fidal.it/societa/U-S--QUERCIA-DAO-CONAD/TN109
3080,MILANI Margherita,2006,JF,ATLETICA LIVORNO,1 su- 1,Firenze,2024-02-17,https://www.fidal.it/atleta/MILANI-Margherita/fayRkpWkbmg%3D,https://www.fidal.it/societa/ATLETICA-LIVORNO/LI036
3051,ROFI Anna,2006,JF,TOSCANA ATL.EMPOLI NISSAN,2 su- 1,Firenze,2024-02-17,https://www.fidal.it/atleta/ROFI-Anna/faqRk5Sobmc%3D,https://www.fidal.it/societa/TOSCANA-ATL-EMPOLI-NISSAN/FI007
2915,MECONI Sara,2004,PF,ATL.STUD. RIETI ANDREA MILARDI,3 su- 1,Firenze,2024-02-17,https://www.fidal.it/atleta/MECONI-Sara/f62RkpSkbms%3D,https://www.fidal.it/societa/ATL-STUD--RIETI-ANDREA-MILARDI/RI223
2908,BARLETTA Serena,2006,JF,A.S.D. ATL. FOSSANO '75,4 su- 1,Firenze,2024-02-17,https://www.fidal.it/atleta/BARLETTA-Serena/dKyRlZKob2Q%3D,https://www.fidal.it/societa/A-S-D--ATL--FOSSANO-75/CN001
2839,PICARIELLO Angela,2006,JF,ATL.VICENTINA,7 su- 1,Bergamo,2024-01-27,https://www.fidal.it/atleta/PICARIELLO-Angela/eK6Rk5KlaGg%3D,https://www.fidal.it/societa/ATL-VICENTINA/VI626
2829,DAL SANTO Giada,2006,JF,ATL.VICENTINA,8 su- 1,Bergamo,2024-01-27,https://www.fidal.it/atleta/DAL-SANTO-Giada/eK6Rk5WkcGw%3D,https://www.fidal.it/societa/ATL-VICENTINA/VI626
2785,PAGNUCCO Veronica,2005,JF,LIBERTAS CASARSA,5 su- 1,Firenze,2024-02-17,https://www.fidal.it/atleta/PAGNUCCO-Veronica/eaqRk5KobGg%3D,https://www.fidal.it/societa/LIBERTAS-CASARSA/PN025
2745,SILIBERTO Giada,2002,PF,ASD MOTUS ATLETICA,9 su- 1,Bergamo,2024-01-27,https://www.fidal.it/atleta/SILIBERTO-Giada/dqqRl5uobWw%3D,https://www.fidal.it/societa/ASD-MOTUS-ATLETICA/BS652
2606,PIETROBONI Alice,2005,JF,ATL. GALLARATESE,10 su- 1,Bergamo,2024-01-27,https://www.fidal.it/atleta/PIETROBONI-Alice/drKRk5Kga2k%3D,https://www.fidal.it/societa/ATL--GALLARATESE/VA731
2585,DOTTA Celeste,2005,JF,ATL. MONDOVI'-ACQUA S.BERNARDO,11 su- 1,Bergamo,2024-01-27,https://www.fidal.it/atleta/DOTTA-Celeste/dKyRlJWna2o%3D,https://www.fidal.it/societa/ATL--MONDOVI-ACQUA-S-BERNARDO/CN005
2499,GIOVARA Cecilia,2006,JF,ATLETICA ASTI 2.2 A.S.D.,6 su- 1,Firenze,2024-02-17,https://www.fidal.it/atleta/GIOVARA-Cecilia/dKuRk5iobWY%3D,https://www.fidal.it/societa/ATLETICA-ASTI-2-2-A-S-D-/AT019
2476,GAMBA Veronica,2004,PF,ATLETICA CANAVESANA,12 su- 1,Bergamo,2024-01-27,https://www.fidal.it/atleta/GAMBA-Veronica/dK6RlZukcGg%3D,https://www.fidal.it/societa/ATLETICA-CANAVESANA/TO015
2225,LURASCHI Benedetta,2006,JF,ATL. O.S.A. SARONNO LIB.,13 su- 1,Bergamo,2024-01-27,https://www.fidal.it/atleta/LURASCHI-Benedetta/drKRk5Sgb2k%3D,https://www.fidal.it/societa/ATL--O-S-A--SARONNO-LIB-/VA119
2208,MECONI Sara,2004,PF,ATL.STUD. RIETI ANDREA MILARDI,1 su- 1,Rieti,2024-02-10,https://www.fidal.it/atleta/MECONI-Sara/f62RkpSkbms%3D,https://www.fidal.it/societa/ATL-STUD--RIETI-ANDREA-MILARDI/RI223
2093,KOSTA Enxhi,2005,JF,ATL. CHIARI 1964 LIB.,14 su- 1,Bergamo,2024-01-27,https://www.fidal.it/atleta/KOSTA-Enxhi/dqqRl5ujbmU%3D,https://www.fidal.it/societa/ATL--CHIARI-1964-LIB-/BS318
2092,BROGNOLI Clelia,2006,JF,G.S. VIRTUS CALCO,15 su- 1,Bergamo,2024-01-27,https://www.fidal.it/atleta/BROGNOLI-Clelia/dquRk5ekamY%3D,https://www.fidal.it/societa/G-S--VIRTUS-CALCO/CO294
2008,NAPOLITANO Martina,2004,PF,ATL. O.S.A. SARONNO LIB.,16 su- 1,Bergamo,2024-01-27,https://www.fidal.it/atleta/NAPOLITANO-Martina/dq2RmpOoaWM%3D,https://www.fidal.it/societa/ATL--O-S-A--SARONNO-LIB-/VA119
1795,MORI Vanessa,1999,SF,ATL. SESTINI FIAMME VERDI AR,7 su- 1,Firenze,2024-02-17,https://www.fidal.it/atleta/MORI-Vanessa/famRkpenaWs%3D,https://www.fidal.it/societa/ATL--SESTINI-FIAMME-VERDI-AR/AR051
1412,CAPELLO Elena,2006,JF,ATLETICA ASTI 2.2 A.S.D.,8 su- 1,Firenze,2024-02-17,https://www.fidal.it/atleta/CAPELLO-Elena/dKuRk5mkaWU%3D,https://www.fidal.it/societa/ATLETICA-ASTI-2-2-A-S-D-/AT019
789,FRACCHIOLLA Stefania,1974,SF50,ASD NISSOLINO INTESATLETICA,2 su- 1,Rieti,2024-02-10,https://www.fidal.it/atleta/FRACCHIOLLA-Stefania/f6qRkpWfamo%3D,https://www.fidal.it/societa/ASD-NISSOLINO-INTESATLETICA/LT260
