,punteggio-WA,prestazione,vento,disciplina,atleta,categoria,societ√†
1,1290,22.82,,peso_7kg,FABBRI Leonardo,SM,C.S. AERONAUTICA MILITARE
2,1219,13.18,0.7,110Hs_h106-9.14,SIMONELLI Lorenzo ndele,SM,C.S. ESERCITO
3,1194,8.26,0.0,lungo,FURLANI Mattia,PM,G.S. FIAMME ORO PADOVA
4,1186,54.57,,400Hs_h76,MURARO Alice,SF,C.S. AERONAUTICA MILITARE
5,1183,48.95,,400Hs_h91,SIBILIO Alessandro,SM,G.A. FIAMME GIALLE
6,1183,21.04,,peso_7kg,WEIR Zane sean,SM,G.A. FIAMME GIALLE
7,1175,13.41,-0.7,110Hs_h106-9.14,SIMONELLI Lorenzo ndele,SM,C.S. ESERCITO
8,1172,11.13,0.8,100m,DOSSO Zaynab,SF,G.S. FIAMME AZZURRE
9,1169,55.11,,400Hs_h76,SARTORI Rebecca,SF,G.S. FIAMME ORO PADOVA
10,1169,6.78,1.1,lungo,IAPICHINO Larissa,SF,G.S. FIAMME ORO PADOVA
11,1167,12.87,0.5,100Hs_h84-8.50,CARRARO Elena,SF,G.A. FIAMME GIALLE
12,1157,2359.24,,Marcia_10km,FORTUNATO Francesco,SM,G.A. FIAMME GIALLE
13,1157,246.12,,1500m,BATTOCLETTI Nadia,SF,G.S. FIAMME AZZURRE
14,1156,903.73,,5000m,BATTOCLETTI Nadia,SF,G.S. FIAMME AZZURRE
15,1155,904.32,,5000m,MAJORI Micol,SF,PRO SESTO ATL. CERNUSCO
16,1155,55.58,,400Hs_h76,OLIVIERI Linda,SF,G.S. FIAMME ORO PADOVA
17,1154,12.97,-0.1,100Hs_h84-8.50,CARRARO Elena,SF,G.A. FIAMME GIALLE
18,1154,2363.24,,Marcia_10km,PICCHIOTTINO Gianluca,SM,G.A. FIAMME GIALLE
19,1152,120.57,,800m,ZENONI Marta,SF,LUISS SSD A R.L.
20,1150,120.66,,800m,COIRO Eloisa,SF,G.S. FIAMME AZZURRE
21,1150,906.65,,5000m,PALMERO Elisa,SF,C.S. ESERCITO
22,1145,504.8,,3000st_h91,ZOGHLAMI Osama,SM,C.S. AERONAUTICA MILITARE
23,1145,504.92,,3000st_h91,ZOGHLAMI Ala,SM,G.S. FIAMME ORO PADOVA
24,1144,20.38,,peso_7kg,PONZIO Nicholas  james,SM,ATHLETIC CLUB 96 ALPERIA
25,1143,247.91,,1500m,CAVALLI Ludovica,SF,G.S. FIAMME ORO PADOVA
26,1141,911.63,,5000m,DEL BUONO Federica,SF,C.S. CARABINIERI SEZ. ATLETICA
27,1141,121.18,,800m,COLAJANNI Maria,SF,A.S.D. C.U.S. PALERMO
28,1141,248.17,,1500m,MAJORI Micol,SF,PRO SESTO ATL. CERNUSCO
29,1140,121.25,,800m,SABBATINI Gaia,SF,G.S. FIAMME AZZURRE
30,1139,2383.24,,Marcia_10km,ORSONI Riccardo,SM,G.A. FIAMME GIALLE
31,1138,121.35,,800m,PELLICORO Laura,SF,BRACCO ATLETICA
32,1135,51.77,,400m,POLINARI Anna,SF,C.S. CARABINIERI SEZ. ATLETICA
33,1135,11.3,0.4,100m,DOSSO Zaynab,SF,G.S. FIAMME AZZURRE
34,1135,13.11,0.5,100Hs_h84-8.50,CARMASSI Giada,SF,C.S. ESERCITO
35,1132,5.51,,asta,OLIVERI Matteo,SM,C.S. CARABINIERI SEZ. ATLETICA
36,1132,49.96,,400Hs_h91,GHEDINA Vittorio,PM,ATLETICA MENEGHINA
37,1129,121.87,,800m,KABANGU Ngalula gloria,PF,C.S. ESERCITO
38,1129,7.96,-0.3,lungo,INZOLI Francesco ettore,PM,G.A. FIAMME GIALLE
39,1128,50.04,,400Hs_h91,BERTONCELLI Giacomo,SM,ATL. INSIEME VERONA
40,1128,16.66,0.2,triplo,DIAZ HERNANDEZ Andy,SM,G.A. FIAMME GIALLE
41,1128,2628.24,,Marcia_10km,CURIAZZI Federica,SF,ATL. BERGAMO 1959 ORIOCENTER
42,1126,45.79,,400m,SCOTTI Edoardo,SM,C.S. CARABINIERI SEZ. ATLETICA
43,1124,13.19,-0.4,100Hs_h84-8.50,CARMASSI Giada,SF,C.S. ESERCITO
44,1123,13.2,0.5,100Hs_h84-8.50,POLZONETTI Celeste,PF,BRACCO ATLETICA
45,1123,250.44,,1500m,DEL BUONO Federica,SF,C.S. CARABINIERI SEZ. ATLETICA
46,1122,122.29,,800m,BELLO' Elena,SF,G.S. FIAMME AZZURRE
47,1122,63.31,,disco_2kg,SACCOMANO Enrico,SM,C.S. AERONAUTICA MILITARE
48,1121,250.73,,1500m,APRILE Giulia,SF,C.S. ESERCITO
49,1120,19.97,,peso_7kg,FERRARA Riccardo,SM,C.S. CARABINIERI SEZ. ATLETICA
50,1120,4.52,,asta,MOLINAROLO Elisa,SF,G.S. FIAMME ORO PADOVA
51,1119,5.46,,asta,BERTELLI Simone,PM,G.A. FIAMME GIALLE
52,1118,20.66,1.2,200m,DESALU Eseosa fostine,SM,G.A. FIAMME GIALLE
53,1117,52.24,,400m,BONORA Alessandra,SF,G.A. FIAMME GIALLE
54,1113,2653.24,,Marcia_10km,TRAPLETTI Valentina,SF40,C.S. ESERCITO
55,1112,74.12,,martello_7kg,OLIVIERI Giorgio,SM,C.S. CARABINIERI SEZ. ATLETICA
56,1111,23.23,-0.3,200m,KADDARI Dalia,SF,G.S. FIAMME ORO PADOVA
57,1109,13.3,0.5,100Hs_h84-8.50,DI LAZZARO Elisa maria,SF,C.S. CARABINIERI SEZ. ATLETICA
58,1108,13.31,0.5,100Hs_h84-8.50,BESANA Veronica,SF,G.A. FIAMME GIALLE
59,1108,13.77,0.7,110Hs_h106-9.14,MULAS Oliver,PM,ATHLETIC CLUB 96 ALPERIA
60,1108,11.43,0.8,100m,PAVESE Alessia,SF,C.S. AERONAUTICA MILITARE
61,1107,252.48,,1500m,FRACASSINI Melissa,PF,ATL. ARCS CUS PERUGIA
62,1107,57.12,,400Hs_h76,CAVO Ludovica,PF,A.S.D. ATL. SERRAVALLESE
63,1106,11.44,1.5,100m,PAVESE Alessia,SF,C.S. AERONAUTICA MILITARE
64,1105,50.5,,400Hs_h91,BENCOSME DE LEON Jose reynaldo,SM,G.S. AVIS BARLETTA A.S.D.
65,1105,10.3,1.0,100m,DESALU Eseosa fostine,SM,G.A. FIAMME GIALLE
66,1105,50.51,,400Hs_h91,BERTOLDO Michele,SM,C.S. CARABINIERI SEZ. ATLETICA
67,1103,13.86,0.8,triplo,SARACENI Erika giorgia anoeta,JF,BRACCO ATLETICA
68,1103,13.35,-2.2,100Hs_h84-8.50,BESANA Veronica,SF,G.A. FIAMME GIALLE
69,1101,57.33,,400Hs_h76,MURARO Alice,SF,C.S. AERONAUTICA MILITARE
70,1101,70.42,,martello_4kg,FANTINI Sara,SF,C.S. CARABINIERI SEZ. ATLETICA
71,1101,514.73,,3000st_h91,GATTO Giovanni,SM,U.S. QUERCIA DAO CONAD
72,1100,23.34,-0.3,200m,FONTANA Vittoria,SF,C.S. CARABINIERI SEZ. ATLETICA
73,1100,13.37,-0.1,100Hs_h84-8.50,POLZONETTI Celeste,PF,BRACCO ATLETICA
74,1099,2439.24,,Marcia_10km,REIS Luigi,PM,TRIESTE ATLETICA
75,1099,2439.24,,Marcia_10km,ANDREI Aldo,SM,G.S. FIAMME ORO PADOVA
76,1097,52.75,,400m,TROIANI Virginia,SF,CUS PRO PATRIA MILANO
77,1097,20.8,1.2,200m,DENTATO Damiano,PM,ATL.STUD. RIETI ANDREA MILARDI
78,1096,23.38,-0.3,200m,HOOPER Gloria,SF,ATL. BRESCIA 1950
79,1095,107.61,,800m,TECUCEANU Catalin,SM,G.S. FIAMME ORO PADOVA
80,1094,61.2,,disco_1kg,OSAKUE Daisy oyemwenosa,SF,G.A. FIAMME GIALLE
81,1094,50.72,,400Hs_h91,GHEDINA Vittorio,PM,ATLETICA MENEGHINA
82,1093,107.68,,800m,PERNICI Francesco,PM,G.A. FIAMME GIALLE
83,1093,601.05,,3000st_h76,COLLI Gaia,SF,C.S. CARABINIERI SEZ. ATLETICA
84,1093,11.5,0.8,100m,OBIJIAKU Ugochinyere amanda,PF,A.S. ATLETICA VIRTUS LUCCA
85,1092,254.52,,1500m,CANAZZA Martina,PF,BRACCO ATLETICA
86,1091,1.87,,alto,TAVERNINI Asia,SF,G.S. FIAMME ORO PADOVA
87,1090,20.85,1.2,200m,CAPPELLETTI Filippo,PM,ATL. O.S.A. SARONNO LIB.
88,1090,13.87,-0.8,110Hs_h106-9.14,GHEDINA Vittorio,PM,ATLETICA MENEGHINA
89,1090,2692.24,,Marcia_10km,FIORINI Sofia,PF,ATL.LIBERTAS UNICUSANO LIVORNO
90,1090,2.2,,alto,FASSINOTTI Marco,SM35,C.S. AERONAUTICA MILITARE
91,1090,2.2,,alto,SIOLI Matteo,PM,EUROATLETICA 2002
92,1089,10.35,1.0,100m,BERNARDI Andrea,PM,ATL. RICCARDI MILANO 1946
93,1088,6.41,1.4,lungo,BATTISTELLA Arianna,SF,C.S. CARABINIERI SEZ. ATLETICA
94,1088,124.22,,800m,ZENONI Marta,SF,LUISS SSD A R.L.
95,1087,19.43,,peso_7kg,D'AGOSTINO Vincenzo,SM,G.S. AVIS BARLETTA A.S.D.
96,1087,107.89,,800m,LAZZARO Giovanni,PM,C.S. AERONAUTICA MILITARE
97,1087,124.28,,800m,SABBATINI Gaia,SF,G.S. FIAMME AZZURRE
98,1086,221.53,,1500m,RIVA Federico,SM,G.A. FIAMME GIALLE
99,1085,46.4,,400m,ACETI Vladimir,SM,G.A. FIAMME GIALLE
100,1085,10.36,1.0,100m,RANDAZZO Filippo,SM,G.A. FIAMME GIALLE
101,1085,53.07,,400m,TROIANI Virginia,SF,CUS PRO PATRIA MILANO
102,1084,604.77,,3000st_h76,CURTABBI Eleonora,SF,G.A. FIAMME GIALLE
103,1084,124.46,,800m,KABANGU Ngalula gloria,PF,C.S. ESERCITO
104,1083,50.96,,400Hs_h91,BERTONCELLI Giacomo,SM,ATL. INSIEME VERONA
105,1083,124.51,,800m,COLAJANNI Maria,SF,A.S.D. C.U.S. PALERMO
106,1083,124.48,,800m,COIRO Eloisa,SF,G.S. FIAMME AZZURRE
107,1082,10.37,1.0,100m,CECCARELLI Samuele,SM,G.S. FIAMME ORO PADOVA
108,1082,10.37,1.0,100m,TARDIOLI Junior,PM,ATL.STUD. RIETI ANDREA MILARDI
109,1082,10.37,0.9,100m,CECCARELLI Samuele,SM,G.S. FIAMME ORO PADOVA
110,1082,57.97,,400Hs_h76,OLIVIERI Linda,SF,G.S. FIAMME ORO PADOVA
111,1081,605.81,,3000st_h76,PATTIS Katja,SF,ASV L.C. BOZEN RAIFFEISEN
112,1081,57.98,,400Hs_h76,SERAMONDI Alessia,PF,G.A. FIAMME GIALLE
113,1081,124.64,,800m,PELLICORO Laura,SF,BRACCO ATLETICA
114,1081,20.91,1.2,200m,LONGOBARDI Eduardo,PM,G.A. FIAMME GIALLE
115,1080,23.55,-1.3,200m,KADDARI Dalia,SF,G.S. FIAMME ORO PADOVA
116,1079,11.57,0.8,100m,BERTELLO Gaya,PF,POLISPORT. NOVATLETICA CHIERI
117,1079,20.92,-1.9,200m,LONGOBARDI Eduardo,PM,G.A. FIAMME GIALLE
118,1078,53.26,,400m,ACCAME Ilaria elvira,SF,C.S. AERONAUTICA MILITARE
119,1078,53.25,,400m,POLINARI Anna,SF,C.S. CARABINIERI SEZ. ATLETICA
120,1077,11.58,1.5,100m,OBIJIAKU Ugochinyere amanda,PF,A.S. ATLETICA VIRTUS LUCCA
121,1076,53.3,,400m,ACCAME Ilaria elvira,SF,C.S. AERONAUTICA MILITARE
122,1076,108.28,,800m,TECUCEANU Catalin,SM,G.S. FIAMME ORO PADOVA
123,1076,58.16,,400Hs_h76,SARTORI Rebecca,SF,G.S. FIAMME ORO PADOVA
124,1076,13.55,0.5,100Hs_h84-8.50,MOSETTI Nicla,SF,SSD NISSOLINO SPORT SRL ASU
125,1076,10.39,0.5,100m,MAREK Eric,PM,C.S. ESERCITO
126,1076,108.28,,800m,LAZZARO Giovanni,PM,C.S. AERONAUTICA MILITARE
127,1075,20.95,-2.7,200m,CAPPELLETTI Filippo,PM,ATL. O.S.A. SARONNO LIB.
128,1075,20.95,-3.8,200m,DESALU Eseosa fostine,SM,G.A. FIAMME GIALLE
129,1075,124.96,,800m,BELLO' Elena,SF,G.S. FIAMME AZZURRE
130,1074,125.04,,800m,MENEGALE Giulia,SF,ATLETICA SILCA CONEGLIANO
131,1074,23.61,-0.3,200m,BELLINAZZI Giorgia,SF,C.S. ESERCITO
132,1073,609.01,,3000st_h76,MENTASTI Francesca,PF,PRO SESTO ATL. CERNUSCO
133,1073,13.58,-0.4,100Hs_h84-8.50,MOSETTI Nicla,SF,SSD NISSOLINO SPORT SRL ASU
134,1072,20.97,1.2,200m,DEZZA Filippo,PM,BERGAMO STARS ATLETICA
135,1072,108.4,,800m,PERNICI Francesco,PM,G.A. FIAMME GIALLE
136,1072,222.58,,1500m,ARESE Pietro,SM,G.A. FIAMME GIALLE
137,1072,13.56,1.7,triplo,CESTONARO Ottavia,SF,C.S. CARABINIERI SEZ. ATLETICA
138,1072,13.97,0.7,110Hs_h106-9.14,GIACALONE Nicolo',SM,ASD ATLETICA BIOTEKNA
139,1071,108.44,,800m,ELLIASMINE Abdelhakim,SM,ATHLETIC CLUB 96 ALPERIA
140,1071,53.44,,400m,BONORA Alessandra,SF,G.A. FIAMME GIALLE
141,1071,108.44,,800m,MANISCALCO Tommaso,SM,C.S. ESERCITO
142,1070,222.73,,1500m,BUSSOTTI NEVES JUNIOR Joao capistrano mari,SM,C.S. ESERCITO
143,1069,10.41,0.5,100m,RANDAZZO Filippo,SM,G.A. FIAMME GIALLE
144,1069,222.8,,1500m,EL KABBOURI Ossama,SM,ATLETICA FIRENZE MARATHON S.S.
145,1068,949.98,,5000m,APRILE Giulia,SF,C.S. ESERCITO
146,1067,125.46,,800m,TROIANI Serena,SF,CUS PRO PATRIA MILANO
147,1067,611.7,,3000st_h76,OBERLE Deborah,SF,CUS INSUBRIA VARESE COMO
148,1066,10.42,1.0,100m,CASSANO Luca antonio,SM,C.S. AERONAUTICA MILITARE
149,1066,125.52,,800m,ALMICI Alexandra,SF,ATL. BRESCIA 1950
150,1066,46.68,,400m,ACETI Vladimir,SM,G.A. FIAMME GIALLE
151,1066,108.61,,800m,BARONTINI Simone,SM,G.S. FIAMME AZZURRE
152,1065,23.7,-0.3,200m,RICCI Ginevra,SF,C.S. ESERCITO
153,1064,51.35,,400Hs_h91,BERRINO Riccardo,SM,C.S. AERONAUTICA MILITARE
154,1062,953.4,,5000m,CORDAZZO Giulia,SF,ASD LA FRATELLANZA 1874
155,1062,11.65,1.5,100m,TORCHIO Rachele,PF,ATL. MONDOVI'-ACQUA S.BERNARDO
156,1062,46.74,,400m,LOPEZ Brayan,SM,G.S. FIAMME AZZURRE
157,1061,51.41,,400Hs_h91,BENCOSME DE LEON Jose reynaldo,SM,G.S. AVIS BARLETTA A.S.D.
158,1061,953.74,,5000m,ACCORSI Marika,SF,C.U.S. PARMA
159,1060,954.38,,5000m,MORESSA Diletta,SF,G.S. ORECCHIELLA GARFAGNANA
160,1059,21.06,-1.9,200m,FEDERICI Andrea,SM,ASD ATLETICA BIOTEKNA
161,1059,58.74,,400Hs_h76,SERAMONDI Alessia,PF,G.A. FIAMME GIALLE
162,1059,23.76,-1.5,200m,FONTANA Vittoria,SF,C.S. CARABINIERI SEZ. ATLETICA
163,1059,46.78,,400m,LOPEZ Brayan,SM,G.S. FIAMME AZZURRE
164,1059,954.89,,5000m,ZANNE Giulia,SF,ATL. BRESCIA 1950
165,1058,108.88,,800m,ZUNINO Marco,PM,ATLETICA ARCOBALENO SAVONA
166,1058,13.69,-2.2,100Hs_h84-8.50,DI LAZZARO Elisa maria,SF,C.S. CARABINIERI SEZ. ATLETICA
167,1058,23.77,-3.6,200m,BELLINAZZI Giorgia,SF,C.S. ESERCITO
168,1058,51.47,,400Hs_h91,SIBILIO Alessandro,SM,G.A. FIAMME GIALLE
169,1056,21.08,1.2,200m,MESSINA Paolo,SM,G.A. FIAMME GIALLE
170,1056,11.68,0.4,100m,GASPARELLI Alessandra,PF,OLIMPUS SAN MARINO ATLETICA
171,1056,10.45,0.5,100m,BERNARDI Andrea,PM,ATL. RICCARDI MILANO 1946
172,1055,2.16,,alto,MELONI Eugenio,SM,C.S. CARABINIERI SEZ. ATLETICA
173,1055,2.16,,alto,LANDO Manuel,SM,C.S. AERONAUTICA MILITARE
174,1055,108.98,,800m,PERAZZO Amedeo,SM,ATL. RICCARDI MILANO 1946
175,1055,51.53,,400Hs_h91,SOMMACAL Alessio,SM,A.S. DIL. MILONE
176,1054,126.22,,800m,BELLA Sofia,SF,ATL.STUD. RIETI ANDREA MILARDI
177,1054,46.87,,400m,AKWANNOR Vanni picco,SM,ATL. CHIARI 1964 LIB.
178,1053,10.46,0.7,100m,DESALU Eseosa fostine,SM,G.A. FIAMME GIALLE
179,1053,23.82,-3.6,200m,HOOPER Gloria,SF,ATL. BRESCIA 1950
180,1053,10.46,0.7,100m,TARDIOLI Junior,PM,ATL.STUD. RIETI ANDREA MILARDI
181,1053,21.1,-2.7,200m,DENTATO Damiano,PM,ATL.STUD. RIETI ANDREA MILARDI
182,1052,259.71,,1500m,VANDI Eleonora,SF,ATL. AVIS MACERATA
183,1052,109.09,,800m,ZUNINO Marco,PM,ATLETICA ARCOBALENO SAVONA
184,1052,11.7,0.8,100m,TORCHIO Rachele,PF,ATL. MONDOVI'-ACQUA S.BERNARDO
185,1052,224.08,,1500m,VALDUGA Simone,PM,C.S. AERONAUTICA MILITARE
186,1052,11.7,0.8,100m,GASPARELLI Alessandra,PF,OLIMPUS SAN MARINO ATLETICA
187,1052,58.95,,400Hs_h76,GHERGO Angelica,SF,C.S. ESERCITO
188,1051,53.97,,400m,FAVALLI Sophia,SF,ATL. BRESCIA 1950
189,1051,5.21,,asta,DEMONTIS Andrea,PM,C.U.S. CAGLIARI
190,1051,51.62,,400Hs_h91,BRESSANELLO Dario,PM,ASD ACSI ATLETICA CAMPIDOGLIO
191,1050,14.09,-0.8,110Hs_h106-9.14,MULAS Oliver,PM,ATHLETIC CLUB 96 ALPERIA
192,1050,59.03,,400Hs_h76,BERINDE Malina lenuta,SF,SISPORT SSD
193,1050,51.64,,400Hs_h91,CAMILLI Francesco,SM,ATL. PIANURA BERGAMASCA
194,1050,46.93,,400m,BENATI Lorenzo,SM,G.S. FIAMME AZZURRE
195,1049,21.13,1.2,200m,FEDERICI Andrea,SM,ASD ATLETICA BIOTEKNA
196,1049,54.03,,400m,BORGA Rebecca,SF,G.A. FIAMME GIALLE
197,1049,109.19,,800m,MANISCALCO Tommaso,SM,C.S. ESERCITO
198,1049,23.86,-1.5,200m,RICCI Ginevra,SF,C.S. ESERCITO
199,1049,51.65,,400Hs_h91,PASQUALE Edoardo,PM,ATLETICA FIRENZE MARATHON S.S.
200,1047,109.25,,800m,PERAZZO Amedeo,SM,ATL. RICCARDI MILANO 1946
201,1047,69.9,,martello_7kg,PROSERPIO Giacomo,SM,C.S. CARABINIERI SEZ. ATLETICA
202,1047,10.48,1.1,100m,GIAMBELLINI Davide,SM,ATLETICA PEDEMONTANA VENETA
203,1047,13.78,-0.1,100Hs_h84-8.50,BALLIN Azzurra,PF,ASSINDUSTRIA SPORT
204,1047,59.14,,400Hs_h76,CAVO Ludovica,PF,A.S.D. ATL. SERRAVALLESE
205,1046,54.1,,400m,TESSAROLO Zoe,PF,ATL.VICENTINA
206,1046,14.11,-0.7,110Hs_h106-9.14,FOFANA Hassane,SM,G.S. FIAMME ORO PADOVA
207,1046,2768.24,,Marcia_10km,SCIANNAMEA Martina,PF,POLISPORTIVA TETHYS CHIETI
208,1046,11.73,0.8,100m,MELON Chiara,SF,G.S. FIAMME AZZURRE
209,1046,109.29,,800m,PERON Jacopo,SM,VARESE ATLETICA A.S.D.
210,1046,11.73,1.2,100m,BERTELLO Gaya,PF,POLISPORT. NOVATLETICA CHIERI
211,1045,527.83,,3000st_h91,VECCHI Enrico,SM,ATL. RODENGO SAIANO MICO
212,1045,15.87,0.2,triplo,MORSELETTO Federico,PM,ATL.STUD. RIETI ANDREA MILARDI
213,1045,59.19,,400Hs_h76,MARCOMIN Giorgia,SF,ATL. O.S.A. SARONNO LIB.
214,1044,18.7,,peso_7kg,TRABACCA Francesco,SM,ASD GIOVANI ATLETI BARI 1969
215,1044,47.01,,400m,SCOTTI Edoardo,SM,C.S. CARABINIERI SEZ. ATLETICA
216,1043,126.82,,800m,GAMBO Faith nyadzuwa,SF,N.ATL. FANFULLA LODIGIANA
217,1043,10.49,0.7,100m,CASSANO Luca antonio,SM,C.S. AERONAUTICA MILITARE
218,1043,54.2,,400m,MARCHIANDO Eleonora,SF,C.S. CARABINIERI SEZ. ATLETICA
219,1043,54.2,,400m,BORGA Rebecca,SF,G.A. FIAMME GIALLE
220,1043,54.18,,400m,TESSAROLO Zoe,PF,ATL.VICENTINA
221,1043,13.81,0.5,100Hs_h84-8.50,BALLIN Azzurra,PF,ASSINDUSTRIA SPORT
222,1042,261.02,,1500m,CALDARINI Livia,SF,ATL.STUD. RIETI ANDREA MILARDI
223,1042,51.8,,400Hs_h91,BERTOLDO Michele,SM,C.S. CARABINIERI SEZ. ATLETICA
224,1042,827.35,,5000m,ARESE Pietro,SM,G.A. FIAMME GIALLE
225,1042,6.2,2.0,lungo,GALVANI Chiara,SF,ATL. BRESCIA 1950
226,1041,59.35,,400Hs_h76,MARCOMIN Giorgia,SF,ATL. O.S.A. SARONNO LIB.
227,1040,828.12,,5000m,GUERRA Francesco,SM,C.S. CARABINIERI SEZ. ATLETICA
228,1040,10.5,0.9,100m,SERRONE Giuseppe,SM,ADEN EXPRIVIA DAI OPTICAL MOLF
229,1040,18.63,,peso_7kg,DEL GATTO Lorenzo,SM,C.S. CARABINIERI SEZ. ATLETICA
230,1040,623.12,,3000st_h76,VETTOR Giulia,SF,C.U.S. PARMA
231,1040,11.76,1.5,100m,ANGELINI Ilenia,PF,C.S. ESERCITO
232,1039,14.15,0.7,110Hs_h106-9.14,CAIANI Andrea,PM,TEAM-A LOMBARDIA
233,1039,13.23,0.7,triplo,SMERALDO Chiara,SF,A.S.D.  C.U.S. GENOVA
234,1038,69.33,,martello_7kg,IACOCCA Filippo maria,PM,S.S. VITTORIO ALFIERI ASTI
235,1038,51.89,,400Hs_h91,SOMMACAL Alessio,SM,A.S. DIL. MILONE
236,1038,624.17,,3000st_h76,BORELLO Sara,SF,ATLETICA CANAVESANA
237,1037,54.35,,400m,FOUDRAZ Eleonora,SF,ATLETICA SANDRO CALVESI
238,1037,54.36,,400m,FOUDRAZ Eleonora,SF,ATLETICA SANDRO CALVESI
239,1037,21.21,-3.8,200m,DEZZA Filippo,PM,BERGAMO STARS ATLETICA
240,1036,829.14,,5000m,PAROLINI Sebastiano,SM,G. ALPINISTICO VERTOVESE
241,1036,225.35,,1500m,BAIOCCHI Nicola,PM,ATLETICA LIVORNO
242,1036,47.14,,400m,FALSETTI Federico,PM,ASSI GIGLIO ROSSO FIRENZE
243,1035,58.56,,disco_2kg,MANNUCCI Alessio,SM,C.S. AERONAUTICA MILITARE
244,1035,47.16,,400m,MELI Riccardo,SM,G.A. FIAMME GIALLE
245,1034,10.52,1.1,100m,GUGLIELMI Federico,SM,C.S. CARABINIERI SEZ. ATLETICA
246,1034,59.58,,400Hs_h76,GHERGO Angelica,SF,C.S. ESERCITO
247,1034,11.79,0.8,100m,ANGELINI Ilenia,PF,C.S. ESERCITO
248,1034,10.52,0.7,100m,SANSOVINI Francesco,SM,OLIMPUS SAN MARINO ATLETICA
249,1033,15.76,0.7,triplo,TOSTI Gabriele,SM,BERGAMO STARS ATLETICA
250,1033,54.45,,400m,ZAGO Samantha,SF,C.U.S. PARMA
251,1033,13.17,0.3,triplo,COMOLLO Elena,PF,SISPORT SSD
252,1033,47.19,,400m,RAIMONDI Matteo,SM,PRO SESTO ATL. CERNUSCO
253,1033,6.16,1.2,lungo,LUNARDON Alice,SF,GS LA PIAVE 2000
254,1033,1.81,,alto,DE MARCHI Giulia,SF,ATL.VICENTINA
255,1033,54.45,,400m,ROSSI Camilla,PF,TOSCANA ATL.EMPOLI NISSAN
256,1032,54.47,,400m,DEMATTE' Nancy,PF,U.S. QUERCIA DAO CONAD
257,1032,13.89,0.5,100Hs_h84-8.50,NESSENZIA Elena,PF,GS LA PIAVE 2000
258,1032,626.53,,3000st_h76,SORRENTINO Erica,SF,BRACCO ATLETICA
259,1032,225.67,,1500m,FILIPPI Giovanni,SM,C.S. ESERCITO
260,1031,10.53,0.7,100m,RIGALI Roberto,SM,C.S. CARABINIERI SEZ. ATLETICA
261,1031,47.21,,400m,BENATI Lorenzo,SM,G.S. FIAMME AZZURRE
262,1031,52.04,,400Hs_h91,CONTINI Mattia,SM,C.S. AERONAUTICA MILITARE
263,1030,15.73,0.3,triplo,BRUNO Federico lorenzo,PM,ATHLETIC CLUB 96 ALPERIA
264,1030,21.26,-2.7,200m,MESSINA Paolo,SM,G.A. FIAMME GIALLE
265,1030,52.06,,400Hs_h91,BERRINO Riccardo,SM,C.S. AERONAUTICA MILITARE
266,1030,11.81,1.2,100m,MELON Chiara,SF,G.S. FIAMME AZZURRE
267,1029,74.87,,giavellotto_800g,FRATTINI Giovanni,SM,C.S. CARABINIERI SEZ. ATLETICA
268,1029,2797.24,,Marcia_10km,LUCENTINI Giulia,PF,ATL.VICENTINA
269,1028,13.12,0.1,triplo,BRUGNOLO Greta,PF,ATL.STUD. RIETI ANDREA MILARDI
270,1028,127.76,,800m,ROVERE Elisa,SF,ATL BRUGNERA PN FRIULINTAGLI
271,1028,109.94,,800m,BRUGNIZZA Emanuele,SM,ATLETICA MALIGNANI LIBERTAS UD
272,1028,109.91,,800m,DE ROSA Davide,PM,C.S. ESERCITO
273,1027,10.54,0.5,100m,FEDERICI Andrea,SM,ASD ATLETICA BIOTEKNA
274,1027,54.61,,400m,CAVALIERI Anna,SF,ASD LA FRATELLANZA 1874
275,1027,59.81,,400Hs_h76,CANTERGIANI Sara,SF,G.S.SELF ATL. MONTANARI GRUZZA
276,1027,4.22,,asta,GHERCA Maria roberta,SF,C.S. AERONAUTICA MILITARE
277,1027,531.97,,3000st_h91,CANNIZZARO Carmelo,SM,A.S.D. RUNNING MODICA
278,1026,59.84,,400Hs_h76,CALGARINI Chiara,SF,ATLETICA LUGO
279,1026,11.83,1.2,100m,HERRERA ABREU Johanelis,SF,C.S. AERONAUTICA MILITARE
280,1025,6.12,1.0,lungo,RICCARDI Giulia,PF,G.S. TRILACUM
281,1025,6.12,2.0,lungo,CRIDA Veronica,SF,ATL. BRESCIA 1950
282,1024,21.3,-2.7,200m,PETTOROSSI Diego aldo,SM,ATL.LIBERTAS UNICUSANO LIVORNO
283,1023,5.11,,asta,BONANNI Federico,PM,C.S. AERONAUTICA MILITARE
284,1023,5.11,,asta,PUGNO Francesco,SM,SAFATLETICA PIEMONTE ASD
285,1023,54.72,,400m,FAVALLI Sophia,SF,ATL. BRESCIA 1950
286,1023,5.11,,asta,BEFANI Riccardo,JM,#ILOVERUN ATHLETIC TERNI
287,1023,7.47,0.2,lungo,PAGAN Fabio,SM,ASD ATLETICA BIOTEKNA
288,1023,832.94,,5000m,PELLEGRINI Pietro,SM,ATLETICA VALLE DI CEMBRA
289,1022,74.35,,giavellotto_800g,FINA Michele,SM,C.S. ESERCITO
290,1022,128.1,,800m,MENEGALE Giulia,SF,ATLETICA SILCA CONEGLIANO
291,1022,533.17,,3000st_h91,MAZZA Francesco,PM,ATL. CASONE NOCETO
292,1021,24.15,-0.3,200m,CIRILLO Sara,PF,A.S.D. ACSI ITALIA ATLETICA
293,1021,54.77,,400m,CIRILLO Sara,PF,A.S.D. ACSI ITALIA ATLETICA
294,1021,11.85,1.2,100m,FANTONI Gaia,PF,N. ATL. VARESE
295,1021,21.32,-3.8,200m,LURASCHI Edoardo,SM,CUS PRO PATRIA MILANO
296,1021,65.46,,martello_4kg,MORI Rachele,PF,G.A. FIAMME GIALLE
297,1020,24.17,-0.3,200m,OBIJIAKU Ugochinyere amanda,PF,A.S. ATLETICA VIRTUS LUCCA
298,1020,24.16,-1.5,200m,OBIJIAKU Ugochinyere amanda,PF,A.S. ATLETICA VIRTUS LUCCA
299,1020,13.99,-0.4,100Hs_h84-8.50,NESSENZIA Elena,PF,GS LA PIAVE 2000
300,1020,21.33,-3.8,200m,LANGIULLI Paolo,PM,G.S. AVIS BARLETTA A.S.D.
301,1019,128.29,,800m,SOTGIU Maria paola,PF,A.S.D. ICHNOS SASSARI
302,1019,2.12,,alto,SOTTILE Stefano,SM,G.S. FIAMME AZZURRE
303,1019,47.4,,400m,GRENDENE Stefano,SM,C.S. AERONAUTICA MILITARE
304,1019,2.12,,alto,TAMBERI Gianmarco,SM,G.S. FIAMME ORO PADOVA
305,1019,2.12,,alto,PASCONE Ernesto,SM,A.S.D. C.U.S. PALERMO
306,1019,226.69,,1500m,PELLEGRINI Pietro,SM,ATLETICA VALLE DI CEMBRA
307,1019,2.12,,alto,FALOCCHI Christian,SM,G.S. FIAMME ORO PADOVA
308,1018,14.27,0.7,110Hs_h106-9.14,TRIOLO Tommaso,PM,G.S. FIAMME ORO PADOVA
309,1018,54.85,,400m,ZELI Beatrice,SF,PRO SESTO ATL. CERNUSCO
310,1018,10.57,1.1,100m,IANES Lorenzo,SM,ATHLETIC CLUB 96 ALPERIA
311,1018,10.57,0.9,100m,ULISSE Angelo,PM,G.A. FIAMME GIALLE
312,1017,21.35,-1.9,200m,GIAMBELLINI Davide,SM,ATLETICA PEDEMONTANA VENETA
313,1017,52.33,,400Hs_h91,ROBBIN Jean marie,SM,ASD ATLETICA BIOTEKNA
314,1017,60.17,,400Hs_h76,CONTINO Nadia,PF,ATLETICA CASCINA
315,1017,834.74,,5000m,ALFIERI Luca,SM,ATL. CASONE NOCETO
316,1017,110.31,,800m,ELLIASMINE Abdelhakim,SM,ATHLETIC CLUB 96 ALPERIA
317,1016,47.45,,400m,BERTOLANI Andrea,SM,CUS PRO PATRIA MILANO
318,1016,14.02,-0.1,100Hs_h84-8.50,CUCCU' Martina,PF,ATL.STUD. RIETI ANDREA MILARDI
319,1015,11.88,0.4,100m,GOFFI Chiara,PF,ATL. CHIARI 1964 LIB.
320,1015,13.0,-0.1,triplo,AL OMARI Jasmine,SF,ATL.LIBERTAS UNICUSANO LIVORNO
321,1015,128.51,,800m,DAL MOLIN Luisa gaia,SF,CUS PRO PATRIA MILANO
322,1015,14.03,-2.2,100Hs_h84-8.50,FOSSATELLI Elisa,PF,ATL.LIBERTAS UNICUSANO LIVORNO
323,1014,7.43,-0.2,lungo,MENCHINI Simone,PM,SISPORT SSD
324,1014,7.43,-0.1,lungo,CHAHBOUN Mohamed reda,SM,ATL.LIBERTAS UNICUSANO LIVORNO
325,1014,47.48,,400m,MBOUP Mass,PM,ASD ENTERPRISE SPORT & SERVICE
326,1013,14.04,-0.1,100Hs_h84-8.50,COLOMBANI Elisa,PF,FORTI E LIBERI MONZA 1878 ASD
327,1013,47.49,,400m,RAIMONDI Matteo,SM,PRO SESTO ATL. CERNUSCO
328,1012,535.55,,3000st_h91,TAISSIR Ayoub,PM,LAGARINA CRUS TEAM
329,1012,12.97,0.0,triplo,ZOCCHEDDU Sara,SF,C.U.S. CAGLIARI
330,1011,73.62,,giavellotto_800g,ORLANDO Roberto,SM,C.S. AERONAUTICA MILITARE
331,1011,110.53,,800m,GARAVAGLIA Yordi santiago,PM,PRO PATRIA A.R.C. BUSTO A.
332,1011,47.52,,400m,AKWANNOR Vanni picco,SM,ATL. CHIARI 1964 LIB.
333,1011,11.9,1.2,100m,APRILE Megane,SF,A.S.D. RUNNING MODICA
334,1011,110.52,,800m,DE CESARE Riccardo,PM,ATL.LIBERTAS UNICUSANO LIVORNO
335,1010,47.54,,400m,MELI Riccardo,SM,G.A. FIAMME GIALLE
336,1010,110.56,,800m,BRAZZALE Enrico,SM,ATL.VICENTINA
337,1009,110.59,,800m,VITALI Federico,PM,ATL. AVIS MACERATA
338,1009,11.91,1.5,100m,BERTON Aurora,SF,G.A. FIAMME GIALLE
339,1008,10.6,0.9,100m,DICATI Federico,PM,G.S. FIAMME ORO PADOVA
340,1008,24.29,-1.5,200m,CAPASSO Lavinia,JF,ATL.STUD. RIETI ANDREA MILARDI
341,1007,24.3,-1.5,200m,TORCHIO Rachele,PF,ATL. MONDOVI'-ACQUA S.BERNARDO
342,1007,637.46,,3000st_h76,SCARAFILE Alessia,PF,BATTAGLIO C.U.S. TORINO ATL
343,1006,129.03,,800m,MASOLINI Milena,PF,G.P. VALCHIAVENNA
344,1006,14.34,-0.8,110Hs_h106-9.14,TRIOLO Tommaso,PM,G.S. FIAMME ORO PADOVA
345,1006,24.31,-1.3,200m,CIRILLO Sara,PF,A.S.D. ACSI ITALIA ATLETICA
346,1005,10.61,0.9,100m,PADOVAN Filippo,PM,ATL.VICENTINA
347,1005,10.61,0.5,100m,FAGGIN Alessio,PM,G.S. FIAMME ORO PADOVA
348,1005,227.73,,1500m,MOROSINI Nicola,PM,U.S. ROGNO
349,1005,10.61,1.1,100m,PAGANELLI Filippo,PM,ATLETICA 85 FAENZA
350,1004,12.89,0.5,triplo,ZANON Veronica,SF,G.S. FIAMME ORO PADOVA
351,1004,1.78,,alto,CROCE Pamela,SF,U.S. QUERCIA DAO CONAD
352,1004,1.78,,alto,VALLORTIGARA Elena,SF,C.S. CARABINIERI SEZ. ATLETICA
353,1004,1.78,,alto,VICINI Aurora,PF,C.S. CARABINIERI SEZ. ATLETICA
354,1004,1.78,,alto,POLOTTO Gloria,SF,ATLETICA VIGEVANO
355,1003,14.12,-2.2,100Hs_h84-8.50,MINOTTI Chiara,PF,ATL. BERGAMO 1959 ORIOCENTER
356,1003,110.8,,800m,TAMASSIA Riccardo,SM,TREVISATLETICA
357,1003,838.9,,5000m,MAGGI Konjoneh,PM,ATL. CASONE NOCETO
358,1003,11.94,0.4,100m,FANALE Svetlana,SF,A.S.D. C.U.S. PALERMO
359,1002,639.33,,3000st_h76,PIZZAMANO Maddalena,SF,ATLETICA FIRENZE MARATHON S.S.
360,1002,55.3,,400m,RAMI Laura elena,SF,C.U.S. BOLOGNA A.S.D.
361,1002,14.36,-0.8,110Hs_h106-9.14,CAIANI Andrea,PM,TEAM-A LOMBARDIA
362,1001,228.09,,1500m,PASQUINUCCI Alessandro,PM,ASD LA FRATELLANZA 1874
363,1001,14.14,-0.4,100Hs_h84-8.50,MORBIN Matilde,JF,ATL.VICENTINA
364,1001,2848.24,,Marcia_10km,LA DELFA Rosetta,SF45,UNIONE GIOVANE BIELLA
365,1000,56.66,,disco_2kg,MUSCI Carmelo alessandro,SM,G.A. FIAMME GIALLE
366,999,10.63,0.5,100m,NDONGALA Mattia jason,PM,SISPORT SSD
367,999,11.96,0.4,100m,NARDIS Antonella,SF,A.S.D. ATLETICA L'AQUILA
368,999,7.36,0.6,lungo,CONTOTTO Niccolo',SM,TEAM-A LOMBARDIA
369,999,538.73,,3000st_h91,GUERRA Massimo,SM,ATL.VICENTINA
370,998,24.4,-0.3,200m,CAPASSO Lavinia,JF,ATL.STUD. RIETI ANDREA MILARDI
371,998,47.72,,400m,FALSETTI Federico,PM,ASSI GIGLIO ROSSO FIRENZE
372,998,988.11,,5000m,MORETTON Michela,SF,ASSINDUSTRIA SPORT
373,997,4.12,,asta,SCARDANZAN Virginia,SF,ATLETICA SILCA CONEGLIANO
374,997,24.41,-1.3,200m,CERA Carlotta,SF,BATTAGLIO C.U.S. TORINO ATL
375,997,4.12,,asta,VALLETTI BORGNINI Giulia,SF,CUS PRO PATRIA MILANO
376,997,21.49,-1.9,200m,SAFRAOUI Sofian,PM,SSD NISSOLINO SPORT SRL ASU
377,997,60.85,,400Hs_h76,BERINDE Malina lenuta,SF,SISPORT SSD
378,996,111.05,,800m,MONNETTI Thomas,PM,PROSPORT ATL. FIRENZE
379,996,5.99,0.6,lungo,PECORA Rebecca,SF,BRACCO ATLETICA
380,996,5.01,,asta,SCALON Leonardo,JM,BATTAGLIO C.U.S. TORINO ATL
381,995,642.47,,3000st_h76,FERRO Ludovica,PF,ASD ROMATLETICA
382,995,11.98,1.2,100m,PEDRESCHI Gaia,SF,ATL. BRESCIA 1950
383,995,11.98,0.4,100m,CONTRAN Ilaria,PF,SAFATLETICA PIEMONTE ASD
384,995,21.5,-2.7,200m,DONOLA Mattia,SM,C.S. CARABINIERI SEZ. ATLETICA
385,995,52.8,,400Hs_h91,ROTA Alessandro,SM,ATL. LECCO-COLOMBO COSTRUZ.
386,995,15.4,0.2,triplo,RAGAZZI Daniele,SM,ASD VIRTUS SEZ. ATL. EMILSIDER
387,995,24.43,-1.5,200m,CARNERO Anna marta,PF,ATL. BRESCIA 1950
388,995,52.79,,400Hs_h91,CLEMENTE Mattia,PM,GEMONATLETICA S.R.L. DIL.
389,995,11.98,1.2,100m,TURCHI Melissa,JF,ASD LA FRATELLANZA 1874
390,994,21.51,-3.8,200m,PIVOTTO Pietro,SM,ASD ATLETICA BIOTEKNA
391,994,841.77,,5000m,URSANO Luca,SM,ATL. CASONE NOCETO
392,994,52.83,,400Hs_h91,IBIDI Francesco moreno,PM,SAFATLETICA PIEMONTE ASD
393,994,228.61,,1500m,MOGETTI Federico,SM,ATHLETIC CLUB 96 ALPERIA
394,993,10.65,1.1,100m,MOLINARI NWAGWU Ruskin,SM,ATL. RICCARDI MILANO 1946
395,993,14.41,-0.7,110Hs_h106-9.14,GIACALONE Nicolo',SM,ASD ATLETICA BIOTEKNA
396,993,72.3,,giavellotto_800g,VISCA Lucio claudio,PM,FIAMME GIALLE G. SIMONI
397,993,10.65,1.1,100m,BANDAOGO Yassin,PM,G.S. FIAMME ORO PADOVA
398,992,61.01,,400Hs_h76,INGENITO Giulia,PF,SISPORT SSD
399,992,21.52,-1.9,200m,BOZZA Matteo,SM,ATL BRUGNERA PN FRIULINTAGLI
400,991,2865.24,,Marcia_10km,BARCELLA Lidia,SF,BRACCO ATLETICA
401,990,61.07,,400Hs_h76,SCARANO Maria francesca,PF,CUS PRO PATRIA MILANO
402,990,843.01,,5000m,PAGLIONE Leo,SM,ATLETICA FIRENZE MARATHON S.S.
403,989,7.31,0.2,lungo,PINI Leonardo,PM,CREMONA SPORTIVA ATL. ARVEDI
404,989,15.34,0.1,triplo,EGHIANRUWA Marvellous osarhue,SM,ASSINDUSTRIA SPORT
405,989,7.31,-0.6,lungo,MANCINI Riccardo,PM,ASD ACSI ATLETICA CAMPIDOGLIO
406,988,47.89,,400m,DI BENEDETTO Matteo,PM,PRO SESTO ATL. CERNUSCO
407,988,12.02,1.5,100m,HARRASSER Ira,SF,SSV BRUNECK VOLKSBANK ASV
408,988,52.94,,400Hs_h91,CAPOBIANCO Davide,PM,ADEN EXPRIVIA DAI OPTICAL MOLF
409,988,47.88,,400m,ROSSI Francesco domenico,SM,CUS PRO PATRIA MILANO
410,988,2600.24,,Marcia_10km,BENVENUTO Francesco,SM,GRUPPO SPORTIVO VIRTUS
411,987,21.56,-3.8,200m,ANTONIETTI Mattia,PM,ATL. O.S.A. SARONNO LIB.
412,986,843.95,,5000m,STEFFANONI Saverio,SM,CUS INSUBRIA VARESE COMO
413,986,844.01,,5000m,BRUNIER Lorenzo,SM,G.P. PARCO ALPI APUANE
414,984,844.84,,5000m,BENZONI Stefano,PM,ATL. VALLE BREMBANA
415,983,10.68,0.9,100m,MANETTI Alessandro,PM,ATLETICA FIRENZE MARATHON S.S.
416,983,542.66,,3000st_h91,FONTANA GRANOTTO Marco,SM,ATL. INSIEME VERONA
417,983,10.68,1.1,100m,AWUAH BAFFOUR Stephen,PM,BATTAGLIO C.U.S. TORINO ATL
418,982,14.29,-0.1,100Hs_h84-8.50,BURGER Marie,PF,U.S. QUERCIA DAO CONAD
419,981,845.47,,5000m,ABDIKADAR SHEIK ALI Mohad,SM,C.S. AERONAUTICA MILITARE
420,981,71.49,,giavellotto_800g,GASPARINI Marten,SM,ATHLETIC CLUB 96 ALPERIA
421,981,55.87,,400m,MELETTO Silvia,SF,ATL. BRESCIA 1950
422,980,2884.24,,Marcia_10km,BARBAROSSA Lucia,PF,AMATORI ATL. ACQUAVIVA
423,980,61.42,,400Hs_h76,BOBBO Sara,SF,ATLETICA RIVIERA DEL BRENTA
424,978,543.86,,3000st_h91,DELAINI Davide,PM,EUROATLETICA 2002
425,977,10.7,0.7,100m,FORNESI Tommaso,SM,TOSCANA ATLETICA JOLLY
426,977,5.9,0.7,lungo,SMERALDO Chiara,SF,A.S.D.  C.U.S. GENOVA
427,977,61.53,,400Hs_h76,SOLAGNA Francesca,SF,VITTORIO ATLETICA
428,976,61.56,,400Hs_h76,FAGGION Sofia,SF,ASSINDUSTRIA SPORT
429,976,2892.24,,Marcia_10km,TRAINA Giada,PF,ATLETICA LIVORNO
430,975,2.07,,alto,AVAGNINA Gabriele,PM,A.S.D.  C.U.S. GENOVA
431,975,2.07,,alto,CELEBRIN Federico,PM,TREVISATLETICA
432,975,2.07,,alto,LUIU Massimiliano,SM,G.S. FIAMME ORO PADOVA
433,974,61.65,,400Hs_h76,PETAGINE Francesca,SF,BRACCO ATLETICA
434,974,10.71,0.9,100m,MONACI Romeo,PM,ATL.LIBERTAS UNICUSANO LIVORNO
435,974,54.64,,disco_1kg,STRUMILLO Stefania,SF35,G.S. FIAMME AZZURRE
436,974,12.09,0.4,100m,MOIZZI Stella,PF,ATL. LECCO-COLOMBO COSTRUZ.
437,974,53.26,,400Hs_h91,OSTANELLO Luca,PM,ASSINDUSTRIA SPORT
438,973,65.11,,martello_7kg,LINGUA Marco,SM45,ASD ATLETICA BIOTEKNA
439,973,21.66,-1.9,200m,FAGGIN Alessio,PM,G.S. FIAMME ORO PADOVA
440,972,24.67,-3.6,200m,HERRERA ABREU Johanelis,SF,C.S. AERONAUTICA MILITARE
441,972,2625.24,,Marcia_10km,SCOLI Giulio,SM,ATLETICA LIVORNO
442,971,14.54,-0.7,110Hs_h106-9.14,TOMASI Daniele,JM,C.S.S. LEONARDO DA VINCI
443,971,848.49,,5000m,GRAVANTE Giuseppe,SM,CALCESTRUZZI CORRADINI EXCELS.
444,968,654.35,,3000st_h76,MARIANI Cristina,SF,ATLETICA CASCINA
445,967,61.89,,400Hs_h76,GENTILINI Alessia,SF,ATL.  VALLI DI NON E SOLE
446,966,14.42,-0.4,100Hs_h84-8.50,TAINI Silvia,SF,U.S. QUERCIA DAO CONAD
447,966,4.02,,asta,NNACHI Great,PF,C.S. CARABINIERI SEZ. ATLETICA
448,966,4.02,,asta,MALAVISI Sonia,SF,G.A. FIAMME GIALLE
449,966,2634.24,,Marcia_10km,SERRA Cristian,PM,ASD LA FRATELLANZA 1874
450,966,4.02,,asta,KOFLER Nathalie,SF,S.V. LANA - RAIKA ASV
451,966,4.02,,asta,DUSSIN Francesca,SF,ATL.LIBERTAS UNICUSANO LIVORNO
452,965,1.74,,alto,MORARA Marta,SF,C.S. AERONAUTICA MILITARE
453,965,24.75,-3.6,200m,RICCI Eleonora,SF,G.A. FIAMME GIALLE
454,965,1.74,,alto,STELLA Federica,PF,PRO SESTO ATL. CERNUSCO
455,965,1.74,,alto,GIANNELLI Laura,PF,ASA ASCOLI PICENO
456,964,14.58,0.7,110Hs_h106-9.14,FOFANA Hassane,SM,G.S. FIAMME ORO PADOVA
457,964,24.76,-1.3,200m,BERTON Aurora,SF,G.A. FIAMME GIALLE
458,964,850.78,,5000m,MONDAZZI Alberto,SM,ATL. CASONE NOCETO
459,964,24.76,-3.6,200m,GOFFI Chiara,PF,ATL. CHIARI 1964 LIB.
460,963,2916.24,,Marcia_10km,BESTETTI Tiziana celine,PF,ATL. BERGAMO 1959 ORIOCENTER
461,963,53.5,,400Hs_h91,FLORE Luca,PM,ASD ATL ORISTANO
462,962,12.47,1.8,triplo,CHALLANCIN Corinne,SF,ATLETICA FIRENZE MARATHON S.S.
463,961,24.79,-1.3,200m,BERTELLO Gaya,PF,POLISPORT. NOVATLETICA CHIERI
464,961,851.59,,5000m,FARRONATO Daniele,SM,TREVISATLETICA
465,961,112.31,,800m,BARONTINI Simone,SM,G.S. FIAMME AZZURRE
466,960,62.13,,400Hs_h76,MUNARI Elisabetta,PF,ATLETICA SANDRO CALVESI
467,960,851.87,,5000m,ALLIEGRO Francesco,SM,ATL.LIBERTAS UNICUSANO LIVORNO
468,959,12.44,0.1,triplo,VENTURA Francesca,SF,ASSINDUSTRIA SPORT
469,959,48.34,,400m,BIANCHINI Giacomo,SM,ATLETICA LIVORNO
470,958,62.21,,400Hs_h76,LARICCIA Letizia maria,AF,ATL. ROMA ACQUACETOSA
471,957,14.49,-2.2,100Hs_h84-8.50,BIONDA Anna,SF,TRIESTE ATLETICA
472,956,4.86,,asta,VICERE' Vincenzo,PM,A.S. ATLETICA VIRTUS LUCCA
473,956,4.86,,asta,BIANCOLI Federico,SM,ATL. RICCARDI MILANO 1946
474,954,14.64,0.7,110Hs_h106-9.14,TOMASI Daniele,JM,C.S.S. LEONARDO DA VINCI
475,951,14.54,-2.2,100Hs_h84-8.50,ONGOLO Amelie islande,PF,SSD NISSOLINO SPORT SRL ASU
476,951,48.48,,400m,FRUMENTO Francesco,PM,C.B.A. CINISELLO BALSAMO ATL.
477,948,14.67,-0.8,110Hs_h106-9.14,ALGERI Thomas,PM,ATL. REGGIO ASD
478,947,24.94,-3.6,200m,MELON Chiara,SF,G.S. FIAMME AZZURRE
479,947,48.54,,400m,MELLANO Lorenzo,PM,A.S.D. ATL. FOSSANO '75
480,947,2944.24,,Marcia_10km,BOLLANO Vittoria,SF,ATL. MONDOVI'-ACQUA S.BERNARDO
481,947,62.6,,400Hs_h76,COTTINI Chiara,PF,N. ATL. VARESE
482,947,855.95,,5000m,MAZZONI Leonardo,PM,TOSCANA ATLETICA JOLLY
483,946,2664.24,,Marcia_10km,BONOMI Matteo,SM40,ATL. BERGAMO 1959 ORIOCENTER
484,946,68.98,,giavellotto_800g,BELLINI Giovanni,SM,ATL.STUD. RIETI ANDREA MILARDI
485,946,12.31,0.1,triplo,DE MARTINO Giada,SF,TOSCANA ATL.EMPOLI NISSAN
486,946,7.11,-0.9,lungo,BALDI Samuele,PM,ATL.LIBERTAS UNICUSANO LIVORNO
487,945,21.86,1.2,200m,PETTOROSSI Diego aldo,SM,ATL.LIBERTAS UNICUSANO LIVORNO
488,945,14.92,0.1,triplo,BRUNELLO Mattia,SM,TREVISATLETICA
489,943,14.7,-0.8,110Hs_h106-9.14,LEGNANI Riccardo,PM,CUS PRO PATRIA MILANO
490,942,14.71,-0.8,110Hs_h106-9.14,ZAMPESE Giacomo,SM,ASD ATLETICA BIOTEKNA
491,941,53.98,,400Hs_h91,GAGGIOLI Wilhelm jacopo,SM,TOSCANA ATLETICA JOLLY
492,940,10.82,0.5,100m,SILVESTRELLI Mattia,PM,ATL.STUD. RIETI ANDREA MILARDI
493,940,52.81,,disco_1kg,FORTUNA Diletta,SF,C.S. CARABINIERI SEZ. ATLETICA
494,939,21.9,-2.7,200m,MASNADA Matteo,PM,ASD GIOVANI ATLETI BARI 1969
495,935,63.01,,400Hs_h76,GRESTA Anna,SF,ATL. ROMA ACQUACETOSA
496,935,68.22,,giavellotto_800g,COMINI Simone,SM,ASD ATLETICA BIOTEKNA
497,934,10.84,0.9,100m,CAPASSO Jacopo,PM,ATL.STUD. RIETI ANDREA MILARDI
498,934,48.74,,400m,BIADATI Emanuele,PM,PRO SESTO ATL. CERNUSCO
499,932,2.02,,alto,DONADONI Marcello,PM,ATLETICA BOVOLONE
500,932,2.02,,alto,LONGO Giovanni,PM,S.S. VITTORIO ALFIERI ASTI
501,932,860.74,,5000m,BELGHITI Mustafa',SM,ASD SICILIA RUNNING TEAM
502,932,2.02,,alto,RAMUS Stefano,SM,ATL.  VALLI DI NON E SOLE
503,930,15.55,,peso_4kg,OSAKUE Daisy oyemwenosa,SF,G.A. FIAMME GIALLE
504,930,233.7,,1500m,LODI Kevin,PM,GRUPPO ATLETICO BASSANO 1948
505,930,14.78,-0.7,110Hs_h106-9.14,REBESCO Luca,PM,TREVISATLETICA
506,926,1.7,,alto,SMREKAR Celine,SF,ATLETICA FIRENZE MARATHON S.S.
507,926,1.7,,alto,ZANON Sofia,AF,ATLETICA VIS ABANO
508,925,12.11,0.1,triplo,RUZZA Alessia,PF,ATL. GALLARATESE
509,925,52.01,,disco_1kg,VILLA Ilaria,SF,CUS PRO PATRIA MILANO
510,925,22.0,-3.8,200m,MARTINELLI Vincenzo,PM,ATL. MONDOVI'-ACQUA S.BERNARDO
511,923,2699.24,,Marcia_10km,ANGELINI Gregorio,SM,ATL.AM. CISTERNINO ECOLSERVIZI
512,923,54.38,,400Hs_h91,GATTO Andy,SM,A.S.D. ATLETICA ROATA CHIUSANI
513,921,15.41,,peso_4kg,VERTERAMO Sara,SF,BATTAGLIO C.U.S. TORINO ATL
514,920,3.87,,asta,SEMERARO Francesca,SF,ALTERATLETICA LOCOROTONDO
515,919,558.42,,3000st_h91,ZANTI Samuele,PM,ATL.LIBERTAS UNICUSANO LIVORNO
516,917,51.58,,disco_1kg,SPLENDORI Miriana,SF,A.S.D. ACSI ITALIA ATLETICA
517,916,54.52,,400Hs_h91,ALIPRANDI Luca,SM,U.S. ATL. VEDANO
518,916,63.72,,400Hs_h76,VATTOLO Beatrice,PF,ATLETICA MALIGNANI LIBERTAS UD
519,916,10.9,0.7,100m,QUARSHIE Stefano twumasi,SM,ATL.VICENTINA
520,915,51.16,,giavellotto_600g,ZABARINO Sara,SF,A.S.D. ACSI ITALIA ATLETICA
521,915,63.76,,400Hs_h76,CALA Teuta,SF,SSD NISSOLINO SPORT SRL ASU
522,914,61.28,,martello_7kg,CAMILLI Pietro,PM,ATLETICA FIRENZE MARATHON S.S.
523,910,14.9,-0.8,110Hs_h106-9.14,COREN Simone,PM,ATLETICA MALIGNANI LIBERTAS UD
524,909,61.01,,martello_7kg,GIORGIS Gregorio,SM,ATL. AVIS MACERATA
525,909,50.84,,giavellotto_600g,TONIUTTO Adele,SF,A.S.D. TEAM TREVISO
526,905,6.92,-0.3,lungo,ZUCCA Christian,SM,C.U.S. CAGLIARI
527,905,51.46,,disco_2kg,MARMONTI Stefano,PM,ATL.LIBERTAS UNICUSANO LIVORNO
528,905,3022.24,,Marcia_10km,BUSELLI Francesca gloria,JF,ASD LA FRATELLANZA 1874
529,903,16.33,,peso_7kg,GAROFALO Matteo,SM,TOSCANA ATLETICA JOLLY
530,903,50.78,,disco_1kg,BENEDETTI Benedetta,PF,C.S. ESERCITO
531,902,869.88,,5000m,DALLAPICCOLA Mauro,PM,ATLETICA VALLE DI CEMBRA
532,901,64.27,,400Hs_h76,STRANIERI Martina,PF,A.S.D. ATLETICA ALBA DOCILIA
533,898,65.64,,giavellotto_800g,BRUSCHI Lorenzo,SM,ATL. O.S.A. SARONNO LIB.
534,898,51.11,,disco_2kg,D'ALESSANDRO Danilo,SM,ATHLETIC CLUB 96 ALPERIA
535,897,50.18,,giavellotto_600g,PADOVAN Paola,SF,C.S. CARABINIERI SEZ. ATLETICA
536,897,57.81,,martello_4kg,MBONGO Keren,PF,ASSINDUSTRIA SPORT
537,896,65.45,,giavellotto_800g,LAZZARETTO Kristian,PM,ATL.VICENTINA
538,893,5.51,0.3,lungo,MENZ Anna,SF,ATLETICA FIRENZE MARATHON S.S.
539,893,565.13,,3000st_h91,DONE' Riccardo,SM,ASD ATLETICA MOGLIANO
540,891,49.86,,giavellotto_600g,CASADEI Emanuela,SF,ASD LA FRATELLANZA 1874
541,888,59.6,,martello_7kg,BARBONE Stefano,SM,A.S. ATLETICA VIRTUS LUCCA
542,887,49.61,,giavellotto_600g,ADANHOEGBE Adjimon pascaline,SF,CUS PRO PATRIA MILANO
543,886,6.83,0.3,lungo,GAUZE David desiba,PM,GA ARISTIDE COIN VENEZIA 1949
544,886,49.59,,giavellotto_600g,JEMAI Sara,SF,C.S. ESERCITO
545,886,50.47,,disco_2kg,MASIANI Samuele,SM,BATTAGLIO C.U.S. TORINO ATL
546,884,50.32,,disco_2kg,TENGATTINI Gioele,PM,ATL. BERGAMO 1959 ORIOCENTER
547,880,11.02,1.1,100m,SIMONELLI Lorenzo ndele,SM,C.S. ESERCITO
548,880,49.54,,disco_1kg,COPPARI Sofia,PF,ATL. BRESCIA 1950
549,877,58.89,,martello_7kg,CASAVECCHIA Mirko,SM,ASS.ATL.LIBERTAS ORVIETO
550,877,15.89,,peso_7kg,MIRENZI Mattia,SM,A.S.D. ATLETICA TEAM CARIGNANO
551,874,3.72,,asta,AGOSTINIS Sara,PF,ATL BRUGNERA PN FRIULINTAGLI
552,874,3.72,,asta,POZZATO Giada,SF,ATL. BRESCIA 1950
553,874,3.72,,asta,RADAELLI Vittoria,PF,ATL. O.S.A. SARONNO LIB.
554,870,15.77,,peso_7kg,TENGATTINI Gioele,PM,ATL. BERGAMO 1959 ORIOCENTER
555,869,56.04,,martello_4kg,GREMI Agata,SF,ATL. BRESCIA 1950
556,867,14.54,,peso_4kg,OSAGIE Vivian otoibhi,PF,G.S.SELF ATL. MONTANARI GRUZZA
557,867,14.53,,peso_4kg,CARNEVALE Martina,SF,ATL.STUD. RIETI ANDREA MILARDI
558,863,3102.24,,Marcia_10km,FORESTI Beatrice,SF,ATL. BERGAMO 1959 ORIOCENTER
559,859,62.88,,giavellotto_800g,FONTANA Norberto,SM,A.S.D. ATLETICA CINQUE CERCHI
560,855,57.47,,martello_7kg,MIGLIANO Filippo,SM,ATL. O.S.A. SARONNO LIB.
561,855,3118.24,,Marcia_10km,MATTIACE Maria serena,PF,AMATORI ATL. ACQUAVIVA
562,852,14.29,,peso_4kg,STELLA Fuyuko,SF,ATL.VICENTINA
563,852,54.96,,martello_4kg,PRINETTI ANZALAPAYA Lucia,SF,ASSINDUSTRIA SPORT
564,845,48.21,,disco_2kg,FASSINA Andrea,SM,TEAM-A LOMBARDIA
565,834,53.88,,martello_4kg,CASIRAGHI Melissa,PF,TEAM-A LOMBARDIA
566,834,14.0,,peso_4kg,COPPARI Sofia,PF,ATL. BRESCIA 1950
567,833,47.55,,disco_2kg,MASCALI Isidoro marco,SM,SSD NISSOLINO SPORT SRL ASU
568,829,46.47,,giavellotto_600g,RANDAZZO Margherita,SF,ASSINDUSTRIA SPORT
569,827,2852.24,,Marcia_10km,GRILLO Ettore,SM,ATLETICA FIRENZE MARATHON S.S.
570,827,46.68,,disco_1kg,BERGAMO Tare' miriam,PF,ASSINDUSTRIA SPORT
571,821,67.24,,400Hs_h76,FALLETI Benedetta,JF,ATLETICA CANAVESANA
572,821,13.8,,peso_4kg,PISTOLOZZI Greta,SF,C.U.S. PARMA
573,815,5.15,1.9,lungo,NALDI Elisa,SF,C.S. CARABINIERI SEZ. ATLETICA
574,815,46.58,,disco_2kg,LICINI Giacomo,SM,ATL. BERGAMO 1959 ORIOCENTER
575,809,13.6,,peso_4kg,PINTUS Elisa francesca,SF,BRACCO ATLETICA
576,801,3223.24,,Marcia_10km,PERULLO Sara,SF,ATLETICA CASCINA
577,801,2894.24,,Marcia_10km,IMPROTA Cristian,PM,ASD ATLETICA SPEZIA DUFERCO
578,799,3228.24,,Marcia_10km,BELLINI Vittoria,PF,ATL.LIBERTAS UNICUSANO LIVORNO
579,799,2897.24,,Marcia_10km,CIASCHETTI Federico,PM,POLISPORTIVA TETHYS CHIETI
580,791,51.17,,martello_4kg,ERCULIANI Elsa,PF,U.S. QUERCIA DAO CONAD
581,788,44.23,,giavellotto_600g,RUGGERI Gaia,SF,A.ATL. FABRIANO
582,785,44.92,,disco_2kg,EGHAREVBA Jamine,PM,SAFATLETICA PIEMONTE ASD
583,778,43.7,,giavellotto_600g,DOZIO Federica,PF,ATL. LECCO-COLOMBO COSTRUZ.
584,777,2934.24,,Marcia_10km,BRAGGIO Mattia,SM,ASD ATLETICA SPEZIA DUFERCO
585,773,3280.24,,Marcia_10km,VERTERAMO Chiara,SF,BATTAGLIO C.U.S. TORINO ATL
586,769,12.95,,peso_4kg,MADAM Danielle frederique,SF,A.S.D. ACSI ITALIA ATLETICA
587,751,12.66,,peso_4kg,MONTANARO Ludovica,SF,ASD ATLETICA GRAN SASSO TERAMO
588,750,42.46,,disco_1kg,VARRIALE Elena,SF,ATLETICA CASCINA
589,734,3007.24,,Marcia_10km,PONTRANDOLFO Vincenzo,SM45,AMATORI ATL. ACQUAVIVA
590,725,12.25,,peso_4kg,MANNIAS Pamela,SF45,C.U.S. CAGLIARI
591,716,3398.24,,Marcia_10km,BATTAGLIA Lucia,SF40,ACQUADELA ASD
592,611,3229.24,,Marcia_10km,TATINI Alessandro,PM,ATLETICA FIRENZE MARATHON S.S.
